0,3,OFPMatch(oxm_fields={}),0,0,0
1,3,OFPMatch(oxm_fields={'ip_proto': 17; 'udp_dst': 6789; 'eth_type': 2048}),0,0,0
2,3,OFPMatch(oxm_fields={'ip_proto': 17; 'udp_src': 2152; 'udp_dst': 2152; 'eth_type': 2048}),0,0,0
0,3,OFPMatch(oxm_fields={}),10,840,1
1,3,OFPMatch(oxm_fields={'ip_proto': 17; 'udp_dst': 6789; 'eth_type': 2048}),0,0,1
2,3,OFPMatch(oxm_fields={'ip_proto': 17; 'udp_src': 2152; 'udp_dst': 2152; 'eth_type': 2048}),0,0,1
0,3,OFPMatch(oxm_fields={}),46,5239,2
1,3,OFPMatch(oxm_fields={'ip_proto': 17; 'udp_dst': 6789; 'eth_type': 2048}),0,0,2
2,3,OFPMatch(oxm_fields={'ip_proto': 17; 'udp_src': 2152; 'udp_dst': 2152; 'eth_type': 2048}),0,0,2
0,3,OFPMatch(oxm_fields={}),62,8084,3
1,3,OFPMatch(oxm_fields={'ip_proto': 17; 'udp_dst': 6789; 'eth_type': 2048}),0,0,3
2,3,OFPMatch(oxm_fields={'ip_proto': 17; 'udp_src': 2152; 'udp_dst': 2152; 'eth_type': 2048}),0,0,3
0,3,OFPMatch(oxm_fields={}),65,8797,4
1,3,OFPMatch(oxm_fields={'ip_proto': 17; 'udp_dst': 6789; 'eth_type': 2048}),0,0,4
2,3,OFPMatch(oxm_fields={'ip_proto': 17; 'udp_src': 2152; 'udp_dst': 2152; 'eth_type': 2048}),0,0,4
0,3,OFPMatch(oxm_fields={}),74,10043,5
1,3,OFPMatch(oxm_fields={'ip_proto': 17; 'udp_dst': 6789; 'eth_type': 2048}),0,0,5
2,3,OFPMatch(oxm_fields={'ip_proto': 17; 'udp_src': 2152; 'udp_dst': 2152; 'eth_type': 2048}),0,0,5
0,3,OFPMatch(oxm_fields={}),80,10696,6
1,3,OFPMatch(oxm_fields={'ip_proto': 17; 'udp_dst': 6789; 'eth_type': 2048}),0,0,6
2,3,OFPMatch(oxm_fields={'ip_proto': 17; 'udp_src': 2152; 'udp_dst': 2152; 'eth_type': 2048}),0,0,6
0,3,OFPMatch(oxm_fields={}),81,11038,7
1,3,OFPMatch(oxm_fields={'ip_proto': 17; 'udp_dst': 6789; 'eth_type': 2048}),0,0,7
2,3,OFPMatch(oxm_fields={'ip_proto': 17; 'udp_src': 2152; 'udp_dst': 2152; 'eth_type': 2048}),0,0,7
0,3,OFPMatch(oxm_fields={}),82,11145,8
1,3,OFPMatch(oxm_fields={'ip_proto': 17; 'udp_dst': 6789; 'eth_type': 2048}),0,0,8
2,3,OFPMatch(oxm_fields={'ip_proto': 17; 'udp_src': 2152; 'udp_dst': 2152; 'eth_type': 2048}),0,0,8
0,3,OFPMatch(oxm_fields={}),85,11392,9
1,3,OFPMatch(oxm_fields={'ip_proto': 17; 'udp_dst': 6789; 'eth_type': 2048}),0,0,9
2,3,OFPMatch(oxm_fields={'ip_proto': 17; 'udp_src': 2152; 'udp_dst': 2152; 'eth_type': 2048}),0,0,9
0,3,OFPMatch(oxm_fields={}),94,12294,10
1,3,OFPMatch(oxm_fields={'ip_proto': 17; 'udp_dst': 6789; 'eth_type': 2048}),0,0,10
2,3,OFPMatch(oxm_fields={'ip_proto': 17; 'udp_src': 2152; 'udp_dst': 2152; 'eth_type': 2048}),0,0,10
0,3,OFPMatch(oxm_fields={}),95,12636,11
1,3,OFPMatch(oxm_fields={'ip_proto': 17; 'udp_dst': 6789; 'eth_type': 2048}),0,0,11
2,3,OFPMatch(oxm_fields={'ip_proto': 17; 'udp_src': 2152; 'udp_dst': 2152; 'eth_type': 2048}),0,0,11
0,3,OFPMatch(oxm_fields={}),95,12636,12
1,3,OFPMatch(oxm_fields={'ip_proto': 17; 'udp_dst': 6789; 'eth_type': 2048}),0,0,12
2,3,OFPMatch(oxm_fields={'ip_proto': 17; 'udp_src': 2152; 'udp_dst': 2152; 'eth_type': 2048}),0,0,12
0,3,OFPMatch(oxm_fields={}),95,12636,13
1,3,OFPMatch(oxm_fields={'ip_proto': 17; 'udp_dst': 6789; 'eth_type': 2048}),0,0,13
2,3,OFPMatch(oxm_fields={'ip_proto': 17; 'udp_src': 2152; 'udp_dst': 2152; 'eth_type': 2048}),0,0,13
0,3,OFPMatch(oxm_fields={}),95,12636,14
1,3,OFPMatch(oxm_fields={'ip_proto': 17; 'udp_dst': 6789; 'eth_type': 2048}),0,0,14
2,3,OFPMatch(oxm_fields={'ip_proto': 17; 'udp_src': 2152; 'udp_dst': 2152; 'eth_type': 2048}),0,0,14
0,3,OFPMatch(oxm_fields={}),95,12636,15
1,3,OFPMatch(oxm_fields={'ip_proto': 17; 'udp_dst': 6789; 'eth_type': 2048}),0,0,15
2,3,OFPMatch(oxm_fields={'ip_proto': 17; 'udp_src': 2152; 'udp_dst': 2152; 'eth_type': 2048}),0,0,15
0,3,OFPMatch(oxm_fields={}),97,13085,16
1,3,OFPMatch(oxm_fields={'ip_proto': 17; 'udp_dst': 6789; 'eth_type': 2048}),0,0,16
2,3,OFPMatch(oxm_fields={'ip_proto': 17; 'udp_src': 2152; 'udp_dst': 2152; 'eth_type': 2048}),0,0,16
0,3,OFPMatch(oxm_fields={}),98,13192,17
1,3,OFPMatch(oxm_fields={'ip_proto': 17; 'udp_dst': 6789; 'eth_type': 2048}),0,0,17
2,3,OFPMatch(oxm_fields={'ip_proto': 17; 'udp_src': 2152; 'udp_dst': 2152; 'eth_type': 2048}),0,0,17
0,3,OFPMatch(oxm_fields={}),98,13192,18
1,3,OFPMatch(oxm_fields={'ip_proto': 17; 'udp_dst': 6789; 'eth_type': 2048}),0,0,18
2,3,OFPMatch(oxm_fields={'ip_proto': 17; 'udp_src': 2152; 'udp_dst': 2152; 'eth_type': 2048}),0,0,18
0,3,OFPMatch(oxm_fields={}),99,13534,19
1,3,OFPMatch(oxm_fields={'ip_proto': 17; 'udp_dst': 6789; 'eth_type': 2048}),0,0,19
2,3,OFPMatch(oxm_fields={'ip_proto': 17; 'udp_src': 2152; 'udp_dst': 2152; 'eth_type': 2048}),0,0,19
0,3,OFPMatch(oxm_fields={}),99,13534,20
1,3,OFPMatch(oxm_fields={'ip_proto': 17; 'udp_dst': 6789; 'eth_type': 2048}),0,0,20
2,3,OFPMatch(oxm_fields={'ip_proto': 17; 'udp_src': 2152; 'udp_dst': 2152; 'eth_type': 2048}),0,0,20
0,3,OFPMatch(oxm_fields={}),99,13534,21
1,3,OFPMatch(oxm_fields={'ip_proto': 17; 'udp_dst': 6789; 'eth_type': 2048}),0,0,21
2,3,OFPMatch(oxm_fields={'ip_proto': 17; 'udp_src': 2152; 'udp_dst': 2152; 'eth_type': 2048}),0,0,21
0,3,OFPMatch(oxm_fields={}),100,13876,22
1,3,OFPMatch(oxm_fields={'ip_proto': 17; 'udp_dst': 6789; 'eth_type': 2048}),0,0,22
2,3,OFPMatch(oxm_fields={'ip_proto': 17; 'udp_src': 2152; 'udp_dst': 2152; 'eth_type': 2048}),0,0,22
0,3,OFPMatch(oxm_fields={}),100,13876,23
1,3,OFPMatch(oxm_fields={'ip_proto': 17; 'udp_dst': 6789; 'eth_type': 2048}),0,0,23
2,3,OFPMatch(oxm_fields={'ip_proto': 17; 'udp_src': 2152; 'udp_dst': 2152; 'eth_type': 2048}),0,0,23
0,3,OFPMatch(oxm_fields={}),100,13876,24
1,3,OFPMatch(oxm_fields={'ip_proto': 17; 'udp_dst': 6789; 'eth_type': 2048}),0,0,24
2,3,OFPMatch(oxm_fields={'ip_proto': 17; 'udp_src': 2152; 'udp_dst': 2152; 'eth_type': 2048}),0,0,24
0,3,OFPMatch(oxm_fields={}),100,13876,25
1,3,OFPMatch(oxm_fields={'ip_proto': 17; 'udp_dst': 6789; 'eth_type': 2048}),0,0,25
2,3,OFPMatch(oxm_fields={'ip_proto': 17; 'udp_src': 2152; 'udp_dst': 2152; 'eth_type': 2048}),0,0,25
0,3,OFPMatch(oxm_fields={}),100,13876,26
1,3,OFPMatch(oxm_fields={'ip_proto': 17; 'udp_dst': 6789; 'eth_type': 2048}),0,0,26
2,3,OFPMatch(oxm_fields={'ip_proto': 17; 'udp_src': 2152; 'udp_dst': 2152; 'eth_type': 2048}),0,0,26
0,3,OFPMatch(oxm_fields={}),100,13876,27
1,3,OFPMatch(oxm_fields={'ip_proto': 17; 'udp_dst': 6789; 'eth_type': 2048}),0,0,27
2,3,OFPMatch(oxm_fields={'ip_proto': 17; 'udp_src': 2152; 'udp_dst': 2152; 'eth_type': 2048}),0,0,27
0,3,OFPMatch(oxm_fields={}),100,13876,28
1,3,OFPMatch(oxm_fields={'ip_proto': 17; 'udp_dst': 6789; 'eth_type': 2048}),0,0,28
2,3,OFPMatch(oxm_fields={'ip_proto': 17; 'udp_src': 2152; 'udp_dst': 2152; 'eth_type': 2048}),0,0,28
0,3,OFPMatch(oxm_fields={}),100,13876,29
1,3,OFPMatch(oxm_fields={'ip_proto': 17; 'udp_dst': 6789; 'eth_type': 2048}),0,0,29
2,3,OFPMatch(oxm_fields={'ip_proto': 17; 'udp_src': 2152; 'udp_dst': 2152; 'eth_type': 2048}),0,0,29
0,3,OFPMatch(oxm_fields={}),100,13876,30
1,3,OFPMatch(oxm_fields={'ip_proto': 17; 'udp_dst': 6789; 'eth_type': 2048}),0,0,30
2,3,OFPMatch(oxm_fields={'ip_proto': 17; 'udp_src': 2152; 'udp_dst': 2152; 'eth_type': 2048}),0,0,30
0,3,OFPMatch(oxm_fields={}),102,14560,31
1,3,OFPMatch(oxm_fields={'ip_proto': 17; 'udp_dst': 6789; 'eth_type': 2048}),0,0,31
2,3,OFPMatch(oxm_fields={'ip_proto': 17; 'udp_src': 2152; 'udp_dst': 2152; 'eth_type': 2048}),0,0,31
0,3,OFPMatch(oxm_fields={}),103,14667,32
1,3,OFPMatch(oxm_fields={'ip_proto': 17; 'udp_dst': 6789; 'eth_type': 2048}),0,0,32
2,3,OFPMatch(oxm_fields={'ip_proto': 17; 'udp_src': 2152; 'udp_dst': 2152; 'eth_type': 2048}),0,0,32
0,3,OFPMatch(oxm_fields={}),104,14774,33
1,3,OFPMatch(oxm_fields={'ip_proto': 17; 'udp_dst': 6789; 'eth_type': 2048}),0,0,33
2,3,OFPMatch(oxm_fields={'ip_proto': 17; 'udp_src': 2152; 'udp_dst': 2152; 'eth_type': 2048}),0,0,33
0,3,OFPMatch(oxm_fields={}),104,14774,34
1,3,OFPMatch(oxm_fields={'ip_proto': 17; 'udp_dst': 6789; 'eth_type': 2048}),0,0,34
2,3,OFPMatch(oxm_fields={'ip_proto': 17; 'udp_src': 2152; 'udp_dst': 2152; 'eth_type': 2048}),0,0,34
0,3,OFPMatch(oxm_fields={}),104,14774,35
1,3,OFPMatch(oxm_fields={'ip_proto': 17; 'udp_dst': 6789; 'eth_type': 2048}),0,0,35
2,3,OFPMatch(oxm_fields={'ip_proto': 17; 'udp_src': 2152; 'udp_dst': 2152; 'eth_type': 2048}),0,0,35
0,3,OFPMatch(oxm_fields={}),104,14774,36
1,3,OFPMatch(oxm_fields={'ip_proto': 17; 'udp_dst': 6789; 'eth_type': 2048}),0,0,36
2,3,OFPMatch(oxm_fields={'ip_proto': 17; 'udp_src': 2152; 'udp_dst': 2152; 'eth_type': 2048}),0,0,36
0,3,OFPMatch(oxm_fields={}),104,14774,37
1,3,OFPMatch(oxm_fields={'ip_proto': 17; 'udp_dst': 6789; 'eth_type': 2048}),0,0,37
2,3,OFPMatch(oxm_fields={'ip_proto': 17; 'udp_src': 2152; 'udp_dst': 2152; 'eth_type': 2048}),0,0,37
0,3,OFPMatch(oxm_fields={}),104,14774,38
1,3,OFPMatch(oxm_fields={'ip_proto': 17; 'udp_dst': 6789; 'eth_type': 2048}),0,0,38
2,3,OFPMatch(oxm_fields={'ip_proto': 17; 'udp_src': 2152; 'udp_dst': 2152; 'eth_type': 2048}),0,0,38
0,3,OFPMatch(oxm_fields={}),104,14774,39
1,3,OFPMatch(oxm_fields={'ip_proto': 17; 'udp_dst': 6789; 'eth_type': 2048}),0,0,39
2,3,OFPMatch(oxm_fields={'ip_proto': 17; 'udp_src': 2152; 'udp_dst': 2152; 'eth_type': 2048}),0,0,39
0,3,OFPMatch(oxm_fields={}),104,14774,40
1,3,OFPMatch(oxm_fields={'ip_proto': 17; 'udp_dst': 6789; 'eth_type': 2048}),0,0,40
2,3,OFPMatch(oxm_fields={'ip_proto': 17; 'udp_src': 2152; 'udp_dst': 2152; 'eth_type': 2048}),0,0,40
0,3,OFPMatch(oxm_fields={}),104,14774,41
1,3,OFPMatch(oxm_fields={'ip_proto': 17; 'udp_dst': 6789; 'eth_type': 2048}),0,0,41
2,3,OFPMatch(oxm_fields={'ip_proto': 17; 'udp_src': 2152; 'udp_dst': 2152; 'eth_type': 2048}),0,0,41
0,3,OFPMatch(oxm_fields={}),105,15116,42
1,3,OFPMatch(oxm_fields={'ip_proto': 17; 'udp_dst': 6789; 'eth_type': 2048}),0,0,42
2,3,OFPMatch(oxm_fields={'ip_proto': 17; 'udp_src': 2152; 'udp_dst': 2152; 'eth_type': 2048}),0,0,42
0,3,OFPMatch(oxm_fields={}),105,15116,43
1,3,OFPMatch(oxm_fields={'ip_proto': 17; 'udp_dst': 6789; 'eth_type': 2048}),0,0,43
2,3,OFPMatch(oxm_fields={'ip_proto': 17; 'udp_src': 2152; 'udp_dst': 2152; 'eth_type': 2048}),0,0,43
0,3,OFPMatch(oxm_fields={}),105,15116,44
1,3,OFPMatch(oxm_fields={'ip_proto': 17; 'udp_dst': 6789; 'eth_type': 2048}),0,0,44
2,3,OFPMatch(oxm_fields={'ip_proto': 17; 'udp_src': 2152; 'udp_dst': 2152; 'eth_type': 2048}),0,0,44
0,3,OFPMatch(oxm_fields={}),105,15116,45
1,3,OFPMatch(oxm_fields={'ip_proto': 17; 'udp_dst': 6789; 'eth_type': 2048}),0,0,45
2,3,OFPMatch(oxm_fields={'ip_proto': 17; 'udp_src': 2152; 'udp_dst': 2152; 'eth_type': 2048}),0,0,45
0,3,OFPMatch(oxm_fields={}),105,15116,46
1,3,OFPMatch(oxm_fields={'ip_proto': 17; 'udp_dst': 6789; 'eth_type': 2048}),0,0,46
2,3,OFPMatch(oxm_fields={'ip_proto': 17; 'udp_src': 2152; 'udp_dst': 2152; 'eth_type': 2048}),0,0,46
0,3,OFPMatch(oxm_fields={}),105,15116,47
1,3,OFPMatch(oxm_fields={'ip_proto': 17; 'udp_dst': 6789; 'eth_type': 2048}),0,0,47
2,3,OFPMatch(oxm_fields={'ip_proto': 17; 'udp_src': 2152; 'udp_dst': 2152; 'eth_type': 2048}),0,0,47
0,3,OFPMatch(oxm_fields={}),105,15116,48
1,3,OFPMatch(oxm_fields={'ip_proto': 17; 'udp_dst': 6789; 'eth_type': 2048}),0,0,48
2,3,OFPMatch(oxm_fields={'ip_proto': 17; 'udp_src': 2152; 'udp_dst': 2152; 'eth_type': 2048}),0,0,48
0,3,OFPMatch(oxm_fields={}),105,15116,49
1,3,OFPMatch(oxm_fields={'ip_proto': 17; 'udp_dst': 6789; 'eth_type': 2048}),0,0,49
2,3,OFPMatch(oxm_fields={'ip_proto': 17; 'udp_src': 2152; 'udp_dst': 2152; 'eth_type': 2048}),0,0,49
0,3,OFPMatch(oxm_fields={}),112,16286,50
1,3,OFPMatch(oxm_fields={'ip_proto': 17; 'udp_dst': 6789; 'eth_type': 2048}),0,0,50
2,3,OFPMatch(oxm_fields={'ip_proto': 17; 'udp_src': 2152; 'udp_dst': 2152; 'eth_type': 2048}),0,0,50
0,3,OFPMatch(oxm_fields={}),130,19034,51
1,3,OFPMatch(oxm_fields={'ip_proto': 17; 'udp_dst': 6789; 'eth_type': 2048}),0,0,51
2,3,OFPMatch(oxm_fields={'ip_proto': 17; 'udp_src': 2152; 'udp_dst': 2152; 'eth_type': 2048}),0,0,51
0,3,OFPMatch(oxm_fields={}),140,21434,52
1,3,OFPMatch(oxm_fields={'ip_proto': 17; 'udp_dst': 6789; 'eth_type': 2048}),0,0,52
2,3,OFPMatch(oxm_fields={'ip_proto': 17; 'udp_src': 2152; 'udp_dst': 2152; 'eth_type': 2048}),0,0,52
0,3,OFPMatch(oxm_fields={}),143,22382,53
1,3,OFPMatch(oxm_fields={'ip_proto': 17; 'udp_dst': 6789; 'eth_type': 2048}),0,0,53
2,3,OFPMatch(oxm_fields={'ip_proto': 17; 'udp_src': 2152; 'udp_dst': 2152; 'eth_type': 2048}),0,0,53
0,3,OFPMatch(oxm_fields={}),145,22596,54
1,3,OFPMatch(oxm_fields={'ip_proto': 17; 'udp_dst': 6789; 'eth_type': 2048}),0,0,54
2,3,OFPMatch(oxm_fields={'ip_proto': 17; 'udp_src': 2152; 'udp_dst': 2152; 'eth_type': 2048}),0,0,54
0,3,OFPMatch(oxm_fields={}),151,23828,55
1,3,OFPMatch(oxm_fields={'ip_proto': 17; 'udp_dst': 6789; 'eth_type': 2048}),0,0,55
2,3,OFPMatch(oxm_fields={'ip_proto': 17; 'udp_src': 2152; 'udp_dst': 2152; 'eth_type': 2048}),0,0,55
0,3,OFPMatch(oxm_fields={}),152,24170,56
1,3,OFPMatch(oxm_fields={'ip_proto': 17; 'udp_dst': 6789; 'eth_type': 2048}),0,0,56
2,3,OFPMatch(oxm_fields={'ip_proto': 17; 'udp_src': 2152; 'udp_dst': 2152; 'eth_type': 2048}),0,0,56
0,3,OFPMatch(oxm_fields={}),152,24170,57
1,3,OFPMatch(oxm_fields={'ip_proto': 17; 'udp_dst': 6789; 'eth_type': 2048}),0,0,57
2,3,OFPMatch(oxm_fields={'ip_proto': 17; 'udp_src': 2152; 'udp_dst': 2152; 'eth_type': 2048}),0,0,57
0,3,OFPMatch(oxm_fields={}),154,24384,58
1,3,OFPMatch(oxm_fields={'ip_proto': 17; 'udp_dst': 6789; 'eth_type': 2048}),0,0,58
2,3,OFPMatch(oxm_fields={'ip_proto': 17; 'udp_src': 2152; 'udp_dst': 2152; 'eth_type': 2048}),0,0,58
3,3,OFPMatch(oxm_fields={'eth_dst': '00:00:00:00:00:01'; 'in_port': 2}),2,116,59
4,3,OFPMatch(oxm_fields={'eth_dst': '00:00:00:00:00:03'; 'in_port': 3}),44,2888,59
5,3,OFPMatch(oxm_fields={'eth_dst': '00:00:00:00:00:03'; 'in_port': 1}),2,140,59
6,3,OFPMatch(oxm_fields={'eth_dst': '00:00:00:00:00:04'; 'in_port': 2}),43,114366,59
0,3,OFPMatch(oxm_fields={}),163,24882,59
1,3,OFPMatch(oxm_fields={'ip_proto': 17; 'udp_dst': 6789; 'eth_type': 2048}),0,0,59
2,3,OFPMatch(oxm_fields={'ip_proto': 17; 'udp_src': 2152; 'udp_dst': 2152; 'eth_type': 2048}),0,0,59
3,3,OFPMatch(oxm_fields={'eth_dst': '00:00:00:00:00:01'; 'in_port': 2}),37,8698,60
4,3,OFPMatch(oxm_fields={'eth_dst': '00:00:00:00:00:03'; 'in_port': 3}),454,29948,60
5,3,OFPMatch(oxm_fields={'eth_dst': '00:00:00:00:00:03'; 'in_port': 1}),41,4722,60
6,3,OFPMatch(oxm_fields={'eth_dst': '00:00:00:00:00:04'; 'in_port': 2}),453,1328786,60
0,3,OFPMatch(oxm_fields={}),164,25224,60
1,3,OFPMatch(oxm_fields={'ip_proto': 17; 'udp_dst': 6789; 'eth_type': 2048}),0,0,60
2,3,OFPMatch(oxm_fields={'ip_proto': 17; 'udp_src': 2152; 'udp_dst': 2152; 'eth_type': 2048}),0,0,60
3,3,OFPMatch(oxm_fields={'eth_dst': '00:00:00:00:00:01'; 'in_port': 2}),62,14828,61
4,3,OFPMatch(oxm_fields={'eth_dst': '00:00:00:00:00:03'; 'in_port': 3}),865,57074,61
5,3,OFPMatch(oxm_fields={'eth_dst': '00:00:00:00:00:03'; 'in_port': 1}),71,7962,61
6,3,OFPMatch(oxm_fields={'eth_dst': '00:00:00:00:00:04'; 'in_port': 2}),865,2549130,61
0,3,OFPMatch(oxm_fields={}),164,25224,61
1,3,OFPMatch(oxm_fields={'ip_proto': 17; 'udp_dst': 6789; 'eth_type': 2048}),0,0,61
2,3,OFPMatch(oxm_fields={'ip_proto': 17; 'udp_src': 2152; 'udp_dst': 2152; 'eth_type': 2048}),0,0,61
3,3,OFPMatch(oxm_fields={'eth_dst': '00:00:00:00:00:01'; 'in_port': 2}),87,20958,62
4,3,OFPMatch(oxm_fields={'eth_dst': '00:00:00:00:00:03'; 'in_port': 3}),1277,84266,62
5,3,OFPMatch(oxm_fields={'eth_dst': '00:00:00:00:00:03'; 'in_port': 1}),97,10938,62
6,3,OFPMatch(oxm_fields={'eth_dst': '00:00:00:00:00:04'; 'in_port': 2}),1276,3766512,62
0,3,OFPMatch(oxm_fields={}),164,25224,62
1,3,OFPMatch(oxm_fields={'ip_proto': 17; 'udp_dst': 6789; 'eth_type': 2048}),0,0,62
2,3,OFPMatch(oxm_fields={'ip_proto': 17; 'udp_src': 2152; 'udp_dst': 2152; 'eth_type': 2048}),0,0,62
3,3,OFPMatch(oxm_fields={'eth_dst': '00:00:00:00:00:01'; 'in_port': 2}),112,27088,63
4,3,OFPMatch(oxm_fields={'eth_dst': '00:00:00:00:00:03'; 'in_port': 3}),1688,111392,63
5,3,OFPMatch(oxm_fields={'eth_dst': '00:00:00:00:00:03'; 'in_port': 1}),122,13848,63
6,3,OFPMatch(oxm_fields={'eth_dst': '00:00:00:00:00:04'; 'in_port': 2}),1687,4983894,63
0,3,OFPMatch(oxm_fields={}),164,25224,63
1,3,OFPMatch(oxm_fields={'ip_proto': 17; 'udp_dst': 6789; 'eth_type': 2048}),0,0,63
2,3,OFPMatch(oxm_fields={'ip_proto': 17; 'udp_src': 2152; 'udp_dst': 2152; 'eth_type': 2048}),0,0,63
3,3,OFPMatch(oxm_fields={'eth_dst': '00:00:00:00:00:01'; 'in_port': 2}),137,33218,64
4,3,OFPMatch(oxm_fields={'eth_dst': '00:00:00:00:00:03'; 'in_port': 3}),2101,138626,64
5,3,OFPMatch(oxm_fields={'eth_dst': '00:00:00:00:00:03'; 'in_port': 1}),149,16890,64
6,3,OFPMatch(oxm_fields={'eth_dst': '00:00:00:00:00:04'; 'in_port': 2}),2100,6204280,64
0,3,OFPMatch(oxm_fields={}),164,25224,64
1,3,OFPMatch(oxm_fields={'ip_proto': 17; 'udp_dst': 6789; 'eth_type': 2048}),0,0,64
2,3,OFPMatch(oxm_fields={'ip_proto': 17; 'udp_src': 2152; 'udp_dst': 2152; 'eth_type': 2048}),0,0,64
3,3,OFPMatch(oxm_fields={'eth_dst': '00:00:00:00:00:01'; 'in_port': 2}),161,39274,65
4,3,OFPMatch(oxm_fields={'eth_dst': '00:00:00:00:00:03'; 'in_port': 3}),2512,165752,65
5,3,OFPMatch(oxm_fields={'eth_dst': '00:00:00:00:00:03'; 'in_port': 1}),173,19490,65
6,3,OFPMatch(oxm_fields={'eth_dst': '00:00:00:00:00:04'; 'in_port': 2}),2511,7421662,65
0,3,OFPMatch(oxm_fields={}),164,25224,65
1,3,OFPMatch(oxm_fields={'ip_proto': 17; 'udp_dst': 6789; 'eth_type': 2048}),0,0,65
2,3,OFPMatch(oxm_fields={'ip_proto': 17; 'udp_src': 2152; 'udp_dst': 2152; 'eth_type': 2048}),0,0,65
3,3,OFPMatch(oxm_fields={'eth_dst': '00:00:00:00:00:01'; 'in_port': 2}),186,45404,66
4,3,OFPMatch(oxm_fields={'eth_dst': '00:00:00:00:00:03'; 'in_port': 3}),2923,192878,66
5,3,OFPMatch(oxm_fields={'eth_dst': '00:00:00:00:00:03'; 'in_port': 1}),201,22598,66
6,3,OFPMatch(oxm_fields={'eth_dst': '00:00:00:00:00:04'; 'in_port': 2}),2922,8639044,66
0,3,OFPMatch(oxm_fields={}),166,25438,66
1,3,OFPMatch(oxm_fields={'ip_proto': 17; 'udp_dst': 6789; 'eth_type': 2048}),0,0,66
2,3,OFPMatch(oxm_fields={'ip_proto': 17; 'udp_src': 2152; 'udp_dst': 2152; 'eth_type': 2048}),0,0,66
3,3,OFPMatch(oxm_fields={'eth_dst': '00:00:00:00:00:01'; 'in_port': 2}),210,51468,67
4,3,OFPMatch(oxm_fields={'eth_dst': '00:00:00:00:00:03'; 'in_port': 3}),3335,220070,67
5,3,OFPMatch(oxm_fields={'eth_dst': '00:00:00:00:00:03'; 'in_port': 1}),229,25706,67
6,3,OFPMatch(oxm_fields={'eth_dst': '00:00:00:00:00:04'; 'in_port': 2}),3334,9859388,67
0,3,OFPMatch(oxm_fields={}),167,25780,67
1,3,OFPMatch(oxm_fields={'ip_proto': 17; 'udp_dst': 6789; 'eth_type': 2048}),0,0,67
2,3,OFPMatch(oxm_fields={'ip_proto': 17; 'udp_src': 2152; 'udp_dst': 2152; 'eth_type': 2048}),0,0,67
3,3,OFPMatch(oxm_fields={'eth_dst': '00:00:00:00:00:01'; 'in_port': 2}),232,56512,68
4,3,OFPMatch(oxm_fields={'eth_dst': '00:00:00:00:00:03'; 'in_port': 3}),3747,247262,68
5,3,OFPMatch(oxm_fields={'eth_dst': '00:00:00:00:00:03'; 'in_port': 1}),252,28476,68
6,3,OFPMatch(oxm_fields={'eth_dst': '00:00:00:00:00:04'; 'in_port': 2}),3746,11079732,68
0,3,OFPMatch(oxm_fields={}),168,26122,68
1,3,OFPMatch(oxm_fields={'ip_proto': 17; 'udp_dst': 6789; 'eth_type': 2048}),0,0,68
2,3,OFPMatch(oxm_fields={'ip_proto': 17; 'udp_src': 2152; 'udp_dst': 2152; 'eth_type': 2048}),0,0,68
3,3,OFPMatch(oxm_fields={'eth_dst': '00:00:00:00:00:01'; 'in_port': 2}),257,62642,69
4,3,OFPMatch(oxm_fields={'eth_dst': '00:00:00:00:00:03'; 'in_port': 3}),4158,274388,69
5,3,OFPMatch(oxm_fields={'eth_dst': '00:00:00:00:00:03'; 'in_port': 1}),280,31584,69
6,3,OFPMatch(oxm_fields={'eth_dst': '00:00:00:00:00:04'; 'in_port': 2}),4158,12300076,69
0,3,OFPMatch(oxm_fields={}),168,26122,69
1,3,OFPMatch(oxm_fields={'ip_proto': 17; 'udp_dst': 6789; 'eth_type': 2048}),0,0,69
2,3,OFPMatch(oxm_fields={'ip_proto': 17; 'udp_src': 2152; 'udp_dst': 2152; 'eth_type': 2048}),0,0,69
3,3,OFPMatch(oxm_fields={'eth_dst': '00:00:00:00:00:01'; 'in_port': 2}),282,68772,70
4,3,OFPMatch(oxm_fields={'eth_dst': '00:00:00:00:00:03'; 'in_port': 3}),4569,301514,70
5,3,OFPMatch(oxm_fields={'eth_dst': '00:00:00:00:00:03'; 'in_port': 1}),309,34758,70
6,3,OFPMatch(oxm_fields={'eth_dst': '00:00:00:00:00:04'; 'in_port': 2}),4568,13514496,70
0,3,OFPMatch(oxm_fields={}),168,26122,70
1,3,OFPMatch(oxm_fields={'ip_proto': 17; 'udp_dst': 6789; 'eth_type': 2048}),0,0,70
2,3,OFPMatch(oxm_fields={'ip_proto': 17; 'udp_src': 2152; 'udp_dst': 2152; 'eth_type': 2048}),0,0,70
3,3,OFPMatch(oxm_fields={'eth_dst': '00:00:00:00:00:01'; 'in_port': 2}),307,74902,71
4,3,OFPMatch(oxm_fields={'eth_dst': '00:00:00:00:00:03'; 'in_port': 3}),4981,328706,71
5,3,OFPMatch(oxm_fields={'eth_dst': '00:00:00:00:00:03'; 'in_port': 1}),336,37800,71
6,3,OFPMatch(oxm_fields={'eth_dst': '00:00:00:00:00:04'; 'in_port': 2}),4980,14734840,71
0,3,OFPMatch(oxm_fields={}),168,26122,71
1,3,OFPMatch(oxm_fields={'ip_proto': 17; 'udp_dst': 6789; 'eth_type': 2048}),0,0,71
2,3,OFPMatch(oxm_fields={'ip_proto': 17; 'udp_src': 2152; 'udp_dst': 2152; 'eth_type': 2048}),0,0,71
3,3,OFPMatch(oxm_fields={'eth_dst': '00:00:00:00:00:01'; 'in_port': 2}),332,81032,72
4,3,OFPMatch(oxm_fields={'eth_dst': '00:00:00:00:00:03'; 'in_port': 3}),5392,355832,72
5,3,OFPMatch(oxm_fields={'eth_dst': '00:00:00:00:00:03'; 'in_port': 1}),362,40776,72
6,3,OFPMatch(oxm_fields={'eth_dst': '00:00:00:00:00:04'; 'in_port': 2}),5392,15955184,72
0,3,OFPMatch(oxm_fields={}),168,26122,72
1,3,OFPMatch(oxm_fields={'ip_proto': 17; 'udp_dst': 6789; 'eth_type': 2048}),0,0,72
2,3,OFPMatch(oxm_fields={'ip_proto': 17; 'udp_src': 2152; 'udp_dst': 2152; 'eth_type': 2048}),0,0,72
3,3,OFPMatch(oxm_fields={'eth_dst': '00:00:00:00:00:01'; 'in_port': 2}),357,87162,73
4,3,OFPMatch(oxm_fields={'eth_dst': '00:00:00:00:00:03'; 'in_port': 3}),5804,383024,73
5,3,OFPMatch(oxm_fields={'eth_dst': '00:00:00:00:00:03'; 'in_port': 1}),389,43818,73
6,3,OFPMatch(oxm_fields={'eth_dst': '00:00:00:00:00:04'; 'in_port': 2}),5804,17175528,73
0,3,OFPMatch(oxm_fields={}),168,26122,73
1,3,OFPMatch(oxm_fields={'ip_proto': 17; 'udp_dst': 6789; 'eth_type': 2048}),0,0,73
2,3,OFPMatch(oxm_fields={'ip_proto': 17; 'udp_src': 2152; 'udp_dst': 2152; 'eth_type': 2048}),0,0,73
3,3,OFPMatch(oxm_fields={'eth_dst': '00:00:00:00:00:01'; 'in_port': 2}),382,93292,74
4,3,OFPMatch(oxm_fields={'eth_dst': '00:00:00:00:00:03'; 'in_port': 3}),6216,410216,74
5,3,OFPMatch(oxm_fields={'eth_dst': '00:00:00:00:00:03'; 'in_port': 1}),416,46860,74
6,3,OFPMatch(oxm_fields={'eth_dst': '00:00:00:00:00:04'; 'in_port': 2}),6215,18392910,74
0,3,OFPMatch(oxm_fields={}),168,26122,74
1,3,OFPMatch(oxm_fields={'ip_proto': 17; 'udp_dst': 6789; 'eth_type': 2048}),0,0,74
2,3,OFPMatch(oxm_fields={'ip_proto': 17; 'udp_src': 2152; 'udp_dst': 2152; 'eth_type': 2048}),0,0,74
3,3,OFPMatch(oxm_fields={'eth_dst': '00:00:00:00:00:01'; 'in_port': 2}),406,99348,75
4,3,OFPMatch(oxm_fields={'eth_dst': '00:00:00:00:00:03'; 'in_port': 3}),6628,437408,75
5,3,OFPMatch(oxm_fields={'eth_dst': '00:00:00:00:00:03'; 'in_port': 1}),440,49460,75
6,3,OFPMatch(oxm_fields={'eth_dst': '00:00:00:00:00:04'; 'in_port': 2}),6627,19613254,75
0,3,OFPMatch(oxm_fields={}),168,26122,75
1,3,OFPMatch(oxm_fields={'ip_proto': 17; 'udp_dst': 6789; 'eth_type': 2048}),0,0,75
2,3,OFPMatch(oxm_fields={'ip_proto': 17; 'udp_src': 2152; 'udp_dst': 2152; 'eth_type': 2048}),0,0,75
3,3,OFPMatch(oxm_fields={'eth_dst': '00:00:00:00:00:01'; 'in_port': 2}),432,105552,76
4,3,OFPMatch(oxm_fields={'eth_dst': '00:00:00:00:00:03'; 'in_port': 3}),7039,464534,76
5,3,OFPMatch(oxm_fields={'eth_dst': '00:00:00:00:00:03'; 'in_port': 1}),471,53010,76
6,3,OFPMatch(oxm_fields={'eth_dst': '00:00:00:00:00:04'; 'in_port': 2}),7038,20830636,76
0,3,OFPMatch(oxm_fields={}),168,26122,76
1,3,OFPMatch(oxm_fields={'ip_proto': 17; 'udp_dst': 6789; 'eth_type': 2048}),0,0,76
2,3,OFPMatch(oxm_fields={'ip_proto': 17; 'udp_src': 2152; 'udp_dst': 2152; 'eth_type': 2048}),0,0,76
3,3,OFPMatch(oxm_fields={'eth_dst': '00:00:00:00:00:01'; 'in_port': 2}),456,111608,77
4,3,OFPMatch(oxm_fields={'eth_dst': '00:00:00:00:00:03'; 'in_port': 3}),7450,491660,77
5,3,OFPMatch(oxm_fields={'eth_dst': '00:00:00:00:00:03'; 'in_port': 1}),494,55544,77
6,3,OFPMatch(oxm_fields={'eth_dst': '00:00:00:00:00:04'; 'in_port': 2}),7450,22050980,77
0,3,OFPMatch(oxm_fields={}),169,26464,77
1,3,OFPMatch(oxm_fields={'ip_proto': 17; 'udp_dst': 6789; 'eth_type': 2048}),0,0,77
2,3,OFPMatch(oxm_fields={'ip_proto': 17; 'udp_src': 2152; 'udp_dst': 2152; 'eth_type': 2048}),0,0,77
3,3,OFPMatch(oxm_fields={'eth_dst': '00:00:00:00:00:01'; 'in_port': 2}),480,117672,78
4,3,OFPMatch(oxm_fields={'eth_dst': '00:00:00:00:00:03'; 'in_port': 3}),7861,518786,78
5,3,OFPMatch(oxm_fields={'eth_dst': '00:00:00:00:00:03'; 'in_port': 1}),521,58578,78
6,3,OFPMatch(oxm_fields={'eth_dst': '00:00:00:00:00:04'; 'in_port': 2}),7861,23268362,78
0,3,OFPMatch(oxm_fields={}),169,26464,78
1,3,OFPMatch(oxm_fields={'ip_proto': 17; 'udp_dst': 6789; 'eth_type': 2048}),0,0,78
2,3,OFPMatch(oxm_fields={'ip_proto': 17; 'udp_src': 2152; 'udp_dst': 2152; 'eth_type': 2048}),0,0,78
3,3,OFPMatch(oxm_fields={'eth_dst': '00:00:00:00:00:01'; 'in_port': 2}),481,117738,79
4,3,OFPMatch(oxm_fields={'eth_dst': '00:00:00:00:00:03'; 'in_port': 3}),8275,546110,79
5,3,OFPMatch(oxm_fields={'eth_dst': '00:00:00:00:00:03'; 'in_port': 1}),521,58578,79
6,3,OFPMatch(oxm_fields={'eth_dst': '00:00:00:00:00:04'; 'in_port': 2}),8275,24494630,79
0,3,OFPMatch(oxm_fields={}),169,26464,79
1,3,OFPMatch(oxm_fields={'ip_proto': 17; 'udp_dst': 6789; 'eth_type': 2048}),0,0,79
2,3,OFPMatch(oxm_fields={'ip_proto': 17; 'udp_src': 2152; 'udp_dst': 2152; 'eth_type': 2048}),0,0,79
3,3,OFPMatch(oxm_fields={'eth_dst': '00:00:00:00:00:01'; 'in_port': 2}),481,117738,80
4,3,OFPMatch(oxm_fields={'eth_dst': '00:00:00:00:00:03'; 'in_port': 3}),8688,573368,80
5,3,OFPMatch(oxm_fields={'eth_dst': '00:00:00:00:00:03'; 'in_port': 1}),521,58578,80
6,3,OFPMatch(oxm_fields={'eth_dst': '00:00:00:00:00:04'; 'in_port': 2}),8688,25717936,80
0,3,OFPMatch(oxm_fields={}),169,26464,80
1,3,OFPMatch(oxm_fields={'ip_proto': 17; 'udp_dst': 6789; 'eth_type': 2048}),0,0,80
2,3,OFPMatch(oxm_fields={'ip_proto': 17; 'udp_src': 2152; 'udp_dst': 2152; 'eth_type': 2048}),0,0,80
3,3,OFPMatch(oxm_fields={'eth_dst': '00:00:00:00:00:01'; 'in_port': 2}),481,117738,81
4,3,OFPMatch(oxm_fields={'eth_dst': '00:00:00:00:00:03'; 'in_port': 3}),9102,600692,81
5,3,OFPMatch(oxm_fields={'eth_dst': '00:00:00:00:00:03'; 'in_port': 1}),521,58578,81
6,3,OFPMatch(oxm_fields={'eth_dst': '00:00:00:00:00:04'; 'in_port': 2}),9102,26944204,81
0,3,OFPMatch(oxm_fields={}),169,26464,81
1,3,OFPMatch(oxm_fields={'ip_proto': 17; 'udp_dst': 6789; 'eth_type': 2048}),0,0,81
2,3,OFPMatch(oxm_fields={'ip_proto': 17; 'udp_src': 2152; 'udp_dst': 2152; 'eth_type': 2048}),0,0,81
3,3,OFPMatch(oxm_fields={'eth_dst': '00:00:00:00:00:01'; 'in_port': 2}),481,117738,82
4,3,OFPMatch(oxm_fields={'eth_dst': '00:00:00:00:00:03'; 'in_port': 3}),9515,627950,82
5,3,OFPMatch(oxm_fields={'eth_dst': '00:00:00:00:00:03'; 'in_port': 1}),521,58578,82
6,3,OFPMatch(oxm_fields={'eth_dst': '00:00:00:00:00:04'; 'in_port': 2}),9515,28167510,82
0,3,OFPMatch(oxm_fields={}),171,26678,82
1,3,OFPMatch(oxm_fields={'ip_proto': 17; 'udp_dst': 6789; 'eth_type': 2048}),0,0,82
2,3,OFPMatch(oxm_fields={'ip_proto': 17; 'udp_src': 2152; 'udp_dst': 2152; 'eth_type': 2048}),0,0,82
3,3,OFPMatch(oxm_fields={'eth_dst': '00:00:00:00:00:01'; 'in_port': 2}),481,117738,83
4,3,OFPMatch(oxm_fields={'eth_dst': '00:00:00:00:00:03'; 'in_port': 3}),9929,655274,83
5,3,OFPMatch(oxm_fields={'eth_dst': '00:00:00:00:00:03'; 'in_port': 1}),521,58578,83
6,3,OFPMatch(oxm_fields={'eth_dst': '00:00:00:00:00:04'; 'in_port': 2}),9929,29393778,83
0,3,OFPMatch(oxm_fields={}),171,26678,83
1,3,OFPMatch(oxm_fields={'ip_proto': 17; 'udp_dst': 6789; 'eth_type': 2048}),0,0,83
2,3,OFPMatch(oxm_fields={'ip_proto': 17; 'udp_src': 2152; 'udp_dst': 2152; 'eth_type': 2048}),0,0,83
3,3,OFPMatch(oxm_fields={'eth_dst': '00:00:00:00:00:01'; 'in_port': 2}),481,117738,84
4,3,OFPMatch(oxm_fields={'eth_dst': '00:00:00:00:00:03'; 'in_port': 3}),10343,682598,84
5,3,OFPMatch(oxm_fields={'eth_dst': '00:00:00:00:00:03'; 'in_port': 1}),521,58578,84
6,3,OFPMatch(oxm_fields={'eth_dst': '00:00:00:00:00:04'; 'in_port': 2}),10342,30617084,84
0,3,OFPMatch(oxm_fields={}),171,26678,84
1,3,OFPMatch(oxm_fields={'ip_proto': 17; 'udp_dst': 6789; 'eth_type': 2048}),0,0,84
2,3,OFPMatch(oxm_fields={'ip_proto': 17; 'udp_src': 2152; 'udp_dst': 2152; 'eth_type': 2048}),0,0,84
3,3,OFPMatch(oxm_fields={'eth_dst': '00:00:00:00:00:01'; 'in_port': 2}),481,117738,85
4,3,OFPMatch(oxm_fields={'eth_dst': '00:00:00:00:00:03'; 'in_port': 3}),10757,709922,85
5,3,OFPMatch(oxm_fields={'eth_dst': '00:00:00:00:00:03'; 'in_port': 1}),521,58578,85
6,3,OFPMatch(oxm_fields={'eth_dst': '00:00:00:00:00:04'; 'in_port': 2}),10756,31843352,85
0,3,OFPMatch(oxm_fields={}),171,26678,85
1,3,OFPMatch(oxm_fields={'ip_proto': 17; 'udp_dst': 6789; 'eth_type': 2048}),0,0,85
2,3,OFPMatch(oxm_fields={'ip_proto': 17; 'udp_src': 2152; 'udp_dst': 2152; 'eth_type': 2048}),0,0,85
3,3,OFPMatch(oxm_fields={'eth_dst': '00:00:00:00:00:01'; 'in_port': 2}),481,117738,86
4,3,OFPMatch(oxm_fields={'eth_dst': '00:00:00:00:00:03'; 'in_port': 3}),11171,737246,86
5,3,OFPMatch(oxm_fields={'eth_dst': '00:00:00:00:00:03'; 'in_port': 1}),521,58578,86
6,3,OFPMatch(oxm_fields={'eth_dst': '00:00:00:00:00:04'; 'in_port': 2}),11170,33069620,86
0,3,OFPMatch(oxm_fields={}),171,26678,86
1,3,OFPMatch(oxm_fields={'ip_proto': 17; 'udp_dst': 6789; 'eth_type': 2048}),0,0,86
2,3,OFPMatch(oxm_fields={'ip_proto': 17; 'udp_src': 2152; 'udp_dst': 2152; 'eth_type': 2048}),0,0,86
3,3,OFPMatch(oxm_fields={'eth_dst': '00:00:00:00:00:01'; 'in_port': 2}),481,117738,87
4,3,OFPMatch(oxm_fields={'eth_dst': '00:00:00:00:00:03'; 'in_port': 3}),11585,764570,87
5,3,OFPMatch(oxm_fields={'eth_dst': '00:00:00:00:00:03'; 'in_port': 1}),521,58578,87
6,3,OFPMatch(oxm_fields={'eth_dst': '00:00:00:00:00:04'; 'in_port': 2}),11584,34295888,87
0,3,OFPMatch(oxm_fields={}),172,27020,87
1,3,OFPMatch(oxm_fields={'ip_proto': 17; 'udp_dst': 6789; 'eth_type': 2048}),0,0,87
2,3,OFPMatch(oxm_fields={'ip_proto': 17; 'udp_src': 2152; 'udp_dst': 2152; 'eth_type': 2048}),0,0,87
3,3,OFPMatch(oxm_fields={'eth_dst': '00:00:00:00:00:01'; 'in_port': 2}),481,117738,88
4,3,OFPMatch(oxm_fields={'eth_dst': '00:00:00:00:00:03'; 'in_port': 3}),11998,791828,88
5,3,OFPMatch(oxm_fields={'eth_dst': '00:00:00:00:00:03'; 'in_port': 1}),521,58578,88
6,3,OFPMatch(oxm_fields={'eth_dst': '00:00:00:00:00:04'; 'in_port': 2}),11997,35519194,88
0,3,OFPMatch(oxm_fields={}),172,27020,88
1,3,OFPMatch(oxm_fields={'ip_proto': 17; 'udp_dst': 6789; 'eth_type': 2048}),0,0,88
2,3,OFPMatch(oxm_fields={'ip_proto': 17; 'udp_src': 2152; 'udp_dst': 2152; 'eth_type': 2048}),0,0,88
3,3,OFPMatch(oxm_fields={'eth_dst': '00:00:00:00:00:01'; 'in_port': 2}),481,117738,89
4,3,OFPMatch(oxm_fields={'eth_dst': '00:00:00:00:00:03'; 'in_port': 3}),12411,819086,89
5,3,OFPMatch(oxm_fields={'eth_dst': '00:00:00:00:00:03'; 'in_port': 1}),521,58578,89
6,3,OFPMatch(oxm_fields={'eth_dst': '00:00:00:00:00:04'; 'in_port': 2}),12411,36745462,89
0,3,OFPMatch(oxm_fields={}),172,27020,89
1,3,OFPMatch(oxm_fields={'ip_proto': 17; 'udp_dst': 6789; 'eth_type': 2048}),0,0,89
2,3,OFPMatch(oxm_fields={'ip_proto': 17; 'udp_src': 2152; 'udp_dst': 2152; 'eth_type': 2048}),0,0,89
3,3,OFPMatch(oxm_fields={'eth_dst': '00:00:00:00:00:01'; 'in_port': 2}),481,117738,90
4,3,OFPMatch(oxm_fields={'eth_dst': '00:00:00:00:00:03'; 'in_port': 3}),12824,846344,90
5,3,OFPMatch(oxm_fields={'eth_dst': '00:00:00:00:00:03'; 'in_port': 1}),521,58578,90
6,3,OFPMatch(oxm_fields={'eth_dst': '00:00:00:00:00:04'; 'in_port': 2}),12823,37965806,90
0,3,OFPMatch(oxm_fields={}),172,27020,90
1,3,OFPMatch(oxm_fields={'ip_proto': 17; 'udp_dst': 6789; 'eth_type': 2048}),0,0,90
2,3,OFPMatch(oxm_fields={'ip_proto': 17; 'udp_src': 2152; 'udp_dst': 2152; 'eth_type': 2048}),0,0,90
3,3,OFPMatch(oxm_fields={'eth_dst': '00:00:00:00:00:01'; 'in_port': 2}),481,117738,91
4,3,OFPMatch(oxm_fields={'eth_dst': '00:00:00:00:00:03'; 'in_port': 3}),13237,873602,91
5,3,OFPMatch(oxm_fields={'eth_dst': '00:00:00:00:00:03'; 'in_port': 1}),521,58578,91
6,3,OFPMatch(oxm_fields={'eth_dst': '00:00:00:00:00:04'; 'in_port': 2}),13237,39192074,91
0,3,OFPMatch(oxm_fields={}),172,27020,91
1,3,OFPMatch(oxm_fields={'ip_proto': 17; 'udp_dst': 6789; 'eth_type': 2048}),0,0,91
2,3,OFPMatch(oxm_fields={'ip_proto': 17; 'udp_src': 2152; 'udp_dst': 2152; 'eth_type': 2048}),0,0,91
3,3,OFPMatch(oxm_fields={'eth_dst': '00:00:00:00:00:01'; 'in_port': 2}),481,117738,92
4,3,OFPMatch(oxm_fields={'eth_dst': '00:00:00:00:00:03'; 'in_port': 3}),13651,900926,92
5,3,OFPMatch(oxm_fields={'eth_dst': '00:00:00:00:00:03'; 'in_port': 1}),521,58578,92
6,3,OFPMatch(oxm_fields={'eth_dst': '00:00:00:00:00:04'; 'in_port': 2}),13651,40418342,92
0,3,OFPMatch(oxm_fields={}),172,27020,92
1,3,OFPMatch(oxm_fields={'ip_proto': 17; 'udp_dst': 6789; 'eth_type': 2048}),0,0,92
2,3,OFPMatch(oxm_fields={'ip_proto': 17; 'udp_src': 2152; 'udp_dst': 2152; 'eth_type': 2048}),0,0,92
3,3,OFPMatch(oxm_fields={'eth_dst': '00:00:00:00:00:01'; 'in_port': 2}),481,117738,93
4,3,OFPMatch(oxm_fields={'eth_dst': '00:00:00:00:00:03'; 'in_port': 3}),14064,928184,93
5,3,OFPMatch(oxm_fields={'eth_dst': '00:00:00:00:00:03'; 'in_port': 1}),521,58578,93
6,3,OFPMatch(oxm_fields={'eth_dst': '00:00:00:00:00:04'; 'in_port': 2}),14064,41641648,93
0,3,OFPMatch(oxm_fields={}),172,27020,93
1,3,OFPMatch(oxm_fields={'ip_proto': 17; 'udp_dst': 6789; 'eth_type': 2048}),0,0,93
2,3,OFPMatch(oxm_fields={'ip_proto': 17; 'udp_src': 2152; 'udp_dst': 2152; 'eth_type': 2048}),0,0,93
3,3,OFPMatch(oxm_fields={'eth_dst': '00:00:00:00:00:01'; 'in_port': 2}),481,117738,94
4,3,OFPMatch(oxm_fields={'eth_dst': '00:00:00:00:00:03'; 'in_port': 3}),14478,955508,94
5,3,OFPMatch(oxm_fields={'eth_dst': '00:00:00:00:00:03'; 'in_port': 1}),521,58578,94
6,3,OFPMatch(oxm_fields={'eth_dst': '00:00:00:00:00:04'; 'in_port': 2}),14478,42867916,94
0,3,OFPMatch(oxm_fields={}),172,27020,94
1,3,OFPMatch(oxm_fields={'ip_proto': 17; 'udp_dst': 6789; 'eth_type': 2048}),0,0,94
2,3,OFPMatch(oxm_fields={'ip_proto': 17; 'udp_src': 2152; 'udp_dst': 2152; 'eth_type': 2048}),0,0,94
3,3,OFPMatch(oxm_fields={'eth_dst': '00:00:00:00:00:01'; 'in_port': 2}),481,117738,95
4,3,OFPMatch(oxm_fields={'eth_dst': '00:00:00:00:00:03'; 'in_port': 3}),14892,982832,95
5,3,OFPMatch(oxm_fields={'eth_dst': '00:00:00:00:00:03'; 'in_port': 1}),521,58578,95
6,3,OFPMatch(oxm_fields={'eth_dst': '00:00:00:00:00:04'; 'in_port': 2}),14892,44094184,95
0,3,OFPMatch(oxm_fields={}),172,27020,95
1,3,OFPMatch(oxm_fields={'ip_proto': 17; 'udp_dst': 6789; 'eth_type': 2048}),0,0,95
2,3,OFPMatch(oxm_fields={'ip_proto': 17; 'udp_src': 2152; 'udp_dst': 2152; 'eth_type': 2048}),0,0,95
3,3,OFPMatch(oxm_fields={'eth_dst': '00:00:00:00:00:01'; 'in_port': 2}),481,117738,96
4,3,OFPMatch(oxm_fields={'eth_dst': '00:00:00:00:00:03'; 'in_port': 3}),15303,1009958,96
5,3,OFPMatch(oxm_fields={'eth_dst': '00:00:00:00:00:03'; 'in_port': 1}),521,58578,96
6,3,OFPMatch(oxm_fields={'eth_dst': '00:00:00:00:00:04'; 'in_port': 2}),15306,45320452,96
0,3,OFPMatch(oxm_fields={}),172,27020,96
1,3,OFPMatch(oxm_fields={'ip_proto': 17; 'udp_dst': 6789; 'eth_type': 2048}),0,0,96
2,3,OFPMatch(oxm_fields={'ip_proto': 17; 'udp_src': 2152; 'udp_dst': 2152; 'eth_type': 2048}),0,0,96
3,3,OFPMatch(oxm_fields={'eth_dst': '00:00:00:00:00:01'; 'in_port': 2}),481,117738,97
4,3,OFPMatch(oxm_fields={'eth_dst': '00:00:00:00:00:03'; 'in_port': 3}),15720,1037480,97
5,3,OFPMatch(oxm_fields={'eth_dst': '00:00:00:00:00:03'; 'in_port': 1}),521,58578,97
6,3,OFPMatch(oxm_fields={'eth_dst': '00:00:00:00:00:04'; 'in_port': 2}),15720,46546720,97
0,3,OFPMatch(oxm_fields={}),172,27020,97
1,3,OFPMatch(oxm_fields={'ip_proto': 17; 'udp_dst': 6789; 'eth_type': 2048}),0,0,97
2,3,OFPMatch(oxm_fields={'ip_proto': 17; 'udp_src': 2152; 'udp_dst': 2152; 'eth_type': 2048}),0,0,97
3,3,OFPMatch(oxm_fields={'eth_dst': '00:00:00:00:00:01'; 'in_port': 2}),481,117738,98
4,3,OFPMatch(oxm_fields={'eth_dst': '00:00:00:00:00:03'; 'in_port': 3}),16133,1064738,98
5,3,OFPMatch(oxm_fields={'eth_dst': '00:00:00:00:00:03'; 'in_port': 1}),521,58578,98
6,3,OFPMatch(oxm_fields={'eth_dst': '00:00:00:00:00:04'; 'in_port': 2}),16133,47770026,98
0,3,OFPMatch(oxm_fields={}),172,27020,98
1,3,OFPMatch(oxm_fields={'ip_proto': 17; 'udp_dst': 6789; 'eth_type': 2048}),0,0,98
2,3,OFPMatch(oxm_fields={'ip_proto': 17; 'udp_src': 2152; 'udp_dst': 2152; 'eth_type': 2048}),0,0,98
3,3,OFPMatch(oxm_fields={'eth_dst': '00:00:00:00:00:01'; 'in_port': 2}),481,117738,99
4,3,OFPMatch(oxm_fields={'eth_dst': '00:00:00:00:00:03'; 'in_port': 3}),16547,1092062,99
5,3,OFPMatch(oxm_fields={'eth_dst': '00:00:00:00:00:03'; 'in_port': 1}),521,58578,99
6,3,OFPMatch(oxm_fields={'eth_dst': '00:00:00:00:00:04'; 'in_port': 2}),16547,48996294,99
0,3,OFPMatch(oxm_fields={}),176,27660,99
1,3,OFPMatch(oxm_fields={'ip_proto': 17; 'udp_dst': 6789; 'eth_type': 2048}),0,0,99
2,3,OFPMatch(oxm_fields={'ip_proto': 17; 'udp_src': 2152; 'udp_dst': 2152; 'eth_type': 2048}),0,0,99
3,3,OFPMatch(oxm_fields={'eth_dst': '00:00:00:00:00:01'; 'in_port': 2}),481,117738,100
4,3,OFPMatch(oxm_fields={'eth_dst