0,3,OFPMatch(oxm_fields={}),3,250,0
1,3,OFPMatch(oxm_fields={'ip_proto': 17; 'udp_dst': 6789; 'eth_type': 2048}),0,0,0
2,3,OFPMatch(oxm_fields={'ip_proto': 17; 'udp_src': 2152; 'udp_dst': 2152; 'eth_type': 2048}),0,0,0
0,3,OFPMatch(oxm_fields={}),26,3016,1
1,3,OFPMatch(oxm_fields={'ip_proto': 17; 'udp_dst': 6789; 'eth_type': 2048}),0,0,1
2,3,OFPMatch(oxm_fields={'ip_proto': 17; 'udp_src': 2152; 'udp_dst': 2152; 'eth_type': 2048}),0,0,1
0,3,OFPMatch(oxm_fields={}),45,6620,2
1,3,OFPMatch(oxm_fields={'ip_proto': 17; 'udp_dst': 6789; 'eth_type': 2048}),0,0,2
2,3,OFPMatch(oxm_fields={'ip_proto': 17; 'udp_src': 2152; 'udp_dst': 2152; 'eth_type': 2048}),0,0,2
0,3,OFPMatch(oxm_fields={}),47,7166,3
1,3,OFPMatch(oxm_fields={'ip_proto': 17; 'udp_dst': 6789; 'eth_type': 2048}),0,0,3
2,3,OFPMatch(oxm_fields={'ip_proto': 17; 'udp_src': 2152; 'udp_dst': 2152; 'eth_type': 2048}),0,0,3
0,3,OFPMatch(oxm_fields={}),51,7753,4
1,3,OFPMatch(oxm_fields={'ip_proto': 17; 'udp_dst': 6789; 'eth_type': 2048}),0,0,4
2,3,OFPMatch(oxm_fields={'ip_proto': 17; 'udp_src': 2152; 'udp_dst': 2152; 'eth_type': 2048}),0,0,4
0,3,OFPMatch(oxm_fields={}),64,9514,5
1,3,OFPMatch(oxm_fields={'ip_proto': 17; 'udp_dst': 6789; 'eth_type': 2048}),0,0,5
2,3,OFPMatch(oxm_fields={'ip_proto': 17; 'udp_src': 2152; 'udp_dst': 2152; 'eth_type': 2048}),0,0,5
0,3,OFPMatch(oxm_fields={}),66,10159,6
1,3,OFPMatch(oxm_fields={'ip_proto': 17; 'udp_dst': 6789; 'eth_type': 2048}),0,0,6
2,3,OFPMatch(oxm_fields={'ip_proto': 17; 'udp_src': 2152; 'udp_dst': 2152; 'eth_type': 2048}),0,0,6
0,3,OFPMatch(oxm_fields={}),67,10266,7
1,3,OFPMatch(oxm_fields={'ip_proto': 17; 'udp_dst': 6789; 'eth_type': 2048}),0,0,7
2,3,OFPMatch(oxm_fields={'ip_proto': 17; 'udp_src': 2152; 'udp_dst': 2152; 'eth_type': 2048}),0,0,7
0,3,OFPMatch(oxm_fields={}),69,10443,8
1,3,OFPMatch(oxm_fields={'ip_proto': 17; 'udp_dst': 6789; 'eth_type': 2048}),0,0,8
2,3,OFPMatch(oxm_fields={'ip_proto': 17; 'udp_src': 2152; 'udp_dst': 2152; 'eth_type': 2048}),0,0,8
0,3,OFPMatch(oxm_fields={}),78,11073,9
1,3,OFPMatch(oxm_fields={'ip_proto': 17; 'udp_dst': 6789; 'eth_type': 2048}),0,0,9
2,3,OFPMatch(oxm_fields={'ip_proto': 17; 'udp_src': 2152; 'udp_dst': 2152; 'eth_type': 2048}),0,0,9
0,3,OFPMatch(oxm_fields={}),78,11073,10
1,3,OFPMatch(oxm_fields={'ip_proto': 17; 'udp_dst': 6789; 'eth_type': 2048}),0,0,10
2,3,OFPMatch(oxm_fields={'ip_proto': 17; 'udp_src': 2152; 'udp_dst': 2152; 'eth_type': 2048}),0,0,10
0,3,OFPMatch(oxm_fields={}),79,11415,11
1,3,OFPMatch(oxm_fields={'ip_proto': 17; 'udp_dst': 6789; 'eth_type': 2048}),0,0,11
2,3,OFPMatch(oxm_fields={'ip_proto': 17; 'udp_src': 2152; 'udp_dst': 2152; 'eth_type': 2048}),0,0,11
0,3,OFPMatch(oxm_fields={}),79,11415,12
1,3,OFPMatch(oxm_fields={'ip_proto': 17; 'udp_dst': 6789; 'eth_type': 2048}),0,0,12
2,3,OFPMatch(oxm_fields={'ip_proto': 17; 'udp_src': 2152; 'udp_dst': 2152; 'eth_type': 2048}),0,0,12
0,3,OFPMatch(oxm_fields={}),80,11757,13
1,3,OFPMatch(oxm_fields={'ip_proto': 17; 'udp_dst': 6789; 'eth_type': 2048}),0,0,13
2,3,OFPMatch(oxm_fields={'ip_proto': 17; 'udp_src': 2152; 'udp_dst': 2152; 'eth_type': 2048}),0,0,13
0,3,OFPMatch(oxm_fields={}),80,11757,14
1,3,OFPMatch(oxm_fields={'ip_proto': 17; 'udp_dst': 6789; 'eth_type': 2048}),0,0,14
2,3,OFPMatch(oxm_fields={'ip_proto': 17; 'udp_src': 2152; 'udp_dst': 2152; 'eth_type': 2048}),0,0,14
0,3,OFPMatch(oxm_fields={}),81,11864,15
1,3,OFPMatch(oxm_fields={'ip_proto': 17; 'udp_dst': 6789; 'eth_type': 2048}),0,0,15
2,3,OFPMatch(oxm_fields={'ip_proto': 17; 'udp_src': 2152; 'udp_dst': 2152; 'eth_type': 2048}),0,0,15
0,3,OFPMatch(oxm_fields={}),82,11971,16
1,3,OFPMatch(oxm_fields={'ip_proto': 17; 'udp_dst': 6789; 'eth_type': 2048}),0,0,16
2,3,OFPMatch(oxm_fields={'ip_proto': 17; 'udp_src': 2152; 'udp_dst': 2152; 'eth_type': 2048}),0,0,16
0,3,OFPMatch(oxm_fields={}),82,11971,17
1,3,OFPMatch(oxm_fields={'ip_proto': 17; 'udp_dst': 6789; 'eth_type': 2048}),0,0,17
2,3,OFPMatch(oxm_fields={'ip_proto': 17; 'udp_src': 2152; 'udp_dst': 2152; 'eth_type': 2048}),0,0,17
0,3,OFPMatch(oxm_fields={}),82,11971,18
1,3,OFPMatch(oxm_fields={'ip_proto': 17; 'udp_dst': 6789; 'eth_type': 2048}),0,0,18
2,3,OFPMatch(oxm_fields={'ip_proto': 17; 'udp_src': 2152; 'udp_dst': 2152; 'eth_type': 2048}),0,0,18
0,3,OFPMatch(oxm_fields={}),82,11971,19
1,3,OFPMatch(oxm_fields={'ip_proto': 17; 'udp_dst': 6789; 'eth_type': 2048}),0,0,19
2,3,OFPMatch(oxm_fields={'ip_proto': 17; 'udp_src': 2152; 'udp_dst': 2152; 'eth_type': 2048}),0,0,19
0,3,OFPMatch(oxm_fields={}),82,11971,21
1,3,OFPMatch(oxm_fields={'ip_proto': 17; 'udp_dst': 6789; 'eth_type': 2048}),0,0,21
2,3,OFPMatch(oxm_fields={'ip_proto': 17; 'udp_src': 2152; 'udp_dst': 2152; 'eth_type': 2048}),0,0,21
0,3,OFPMatch(oxm_fields={}),82,11971,22
1,3,OFPMatch(oxm_fields={'ip_proto': 17; 'udp_dst': 6789; 'eth_type': 2048}),0,0,22
2,3,OFPMatch(oxm_fields={'ip_proto': 17; 'udp_src': 2152; 'udp_dst': 2152; 'eth_type': 2048}),0,0,22
0,3,OFPMatch(oxm_fields={}),82,11971,23
1,3,OFPMatch(oxm_fields={'ip_proto': 17; 'udp_dst': 6789; 'eth_type': 2048}),0,0,23
2,3,OFPMatch(oxm_fields={'ip_proto': 17; 'udp_src': 2152; 'udp_dst': 2152; 'eth_type': 2048}),0,0,23
0,3,OFPMatch(oxm_fields={}),82,11971,24
1,3,OFPMatch(oxm_fields={'ip_proto': 17; 'udp_dst': 6789; 'eth_type': 2048}),0,0,24
2,3,OFPMatch(oxm_fields={'ip_proto': 17; 'udp_src': 2152; 'udp_dst': 2152; 'eth_type': 2048}),0,0,24
0,3,OFPMatch(oxm_fields={}),83,12313,25
1,3,OFPMatch(oxm_fields={'ip_proto': 17; 'udp_dst': 6789; 'eth_type': 2048}),0,0,25
2,3,OFPMatch(oxm_fields={'ip_proto': 17; 'udp_src': 2152; 'udp_dst': 2152; 'eth_type': 2048}),0,0,25
0,3,OFPMatch(oxm_fields={}),83,12313,26
1,3,OFPMatch(oxm_fields={'ip_proto': 17; 'udp_dst': 6789; 'eth_type': 2048}),0,0,26
2,3,OFPMatch(oxm_fields={'ip_proto': 17; 'udp_src': 2152; 'udp_dst': 2152; 'eth_type': 2048}),0,0,26
0,3,OFPMatch(oxm_fields={}),83,12313,27
1,3,OFPMatch(oxm_fields={'ip_proto': 17; 'udp_dst': 6789; 'eth_type': 2048}),0,0,27
2,3,OFPMatch(oxm_fields={'ip_proto': 17; 'udp_src': 2152; 'udp_dst': 2152; 'eth_type': 2048}),0,0,27
0,3,OFPMatch(oxm_fields={}),83,12313,28
1,3,OFPMatch(oxm_fields={'ip_proto': 17; 'udp_dst': 6789; 'eth_type': 2048}),0,0,28
2,3,OFPMatch(oxm_fields={'ip_proto': 17; 'udp_src': 2152; 'udp_dst': 2152; 'eth_type': 2048}),0,0,28
0,3,OFPMatch(oxm_fields={}),83,12313,29
1,3,OFPMatch(oxm_fields={'ip_proto': 17; 'udp_dst': 6789; 'eth_type': 2048}),0,0,29
2,3,OFPMatch(oxm_fields={'ip_proto': 17; 'udp_src': 2152; 'udp_dst': 2152; 'eth_type': 2048}),0,0,29
0,3,OFPMatch(oxm_fields={}),84,12655,30
1,3,OFPMatch(oxm_fields={'ip_proto': 17; 'udp_dst': 6789; 'eth_type': 2048}),0,0,30
2,3,OFPMatch(oxm_fields={'ip_proto': 17; 'udp_src': 2152; 'udp_dst': 2152; 'eth_type': 2048}),0,0,30
0,3,OFPMatch(oxm_fields={}),84,12655,31
1,3,OFPMatch(oxm_fields={'ip_proto': 17; 'udp_dst': 6789; 'eth_type': 2048}),0,0,31
2,3,OFPMatch(oxm_fields={'ip_proto': 17; 'udp_src': 2152; 'udp_dst': 2152; 'eth_type': 2048}),0,0,31
0,3,OFPMatch(oxm_fields={}),85,12762,32
1,3,OFPMatch(oxm_fields={'ip_proto': 17; 'udp_dst': 6789; 'eth_type': 2048}),0,0,32
2,3,OFPMatch(oxm_fields={'ip_proto': 17; 'udp_src': 2152; 'udp_dst': 2152; 'eth_type': 2048}),0,0,32
0,3,OFPMatch(oxm_fields={}),87,13211,33
1,3,OFPMatch(oxm_fields={'ip_proto': 17; 'udp_dst': 6789; 'eth_type': 2048}),0,0,33
2,3,OFPMatch(oxm_fields={'ip_proto': 17; 'udp_src': 2152; 'udp_dst': 2152; 'eth_type': 2048}),0,0,33
0,3,OFPMatch(oxm_fields={}),87,13211,34
1,3,OFPMatch(oxm_fields={'ip_proto': 17; 'udp_dst': 6789; 'eth_type': 2048}),0,0,34
2,3,OFPMatch(oxm_fields={'ip_proto': 17; 'udp_src': 2152; 'udp_dst': 2152; 'eth_type': 2048}),0,0,34
0,3,OFPMatch(oxm_fields={}),87,13211,35
1,3,OFPMatch(oxm_fields={'ip_proto': 17; 'udp_dst': 6789; 'eth_type': 2048}),0,0,35
2,3,OFPMatch(oxm_fields={'ip_proto': 17; 'udp_src': 2152; 'udp_dst': 2152; 'eth_type': 2048}),0,0,35
0,3,OFPMatch(oxm_fields={}),87,13211,36
1,3,OFPMatch(oxm_fields={'ip_proto': 17; 'udp_dst': 6789; 'eth_type': 2048}),0,0,36
2,3,OFPMatch(oxm_fields={'ip_proto': 17; 'udp_src': 2152; 'udp_dst': 2152; 'eth_type': 2048}),0,0,36
0,3,OFPMatch(oxm_fields={}),87,13211,37
1,3,OFPMatch(oxm_fields={'ip_proto': 17; 'udp_dst': 6789; 'eth_type': 2048}),0,0,37
2,3,OFPMatch(oxm_fields={'ip_proto': 17; 'udp_src': 2152; 'udp_dst': 2152; 'eth_type': 2048}),0,0,37
0,3,OFPMatch(oxm_fields={}),87,13211,38
1,3,OFPMatch(oxm_fields={'ip_proto': 17; 'udp_dst': 6789; 'eth_type': 2048}),0,0,38
2,3,OFPMatch(oxm_fields={'ip_proto': 17; 'udp_src': 2152; 'udp_dst': 2152; 'eth_type': 2048}),0,0,38
0,3,OFPMatch(oxm_fields={}),87,13211,39
1,3,OFPMatch(oxm_fields={'ip_proto': 17; 'udp_dst': 6789; 'eth_type': 2048}),0,0,39
2,3,OFPMatch(oxm_fields={'ip_proto': 17; 'udp_src': 2152; 'udp_dst': 2152; 'eth_type': 2048}),0,0,39
0,3,OFPMatch(oxm_fields={}),87,13211,40
1,3,OFPMatch(oxm_fields={'ip_proto': 17; 'udp_dst': 6789; 'eth_type': 2048}),0,0,40
2,3,OFPMatch(oxm_fields={'ip_proto': 17; 'udp_src': 2152; 'udp_dst': 2152; 'eth_type': 2048}),0,0,40
0,3,OFPMatch(oxm_fields={}),87,13211,41
1,3,OFPMatch(oxm_fields={'ip_proto': 17; 'udp_dst': 6789; 'eth_type': 2048}),0,0,41
2,3,OFPMatch(oxm_fields={'ip_proto': 17; 'udp_src': 2152; 'udp_dst': 2152; 'eth_type': 2048}),0,0,41
0,3,OFPMatch(oxm_fields={}),87,13211,42
1,3,OFPMatch(oxm_fields={'ip_proto': 17; 'udp_dst': 6789; 'eth_type': 2048}),0,0,42
2,3,OFPMatch(oxm_fields={'ip_proto': 17; 'udp_src': 2152; 'udp_dst': 2152; 'eth_type': 2048}),0,0,42
0,3,OFPMatch(oxm_fields={}),87,13211,43
1,3,OFPMatch(oxm_fields={'ip_proto': 17; 'udp_dst': 6789; 'eth_type': 2048}),0,0,43
2,3,OFPMatch(oxm_fields={'ip_proto': 17; 'udp_src': 2152; 'udp_dst': 2152; 'eth_type': 2048}),0,0,43
0,3,OFPMatch(oxm_fields={}),88,13553,44
1,3,OFPMatch(oxm_fields={'ip_proto': 17; 'udp_dst': 6789; 'eth_type': 2048}),0,0,44
2,3,OFPMatch(oxm_fields={'ip_proto': 17; 'udp_src': 2152; 'udp_dst': 2152; 'eth_type': 2048}),0,0,44
0,3,OFPMatch(oxm_fields={}),88,13553,45
1,3,OFPMatch(oxm_fields={'ip_proto': 17; 'udp_dst': 6789; 'eth_type': 2048}),0,0,45
2,3,OFPMatch(oxm_fields={'ip_proto': 17; 'udp_src': 2152; 'udp_dst': 2152; 'eth_type': 2048}),0,0,45
0,3,OFPMatch(oxm_fields={}),89,13895,46
1,3,OFPMatch(oxm_fields={'ip_proto': 17; 'udp_dst': 6789; 'eth_type': 2048}),0,0,46
2,3,OFPMatch(oxm_fields={'ip_proto': 17; 'udp_src': 2152; 'udp_dst': 2152; 'eth_type': 2048}),0,0,46
0,3,OFPMatch(oxm_fields={}),89,13895,47
1,3,OFPMatch(oxm_fields={'ip_proto': 17; 'udp_dst': 6789; 'eth_type': 2048}),0,0,47
2,3,OFPMatch(oxm_fields={'ip_proto': 17; 'udp_src': 2152; 'udp_dst': 2152; 'eth_type': 2048}),0,0,47
0,3,OFPMatch(oxm_fields={}),89,13895,48
1,3,OFPMatch(oxm_fields={'ip_proto': 17; 'udp_dst': 6789; 'eth_type': 2048}),0,0,48
2,3,OFPMatch(oxm_fields={'ip_proto': 17; 'udp_src': 2152; 'udp_dst': 2152; 'eth_type': 2048}),0,0,48
0,3,OFPMatch(oxm_fields={}),89,13895,49
1,3,OFPMatch(oxm_fields={'ip_proto': 17; 'udp_dst': 6789; 'eth_type': 2048}),0,0,49
2,3,OFPMatch(oxm_fields={'ip_proto': 17; 'udp_src': 2152; 'udp_dst': 2152; 'eth_type': 2048}),0,0,49
0,3,OFPMatch(oxm_fields={}),92,14457,50
1,3,OFPMatch(oxm_fields={'ip_proto': 17; 'udp_dst': 6789; 'eth_type': 2048}),0,0,50
2,3,OFPMatch(oxm_fields={'ip_proto': 17; 'udp_src': 2152; 'udp_dst': 2152; 'eth_type': 2048}),0,0,50
0,3,OFPMatch(oxm_fields={}),95,14955,51
1,3,OFPMatch(oxm_fields={'ip_proto': 17; 'udp_dst': 6789; 'eth_type': 2048}),0,0,51
2,3,OFPMatch(oxm_fields={'ip_proto': 17; 'udp_src': 2152; 'udp_dst': 2152; 'eth_type': 2048}),0,0,51
0,3,OFPMatch(oxm_fields={}),105,15889,52
1,3,OFPMatch(oxm_fields={'ip_proto': 17; 'udp_dst': 6789; 'eth_type': 2048}),0,0,52
2,3,OFPMatch(oxm_fields={'ip_proto': 17; 'udp_src': 2152; 'udp_dst': 2152; 'eth_type': 2048}),0,0,52
0,3,OFPMatch(oxm_fields={}),122,19727,53
1,3,OFPMatch(oxm_fields={'ip_proto': 17; 'udp_dst': 6789; 'eth_type': 2048}),0,0,53
2,3,OFPMatch(oxm_fields={'ip_proto': 17; 'udp_src': 2152; 'udp_dst': 2152; 'eth_type': 2048}),0,0,53
0,3,OFPMatch(oxm_fields={}),125,20555,54
1,3,OFPMatch(oxm_fields={'ip_proto': 17; 'udp_dst': 6789; 'eth_type': 2048}),0,0,54
2,3,OFPMatch(oxm_fields={'ip_proto': 17; 'udp_src': 2152; 'udp_dst': 2152; 'eth_type': 2048}),0,0,54
0,3,OFPMatch(oxm_fields={}),129,21375,55
1,3,OFPMatch(oxm_fields={'ip_proto': 17; 'udp_dst': 6789; 'eth_type': 2048}),0,0,55
2,3,OFPMatch(oxm_fields={'ip_proto': 17; 'udp_src': 2152; 'udp_dst': 2152; 'eth_type': 2048}),0,0,55
0,3,OFPMatch(oxm_fields={}),133,22001,56
1,3,OFPMatch(oxm_fields={'ip_proto': 17; 'udp_dst': 6789; 'eth_type': 2048}),0,0,56
2,3,OFPMatch(oxm_fields={'ip_proto': 17; 'udp_src': 2152; 'udp_dst': 2152; 'eth_type': 2048}),0,0,56
0,3,OFPMatch(oxm_fields={}),135,22607,57
1,3,OFPMatch(oxm_fields={'ip_proto': 17; 'udp_dst': 6789; 'eth_type': 2048}),0,0,57
2,3,OFPMatch(oxm_fields={'ip_proto': 17; 'udp_src': 2152; 'udp_dst': 2152; 'eth_type': 2048}),0,0,57
0,3,OFPMatch(oxm_fields={}),136,22949,58
1,3,OFPMatch(oxm_fields={'ip_proto': 17; 'udp_dst': 6789; 'eth_type': 2048}),0,0,58
2,3,OFPMatch(oxm_fields={'ip_proto': 17; 'udp_src': 2152; 'udp_dst': 2152; 'eth_type': 2048}),0,0,58
3,3,OFPMatch(oxm_fields={'eth_dst': '00:00:00:00:00:01'; 'in_port': 2}),2,116,59
4,3,OFPMatch(oxm_fields={'eth_dst': '00:00:00:00:00:03'; 'in_port': 3}),40,2624,59
5,3,OFPMatch(oxm_fields={'eth_dst': '00:00:00:00:00:03'; 'in_port': 1}),2,140,59
6,3,OFPMatch(oxm_fields={'eth_dst': '00:00:00:00:00:04'; 'in_port': 2}),40,125752,59
0,3,OFPMatch(oxm_fields={}),145,23521,59
1,3,OFPMatch(oxm_fields={'ip_proto': 17; 'udp_dst': 6789; 'eth_type': 2048}),0,0,59
2,3,OFPMatch(oxm_fields={'ip_proto': 17; 'udp_src': 2152; 'udp_dst': 2152; 'eth_type': 2048}),0,0,59
3,3,OFPMatch(oxm_fields={'eth_dst': '00:00:00:00:00:01'; 'in_port': 2}),27,6246,60
4,3,OFPMatch(oxm_fields={'eth_dst': '00:00:00:00:00:03'; 'in_port': 3}),437,28826,60
5,3,OFPMatch(oxm_fields={'eth_dst': '00:00:00:00:00:03'; 'in_port': 1}),29,3426,60
6,3,OFPMatch(oxm_fields={'eth_dst': '00:00:00:00:00:04'; 'in_port': 2}),445,1345634,60
0,3,OFPMatch(oxm_fields={}),148,24003,60
1,3,OFPMatch(oxm_fields={'ip_proto': 17; 'udp_dst': 6789; 'eth_type': 2048}),0,0,60
2,3,OFPMatch(oxm_fields={'ip_proto': 17; 'udp_src': 2152; 'udp_dst': 2152; 'eth_type': 2048}),0,0,60
3,3,OFPMatch(oxm_fields={'eth_dst': '00:00:00:00:00:01'; 'in_port': 2}),52,12376,61
4,3,OFPMatch(oxm_fields={'eth_dst': '00:00:00:00:00:03'; 'in_port': 3}),848,55952,61
5,3,OFPMatch(oxm_fields={'eth_dst': '00:00:00:00:00:03'; 'in_port': 1}),57,6534,61
6,3,OFPMatch(oxm_fields={'eth_dst': '00:00:00:00:00:04'; 'in_port': 2}),856,2563016,61
0,3,OFPMatch(oxm_fields={}),148,24003,61
1,3,OFPMatch(oxm_fields={'ip_proto': 17; 'udp_dst': 6789; 'eth_type': 2048}),0,0,61
2,3,OFPMatch(oxm_fields={'ip_proto': 17; 'udp_src': 2152; 'udp_dst': 2152; 'eth_type': 2048}),0,0,61
3,3,OFPMatch(oxm_fields={'eth_dst': '00:00:00:00:00:01'; 'in_port': 2}),77,18506,62
4,3,OFPMatch(oxm_fields={'eth_dst': '00:00:00:00:00:03'; 'in_port': 3}),1259,83078,62
5,3,OFPMatch(oxm_fields={'eth_dst': '00:00:00:00:00:03'; 'in_port': 1}),85,9642,62
6,3,OFPMatch(oxm_fields={'eth_dst': '00:00:00:00:00:04'; 'in_port': 2}),1267,3780398,62
0,3,OFPMatch(oxm_fields={}),148,24003,62
1,3,OFPMatch(oxm_fields={'ip_proto': 17; 'udp_dst': 6789; 'eth_type': 2048}),0,0,62
2,3,OFPMatch(oxm_fields={'ip_proto': 17; 'udp_src': 2152; 'udp_dst': 2152; 'eth_type': 2048}),0,0,62
3,3,OFPMatch(oxm_fields={'eth_dst': '00:00:00:00:00:01'; 'in_port': 2}),101,24562,63
4,3,OFPMatch(oxm_fields={'eth_dst': '00:00:00:00:00:03'; 'in_port': 3}),1671,110270,63
5,3,OFPMatch(oxm_fields={'eth_dst': '00:00:00:00:00:03'; 'in_port': 1}),110,12308,63
6,3,OFPMatch(oxm_fields={'eth_dst': '00:00:00:00:00:04'; 'in_port': 2}),1679,5000742,63
0,3,OFPMatch(oxm_fields={}),148,24003,63
1,3,OFPMatch(oxm_fields={'ip_proto': 17; 'udp_dst': 6789; 'eth_type': 2048}),0,0,63
2,3,OFPMatch(oxm_fields={'ip_proto': 17; 'udp_src': 2152; 'udp_dst': 2152; 'eth_type': 2048}),0,0,63
3,3,OFPMatch(oxm_fields={'eth_dst': '00:00:00:00:00:01'; 'in_port': 2}),126,30692,64
4,3,OFPMatch(oxm_fields={'eth_dst': '00:00:00:00:00:03'; 'in_port': 3}),2084,137504,64
5,3,OFPMatch(oxm_fields={'eth_dst': '00:00:00:00:00:03'; 'in_port': 1}),137,15350,64
6,3,OFPMatch(oxm_fields={'eth_dst': '00:00:00:00:00:04'; 'in_port': 2}),2091,6218166,64
0,3,OFPMatch(oxm_fields={}),148,24003,64
1,3,OFPMatch(oxm_fields={'ip_proto': 17; 'udp_dst': 6789; 'eth_type': 2048}),0,0,64
2,3,OFPMatch(oxm_fields={'ip_proto': 17; 'udp_src': 2152; 'udp_dst': 2152; 'eth_type': 2048}),0,0,64
3,3,OFPMatch(oxm_fields={'eth_dst': '00:00:00:00:00:01'; 'in_port': 2}),151,36822,65
4,3,OFPMatch(oxm_fields={'eth_dst': '00:00:00:00:00:03'; 'in_port': 3}),2495,164630,65
5,3,OFPMatch(oxm_fields={'eth_dst': '00:00:00:00:00:03'; 'in_port': 1}),166,18524,65
6,3,OFPMatch(oxm_fields={'eth_dst': '00:00:00:00:00:04'; 'in_port': 2}),2503,7438510,65
0,3,OFPMatch(oxm_fields={}),148,24003,65
1,3,OFPMatch(oxm_fields={'ip_proto': 17; 'udp_dst': 6789; 'eth_type': 2048}),0,0,65
2,3,OFPMatch(oxm_fields={'ip_proto': 17; 'udp_src': 2152; 'udp_dst': 2152; 'eth_type': 2048}),0,0,65
3,3,OFPMatch(oxm_fields={'eth_dst': '00:00:00:00:00:01'; 'in_port': 2}),175,42886,66
4,3,OFPMatch(oxm_fields={'eth_dst': '00:00:00:00:00:03'; 'in_port': 3}),2901,191426,66
5,3,OFPMatch(oxm_fields={'eth_dst': '00:00:00:00:00:03'; 'in_port': 1}),191,21426,66
6,3,OFPMatch(oxm_fields={'eth_dst': '00:00:00:00:00:04'; 'in_port': 2}),2908,8638120,66
0,3,OFPMatch(oxm_fields={}),148,24003,66
1,3,OFPMatch(oxm_fields={'ip_proto': 17; 'udp_dst': 6789; 'eth_type': 2048}),0,0,66
2,3,OFPMatch(oxm_fields={'ip_proto': 17; 'udp_src': 2152; 'udp_dst': 2152; 'eth_type': 2048}),0,0,66
3,3,OFPMatch(oxm_fields={'eth_dst': '00:00:00:00:00:01'; 'in_port': 2}),197,47930,67
4,3,OFPMatch(oxm_fields={'eth_dst': '00:00:00:00:00:03'; 'in_port': 3}),3312,218552,67
5,3,OFPMatch(oxm_fields={'eth_dst': '00:00:00:00:00:03'; 'in_port': 1}),215,24270,67
6,3,OFPMatch(oxm_fields={'eth_dst': '00:00:00:00:00:04'; 'in_port': 2}),3320,9858464,67
0,3,OFPMatch(oxm_fields={}),150,24217,67
1,3,OFPMatch(oxm_fields={'ip_proto': 17; 'udp_dst': 6789; 'eth_type': 2048}),0,0,67
2,3,OFPMatch(oxm_fields={'ip_proto': 17; 'udp_src': 2152; 'udp_dst': 2152; 'eth_type': 2048}),0,0,67
3,3,OFPMatch(oxm_fields={'eth_dst': '00:00:00:00:00:01'; 'in_port': 2}),222,54060,68
4,3,OFPMatch(oxm_fields={'eth_dst': '00:00:00:00:00:03'; 'in_port': 3}),3724,245744,68
5,3,OFPMatch(oxm_fields={'eth_dst': '00:00:00:00:00:03'; 'in_port': 1}),242,27312,68
6,3,OFPMatch(oxm_fields={'eth_dst': '00:00:00:00:00:04'; 'in_port': 2}),3732,11078808,68
0,3,OFPMatch(oxm_fields={}),150,24217,68
1,3,OFPMatch(oxm_fields={'ip_proto': 17; 'udp_dst': 6789; 'eth_type': 2048}),0,0,68
2,3,OFPMatch(oxm_fields={'ip_proto': 17; 'udp_src': 2152; 'udp_dst': 2152; 'eth_type': 2048}),0,0,68
3,3,OFPMatch(oxm_fields={'eth_dst': '00:00:00:00:00:01'; 'in_port': 2}),247,60190,69
4,3,OFPMatch(oxm_fields={'eth_dst': '00:00:00:00:00:03'; 'in_port': 3}),4136,272936,69
5,3,OFPMatch(oxm_fields={'eth_dst': '00:00:00:00:00:03'; 'in_port': 1}),268,30288,69
6,3,OFPMatch(oxm_fields={'eth_dst': '00:00:00:00:00:04'; 'in_port': 2}),4143,12296190,69
0,3,OFPMatch(oxm_fields={}),150,24217,69
1,3,OFPMatch(oxm_fields={'ip_proto': 17; 'udp_dst': 6789; 'eth_type': 2048}),0,0,69
2,3,OFPMatch(oxm_fields={'ip_proto': 17; 'udp_src': 2152; 'udp_dst': 2152; 'eth_type': 2048}),0,0,69
3,3,OFPMatch(oxm_fields={'eth_dst': '00:00:00:00:00:01'; 'in_port': 2}),272,66320,70
4,3,OFPMatch(oxm_fields={'eth_dst': '00:00:00:00:00:03'; 'in_port': 3}),4548,300128,70
5,3,OFPMatch(oxm_fields={'eth_dst': '00:00:00:00:00:03'; 'in_port': 1}),296,33396,70
6,3,OFPMatch(oxm_fields={'eth_dst': '00:00:00:00:00:04'; 'in_port': 2}),4555,13516534,70
0,3,OFPMatch(oxm_fields={}),150,24217,70
1,3,OFPMatch(oxm_fields={'ip_proto': 17; 'udp_dst': 6789; 'eth_type': 2048}),0,0,70
2,3,OFPMatch(oxm_fields={'ip_proto': 17; 'udp_src': 2152; 'udp_dst': 2152; 'eth_type': 2048}),0,0,70
3,3,OFPMatch(oxm_fields={'eth_dst': '00:00:00:00:00:01'; 'in_port': 2}),297,72450,71
4,3,OFPMatch(oxm_fields={'eth_dst': '00:00:00:00:00:03'; 'in_port': 3}),4959,327254,71
5,3,OFPMatch(oxm_fields={'eth_dst': '00:00:00:00:00:03'; 'in_port': 1}),323,36438,71
6,3,OFPMatch(oxm_fields={'eth_dst': '00:00:00:00:00:04'; 'in_port': 2}),4967,14736878,71
0,3,OFPMatch(oxm_fields={}),151,24559,71
1,3,OFPMatch(oxm_fields={'ip_proto': 17; 'udp_dst': 6789; 'eth_type': 2048}),0,0,71
2,3,OFPMatch(oxm_fields={'ip_proto': 17; 'udp_src': 2152; 'udp_dst': 2152; 'eth_type': 2048}),0,0,71
3,3,OFPMatch(oxm_fields={'eth_dst': '00:00:00:00:00:01'; 'in_port': 2}),322,78580,72
4,3,OFPMatch(oxm_fields={'eth_dst': '00:00:00:00:00:03'; 'in_port': 3}),5371,354446,72
5,3,OFPMatch(oxm_fields={'eth_dst': '00:00:00:00:00:03'; 'in_port': 1}),350,39480,72
6,3,OFPMatch(oxm_fields={'eth_dst': '00:00:00:00:00:04'; 'in_port': 2}),5378,15954260,72
0,3,OFPMatch(oxm_fields={}),151,24559,72
1,3,OFPMatch(oxm_fields={'ip_proto': 17; 'udp_dst': 6789; 'eth_type': 2048}),0,0,72
2,3,OFPMatch(oxm_fields={'ip_proto': 17; 'udp_src': 2152; 'udp_dst': 2152; 'eth_type': 2048}),0,0,72
3,3,OFPMatch(oxm_fields={'eth_dst': '00:00:00:00:00:01'; 'in_port': 2}),347,84710,73
4,3,OFPMatch(oxm_fields={'eth_dst': '00:00:00:00:00:03'; 'in_port': 3}),5783,381638,73
5,3,OFPMatch(oxm_fields={'eth_dst': '00:00:00:00:00:03'; 'in_port': 1}),378,42588,73
6,3,OFPMatch(oxm_fields={'eth_dst': '00:00:00:00:00:04'; 'in_port': 2}),5790,17174604,73
0,3,OFPMatch(oxm_fields={}),152,24901,73
1,3,OFPMatch(oxm_fields={'ip_proto': 17; 'udp_dst': 6789; 'eth_type': 2048}),0,0,73
2,3,OFPMatch(oxm_fields={'ip_proto': 17; 'udp_src': 2152; 'udp_dst': 2152; 'eth_type': 2048}),0,0,73
3,3,OFPMatch(oxm_fields={'eth_dst': '00:00:00:00:00:01'; 'in_port': 2}),371,90766,74
4,3,OFPMatch(oxm_fields={'eth_dst': '00:00:00:00:00:03'; 'in_port': 3}),6194,408764,74
5,3,OFPMatch(oxm_fields={'eth_dst': '00:00:00:00:00:03'; 'in_port': 1}),404,45320,74
6,3,OFPMatch(oxm_fields={'eth_dst': '00:00:00:00:00:04'; 'in_port': 2}),6201,18391986,74
0,3,OFPMatch(oxm_fields={}),152,24901,74
1,3,OFPMatch(oxm_fields={'ip_proto': 17; 'udp_dst': 6789; 'eth_type': 2048}),0,0,74
2,3,OFPMatch(oxm_fields={'ip_proto': 17; 'udp_src': 2152; 'udp_dst': 2152; 'eth_type': 2048}),0,0,74
3,3,OFPMatch(oxm_fields={'eth_dst': '00:00:00:00:00:01'; 'in_port': 2}),395,96830,75
4,3,OFPMatch(oxm_fields={'eth_dst': '00:00:00:00:00:03'; 'in_port': 3}),6605,435890,75
5,3,OFPMatch(oxm_fields={'eth_dst': '00:00:00:00:00:03'; 'in_port': 1}),430,48296,75
6,3,OFPMatch(oxm_fields={'eth_dst': '00:00:00:00:00:04'; 'in_port': 2}),6612,19609368,75
0,3,OFPMatch(oxm_fields={}),152,24901,75
1,3,OFPMatch(oxm_fields={'ip_proto': 17; 'udp_dst': 6789; 'eth_type': 2048}),0,0,75
2,3,OFPMatch(oxm_fields={'ip_proto': 17; 'udp_src': 2152; 'udp_dst': 2152; 'eth_type': 2048}),0,0,75
3,3,OFPMatch(oxm_fields={'eth_dst': '00:00:00:00:00:01'; 'in_port': 2}),420,102960,76
4,3,OFPMatch(oxm_fields={'eth_dst': '00:00:00:00:00:03'; 'in_port': 3}),7016,463016,76
5,3,OFPMatch(oxm_fields={'eth_dst': '00:00:00:00:00:03'; 'in_port': 1}),458,51404,76
6,3,OFPMatch(oxm_fields={'eth_dst': '00:00:00:00:00:04'; 'in_port': 2}),7024,20829712,76
0,3,OFPMatch(oxm_fields={}),152,24901,76
1,3,OFPMatch(oxm_fields={'ip_proto': 17; 'udp_dst': 6789; 'eth_type': 2048}),0,0,76
2,3,OFPMatch(oxm_fields={'ip_proto': 17; 'udp_src': 2152; 'udp_dst': 2152; 'eth_type': 2048}),0,0,76
3,3,OFPMatch(oxm_fields={'eth_dst': '00:00:00:00:00:01'; 'in_port': 2}),445,109090,77
4,3,OFPMatch(oxm_fields={'eth_dst': '00:00:00:00:00:03'; 'in_port': 3}),7428,490208,77
5,3,OFPMatch(oxm_fields={'eth_dst': '00:00:00:00:00:03'; 'in_port': 1}),488,54644,77
6,3,OFPMatch(oxm_fields={'eth_dst': '00:00:00:00:00:04'; 'in_port': 2}),7435,22047094,77
0,3,OFPMatch(oxm_fields={}),152,24901,77
1,3,OFPMatch(oxm_fields={'ip_proto': 17; 'udp_dst': 6789; 'eth_type': 2048}),0,0,77
2,3,OFPMatch(oxm_fields={'ip_proto': 17; 'udp_src': 2152; 'udp_dst': 2152; 'eth_type': 2048}),0,0,77
3,3,OFPMatch(oxm_fields={'eth_dst': '00:00:00:00:00:01'; 'in_port': 2}),470,115220,78
4,3,OFPMatch(oxm_fields={'eth_dst': '00:00:00:00:00:03'; 'in_port': 3}),7840,517400,78
5,3,OFPMatch(oxm_fields={'eth_dst': '00:00:00:00:00:03'; 'in_port': 1}),516,57752,78
6,3,OFPMatch(oxm_fields={'eth_dst': '00:00:00:00:00:04'; 'in_port': 2}),7847,23267438,78
0,3,OFPMatch(oxm_fields={}),152,24901,78
1,3,OFPMatch(oxm_fields={'ip_proto': 17; 'udp_dst': 6789; 'eth_type': 2048}),0,0,78
2,3,OFPMatch(oxm_fields={'ip_proto': 17; 'udp_src': 2152; 'udp_dst': 2152; 'eth_type': 2048}),0,0,78
3,3,OFPMatch(oxm_fields={'eth_dst': '00:00:00:00:00:01'; 'in_port': 2}),491,120190,79
4,3,OFPMatch(oxm_fields={'eth_dst': '00:00:00:00:00:03'; 'in_port': 3}),8252,544592,79
5,3,OFPMatch(oxm_fields={'eth_dst': '00:00:00:00:00:03'; 'in_port': 1}),535,60006,79
6,3,OFPMatch(oxm_fields={'eth_dst': '00:00:00:00:00:04'; 'in_port': 2}),8259,24487782,79
0,3,OFPMatch(oxm_fields={}),152,24901,79
1,3,OFPMatch(oxm_fields={'ip_proto': 17; 'udp_dst': 6789; 'eth_type': 2048}),0,0,79
2,3,OFPMatch(oxm_fields={'ip_proto': 17; 'udp_src': 2152; 'udp_dst': 2152; 'eth_type': 2048}),0,0,79
3,3,OFPMatch(oxm_fields={'eth_dst': '00:00:00:00:00:01'; 'in_port': 2}),491,120190,80
4,3,OFPMatch(oxm_fields={'eth_dst': '00:00:00:00:00:03'; 'in_port': 3}),8666,571916,80
5,3,OFPMatch(oxm_fields={'eth_dst': '00:00:00:00:00:03'; 'in_port': 1}),535,60006,80
6,3,OFPMatch(oxm_fields={'eth_dst': '00:00:00:00:00:04'; 'in_port': 2}),8673,25714050,80
0,3,OFPMatch(oxm_fields={}),152,24901,80
1,3,OFPMatch(oxm_fields={'ip_proto': 17; 'udp_dst': 6789; 'eth_type': 2048}),0,0,80
2,3,OFPMatch(oxm_fields={'ip_proto': 17; 'udp_src': 2152; 'udp_dst': 2152; 'eth_type': 2048}),0,0,80
3,3,OFPMatch(oxm_fields={'eth_dst': '00:00:00:00:00:01'; 'in_port': 2}),491,120190,81
4,3,OFPMatch(oxm_fields={'eth_dst': '00:00:00:00:00:03'; 'in_port': 3}),9079,599174,81
5,3,OFPMatch(oxm_fields={'eth_dst': '00:00:00:00:00:03'; 'in_port': 1}),535,60006,81
6,3,OFPMatch(oxm_fields={'eth_dst': '00:00:00:00:00:04'; 'in_port': 2}),9086,26937356,81
0,3,OFPMatch(oxm_fields={}),153,25243,81
1,3,OFPMatch(oxm_fields={'ip_proto': 17; 'udp_dst': 6789; 'eth_type': 2048}),0,0,81
2,3,OFPMatch(oxm_fields={'ip_proto': 17; 'udp_src': 2152; 'udp_dst': 2152; 'eth_type': 2048}),0,0,81
3,3,OFPMatch(oxm_fields={'eth_dst': '00:00:00:00:00:01'; 'in_port': 2}),491,120190,82
4,3,OFPMatch(oxm_fields={'eth_dst': '00:00:00:00:00:03'; 'in_port': 3}),9448,623528,82
5,3,OFPMatch(oxm_fields={'eth_dst': '00:00:00:00:00:03'; 'in_port': 1}),535,60006,82
6,3,OFPMatch(oxm_fields={'eth_dst': '00:00:00:00:00:04'; 'in_port': 2}),9456,28033296,82
0,3,OFPMatch(oxm_fields={}),153,25243,82
1,3,OFPMatch(oxm_fields={'ip_proto': 17; 'udp_dst': 6789; 'eth_type': 2048}),0,0,82
2,3,OFPMatch(oxm_fields={'ip_proto': 17; 'udp_src': 2152; 'udp_dst': 2152; 'eth_type': 2048}),0,0,82
3,3,OFPMatch(oxm_fields={'eth_dst': '00:00:00:00:00:01'; 'in_port': 2}),491,120190,83
4,3,OFPMatch(oxm_fields={'eth_dst': '00:00:00:00:00:03'; 'in_port': 3}),9861,650786,83
5,3,OFPMatch(oxm_fields={'eth_dst': '00:00:00:00:00:03'; 'in_port': 1}),535,60006,83
6,3,OFPMatch(oxm_fields={'eth_dst': '00:00:00:00:00:04'; 'in_port': 2}),9870,29259564,83
0,3,OFPMatch(oxm_fields={}),155,25457,83
1,3,OFPMatch(oxm_fields={'ip_proto': 17; 'udp_dst': 6789; 'eth_type': 2048}),0,0,83
2,3,OFPMatch(oxm_fields={'ip_proto': 17; 'udp_src': 2152; 'udp_dst': 2152; 'eth_type': 2048}),0,0,83
3,3,OFPMatch(oxm_fields={'eth_dst': '00:00:00:00:00:01'; 'in_port': 2}),491,120190,84
4,3,OFPMatch(oxm_fields={'eth_dst': '00:00:00:00:00:03'; 'in_port': 3}),10275,678110,84
5,3,OFPMatch(oxm_fields={'eth_dst': '00:00:00:00:00:03'; 'in_port': 1}),535,60006,84
6,3,OFPMatch(oxm_fields={'eth_dst': '00:00:00:00:00:04'; 'in_port': 2}),10284,30485832,84
0,3,OFPMatch(oxm_fields={}),155,25457,84
1,3,OFPMatch(oxm_fields={'ip_proto': 17; 'udp_dst': 6789; 'eth_type': 2048}),0,0,84
2,3,OFPMatch(oxm_fields={'ip_proto': 17; 'udp_src': 2152; 'udp_dst': 2152; 'eth_type': 2048}),0,0,84
3,3,OFPMatch(oxm_fields={'eth_dst': '00:00:00:00:00:01'; 'in_port': 2}),491,120190,85
4,3,OFPMatch(oxm_fields={'eth_dst': '00:00:00:00:00:03'; 'in_port': 3}),10688,705368,85
5,3,OFPMatch(oxm_fields={'eth_dst': '00:00:00:00:00:03'; 'in_port': 1}),535,60006,85
6,3,OFPMatch(oxm_fields={'eth_dst': '00:00:00:00:00:04'; 'in_port': 2}),10697,31709138,85
0,3,OFPMatch(oxm_fields={}),155,25457,85
1,3,OFPMatch(oxm_fields={'ip_proto': 17; 'udp_dst': 6789; 'eth_type': 2048}),0,0,85
2,3,OFPMatch(oxm_fields={'ip_proto': 17; 'udp_src': 2152; 'udp_dst': 2152; 'eth_type': 2048}),0,0,85
3,3,OFPMatch(oxm_fields={'eth_dst': '00:00:00:00:00:01'; 'in_port': 2}),491,120190,86
4,3,OFPMatch(oxm_fields={'eth_dst': '00:00:00:00:00:03'; 'in_port': 3}),11103,732758,86
5,3,OFPMatch(oxm_fields={'eth_dst': '00:00:00:00:00:03'; 'in_port': 1}),535,60006,86
6,3,OFPMatch(oxm_fields={'eth_dst': '00:00:00:00:00:04'; 'in_port': 2}),11111,32935406,86
0,3,OFPMatch(oxm_fields={}),155,25457,86
1,3,OFPMatch(oxm_fields={'ip_proto': 17; 'udp_dst': 6789; 'eth_type': 2048}),0,0,86
2,3,OFPMatch(oxm_fields={'ip_proto': 17; 'udp_src': 2152; 'udp_dst': 2152; 'eth_type': 2048}),0,0,86
3,3,OFPMatch(oxm_fields={'eth_dst': '00:00:00:00:00:01'; 'in_port': 2}),491,120190,87
4,3,OFPMatch(oxm_fields={'eth_dst': '00:00:00:00:00:03'; 'in_port': 3}),11516,760016,87
5,3,OFPMatch(oxm_fields={'eth_dst': '00:00:00:00:00:03'; 'in_port': 1}),535,60006,87
6,3,OFPMatch(oxm_fields={'eth_dst': '00:00:00:00:00:04'; 'in_port': 2}),11524,34158712,87
0,3,OFPMatch(oxm_fields={}),155,25457,87
1,3,OFPMatch(oxm_fields={'ip_proto': 17; 'udp_dst': 6789; 'eth_type': 2048}),0,0,87
2,3,OFPMatch(oxm_fields={'ip_proto': 17; 'udp_src': 2152; 'udp_dst': 2152; 'eth_type': 2048}),0,0,87
3,3,OFPMatch(oxm_fields={'eth_dst': '00:00:00:00:00:01'; 'in_port': 2}),491,120190,88
4,3,OFPMatch(oxm_fields={'eth_dst': '00:00:00:00:00:03'; 'in_port': 3}),11929,787274,88
5,3,OFPMatch(oxm_fields={'eth_dst': '00:00:00:00:00:03'; 'in_port': 1}),535,60006,88
6,3,OFPMatch(oxm_fields={'eth_dst': '00:00:00:00:00:04'; 'in_port': 2}),11937,35382018,88
0,3,OFPMatch(oxm_fields={}),155,25457,88
1,3,OFPMatch(oxm_fields={'ip_proto': 17; 'udp_dst': 6789; 'eth_type': 2048}),0,0,88
2,3,OFPMatch(oxm_fields={'ip_proto': 17; 'udp_src': 2152; 'udp_dst': 2152; 'eth_type': 2048}),0,0,88
3,3,OFPMatch(oxm_fields={'eth_dst': '00:00:00:00:00:01'; 'in_port': 2}),491,120190,89
4,3,OFPMatch(oxm_fields={'eth_dst': '00:00:00:00:00:03'; 'in_port': 3}),12342,814532,89
5,3,OFPMatch(oxm_fields={'eth_dst': '00:00:00:00:00:03'; 'in_port': 1}),535,60006,89
6,3,OFPMatch(oxm_fields={'eth_dst': '00:00:00:00:00:04'; 'in_port': 2}),12350,36605324,89
0,3,OFPMatch(oxm_fields={}),155,25457,89
1,3,OFPMatch(oxm_fields={'ip_proto': 17; 'udp_dst': 6789; 'eth_type': 2048}),0,0,89
2,3,OFPMatch(oxm_fields={'ip_proto': 17; 'udp_src': 2152; 'udp_dst': 2152; 'eth_type': 2048}),0,0,89
3,3,OFPMatch(oxm_fields={'eth_dst': '00:00:00:00:00:01'; 'in_port': 2}),491,120190,90
4,3,OFPMatch(oxm_fields={'eth_dst': '00:00:00:00:00:03'; 'in_port': 3}),12756,841856,90
5,3,OFPMatch(oxm_fields={'eth_dst': '00:00:00:00:00:03'; 'in_port': 1}),535,60006,90
6,3,OFPMatch(oxm_fields={'eth_dst': '00:00:00:00:00:04'; 'in_port': 2}),12764,37831592,90
0,3,OFPMatch(oxm_fields={}),155,25457,90
1,3,OFPMatch(oxm_fields={'ip_proto': 17; 'udp_dst': 6789; 'eth_type': 2048}),0,0,90
2,3,OFPMatch(oxm_fields={'ip_proto': 17; 'udp_src': 2152; 'udp_dst': 2152; 'eth_type': 2048}),0,0,90
3,3,OFPMatch(oxm_fields={'eth_dst': '00:00:00:00:00:01'; 'in_port': 2}),491,120190,91
4,3,OFPMatch(oxm_fields={'eth_dst': '00:00:00:00:00:03'; 'in_port': 3}),13169,869114,91
5,3,OFPMatch(oxm_fields={'eth_dst': '00:00:00:00:00:03'; 'in_port': 1}),535,60006,91
6,3,OFPMatch(oxm_fields={'eth_dst': '00:00:00:00:00:04'; 'in_port': 2}),13177,39054898,91
0,3,OFPMatch(oxm_fields={}),155,25457,91
1,3,OFPMatch(oxm_fields={'ip_proto': 17; 'udp_dst': 6789; 'eth_type': 2048}),0,0,91
2,3,OFPMatch(oxm_fields={'ip_proto': 17; 'udp_src': 2152; 'udp_dst': 2152; 'eth_type': 2048}),0,0,91
3,3,OFPMatch(oxm_fields={'eth_dst': '00:00:00:00:00:01'; 'in_port': 2}),491,120190,92
4,3,OFPMatch(oxm_fields={'eth_dst': '00:00:00:00:00:03'; 'in_port': 3}),13582,896372,92
5,3,OFPMatch(oxm_fields={'eth_dst': '00:00:00:00:00:03'; 'in_port': 1}),535,60006,92
6,3,OFPMatch(oxm_fields={'eth_dst': '00:00:00:00:00:04'; 'in_port': 2}),13590,40278204,92
0,3,OFPMatch(oxm_fields={}),155,25457,92
1,3,OFPMatch(oxm_fields={'ip_proto': 17; 'udp_dst': 6789; 'eth_type': 2048}),0,0,92
2,3,OFPMatch(oxm_fields={'ip_proto': 17; 'udp_src': 2152; 'udp_dst': 2152; 'eth_type': 2048}),0,0,92
3,3,OFPMatch(oxm_fields={'eth_dst': '00:00:00:00:00:01'; 'in_port': 2}),491,120190,93
4,3,OFPMatch(oxm_fields={'eth_dst': '00:00:00:00:00:03'; 'in_port': 3}),13995,923630,93
5,3,OFPMatch(oxm_fields={'eth_dst': '00:00:00:00:00:03'; 'in_port': 1}),535,60006,93
6,3,OFPMatch(oxm_fields={'eth_dst': '00:00:00:00:00:04'; 'in_port': 2}),14004,41504472,93
0,3,OFPMatch(oxm_fields={}),156,25799,93
1,3,OFPMatch(oxm_fields={'ip_proto': 17; 'udp_dst': 6789; 'eth_type': 2048}),0,0,93
2,3,OFPMatch(oxm_fields={'ip_proto': 17; 'udp_src': 2152; 'udp_dst': 2152; 'eth_type': 2048}),0,0,93
3,3,OFPMatch(oxm_fields={'eth_dst': '00:00:00:00:00:01'; 'in_port': 2}),491,120190,94
4,3,OFPMatch(oxm_fields={'eth_dst': '00:00:00:00:00:03'; 'in_port': 3}),14409,950954,94
5,3,OFPMatch(oxm_fields={'eth_dst': '00:00:00:00:00:03'; 'in_port': 1}),535,60006,94
6,3,OFPMatch(oxm_fields={'eth_dst': '00:00:00:00:00:04'; 'in_port': 2}),14418,42730740,94
0,3,OFPMatch(oxm_fields={}),156,25799,94
1,3,OFPMatch(oxm_fields={'ip_proto': 17; 'udp_dst': 6789; 'eth_type': 2048}),0,0,94
2,3,OFPMatch(oxm_fields={'ip_proto': 17; 'udp_src': 2152; 'udp_dst': 2152; 'eth_type': 2048}),0,0,94
3,3,OFPMatch(oxm_fields={'eth_dst': '00:00:00:00:00:01'; 'in_port': 2}),491,120190,95
4,3,OFPMatch(oxm_fields={'eth_dst': '00:00:00:00:00:03'; 'in_port': 3}),14822,978212,95
5,3,OFPMatch(oxm_fields={'eth_dst': '00:00:00:00:00:03'; 'in_port': 1}),535,60006,95
6,3,OFPMatch(oxm_fields={'eth_dst': '00:00:00:00:00:04'; 'in_port': 2}),14830,43951084,95
0,3,OFPMatch(oxm_fields={}),156,25799,95
1,3,OFPMatch(oxm_fields={'ip_proto': 17; 'udp_dst': 6789; 'eth_type': 2048}),0,0,95
2,3,OFPMatch(oxm_fields={'ip_proto': 17; 'udp_src': 2152; 'udp_dst': 2152; 'eth_type': 2048}),0,0,95
3,3,OFPMatch(oxm_fields={'eth_dst': '00:00:00:00:00:01'; 'in_port': 2}),491,120190,96
4,3,OFPMatch(oxm_fields={'eth_dst': '00:00:00:00:00:03'; 'in_port': 3}),15235,1005470,96
5,3,OFPMatch(oxm_fields={'eth_dst': '00:00:00:00:00:03'; 'in_port': 1}),535,60006,96
6,3,OFPMatch(oxm_fields={'eth_dst': '00:00:00:00:00:04'; 'in_port': 2}),15244,45177352,96
0,3,OFPMatch(oxm_fields={}),156,25799,96
1,3,OFPMatch(oxm_fields={'ip_proto': 17; 'udp_dst': 6789; 'eth_type': 2048}),0,0,96
2,3,OFPMatch(oxm_fields={'ip_proto': 17; 'udp_src': 2152; 'udp_dst': 2152; 'eth_type': 2048}),0,0,96
3,3,OFPMatch(oxm_fields={'eth_dst': '00:00:00:00:00:01'; 'in_port': 2}),491,120190,97
4,3,OFPMatch(oxm_fields={'eth_dst': '00:00:00:00:00:03'; 'in_port': 3}),15648,1032728,97
5,3,OFPMatch(oxm_fields={'eth_dst': '00:00:00:00:00:03'; 'in_port': 1}),535,60006,97
6,3,OFPMatch(oxm_fields={'eth_dst': '00:00:00:00:00:04'; 'in_port': 2}),15657,46400658,97
0,3,OFPMatch(oxm_fields={}),156,25799,97
1,3,OFPMatch(oxm_fields={'ip_proto': 17; 'udp_dst': 6789; 'eth_type': 2048}),0,0,97
2,3,OFPMatch(oxm_fields={'ip_proto': 17; 'udp_src': 2152; 'udp_dst': 2152; 'eth_type': 2048}),0,0,97
3,3,OFPMatch(oxm_fields={'eth_dst': '00:00:00:00:00:01'; 'in_port': 2}),491,120190,98
4,3,OFPMatch(oxm_fields={'eth_dst': '00:00:00:00:00:03'; 'in_port': 3}),16062,1060052,98
5,3,OFPMatch(oxm_fields={'eth_dst': '00:00:00:00:00:03'; 'in_port': 1}),535,60006,98
6,3,OFPMatch(oxm_fields={'eth_dst': '00:00:00:00:00:04'; 'in_port': 2}),16071,47626926,98
0,3,OFPMatch(oxm_fields={}),156,25799,98
1,3,OFPMatch(oxm_fields={'ip_proto': 17; 'udp_dst': 6789; 'eth_type': 2048}),0,0,98
2,3,OFPMatch(oxm_fields={'ip_proto': 17; 'udp_src': 2152; 'udp_dst': 2152; 'eth_type': 2048}),0,0,98
3,3,OFPMatch(oxm_fields={'eth_dst': '00:00:00:00:00:01'; 'in_port': 2}),491,120190,99
4,3,OFPMatch(oxm_fields={'eth_dst': '00:00:00:00:00:03'; 'in_port': 3}),16476,1087376,99
5,3,OFPMatch(oxm_fields={'eth_dst': '00:00:00:00:00:03'; 'in_port': 1}),535,60006,99
6,3,OFPMatch(oxm_fields={'eth_dst': '00:00:00:00:00:04'; 'in_port': 2}),16485,48853194,99
0,3,OFPMatch(oxm_fields={}),156,25799,99
1,3,OFPMatch(oxm_fields={'ip_proto': 17; 'udp_dst': 6789; 'eth_type': 2048}),0,0,99
2,3,OFPMatch(oxm_fields={'ip_proto': 17; 'udp_src': 2152; 'udp_dst': 2152; 'eth_type': 2048}),0,0,99
3,3,OFPMatch(oxm_fields={'eth_dst': '00:00:00:00:00:01'; 'in_port': 2}),491,120190,100
4,3,OFPMatch(oxm_fields={'eth_dst': '00:00:00:00:00:03'; 'in_port': 3}),16686,1101236,100
5,3,OFPMatch(oxm_fields={'eth_dst': '00:00:00:00:00:03'; 'in_port': 1}),535,60006,100
6,3,OFPMatch(oxm_fields={'eth_dst': '00:00:00:00:00:04'; 'in_port': 2}),16694,49467380,100
0,3,OFPMatch(oxm_fie