request_num, curr_time,time_total, time_namelookup, time_connect, time_appconnect, time_pretransfer, time_redirect, time_starttransfer, http_code
1,0,0.025, 0.000, 0.000, 0.000, 0.000, 0.000, 0.025, 200 
2,0,0.010, 0.000, 0.000, 0.000, 0.000, 0.000, 0.010, 200 
3,0,0.011, 0.000, 0.000, 0.000, 0.000, 0.000, 0.011, 200 
4,0,0.047, 0.000, 0.000, 0.000, 0.000, 0.000, 0.047, 200 
5,0,0.011, 0.000, 0.000, 0.000, 0.000, 0.000, 0.011, 200 
6,0,0.009, 0.000, 0.000, 0.000, 0.000, 0.000, 0.009, 200 
7,0,0.009, 0.000, 0.000, 0.000, 0.000, 0.000, 0.009, 200 
8,0,0.005, 0.000, 0.000, 0.000, 0.000, 0.000, 0.005, 200 
9,0,0.037, 0.000, 0.000, 0.000, 0.000, 0.000, 0.037, 200 
10,0,0.008, 0.000, 0.000, 0.000, 0.000, 0.000, 0.008, 200 
11,0,0.007, 0.000, 0.000, 0.000, 0.000, 0.000, 0.007, 200 
12,0,0.006, 0.000, 0.000, 0.000, 0.000, 0.000, 0.006, 200 
13,0,0.008, 0.000, 0.000, 0.000, 0.000, 0.000, 0.008, 200 
14,0,0.005, 0.000, 0.000, 0.000, 0.000, 0.000, 0.005, 200 
15,0,0.007, 0.000, 0.000, 0.000, 0.000, 0.000, 0.007, 200 
16,0,0.007, 0.000, 0.000, 0.000, 0.000, 0.000, 0.007, 200 
17,0,0.007, 0.000, 0.000, 0.000, 0.000, 0.000, 0.007, 200 
18,0,0.006, 0.000, 0.000, 0.000, 0.000, 0.000, 0.006, 200 
19,0,0.018, 0.000, 0.000, 0.000, 0.000, 0.000, 0.018, 200 
20,0,0.007, 0.000, 0.000, 0.000, 0.000, 0.000, 0.007, 200 
21,0,0.005, 0.000, 0.000, 0.000, 0.000, 0.000, 0.005, 200 
22,1,0.006, 0.000, 0.000, 0.000, 0.000, 0.000, 0.006, 200 
23,1,0.007, 0.000, 0.000, 0.000, 0.000, 0.000, 0.007, 200 
24,1,0.006, 0.000, 0.000, 0.000, 0.000, 0.000, 0.006, 200 
25,1,0.007, 0.000, 0.000, 0.000, 0.000, 0.000, 0.007, 200 
26,1,0.032, 0.000, 0.000, 0.000, 0.000, 0.000, 0.032, 200 
27,1,0.009, 0.000, 0.000, 0.000, 0.000, 0.000, 0.009, 200 
28,1,0.006, 0.000, 0.000, 0.000, 0.000, 0.000, 0.005, 200 
29,1,0.005, 0.000, 0.000, 0.000, 0.000, 0.000, 0.005, 200 
30,1,0.005, 0.000, 0.000, 0.000, 0.000, 0.000, 0.005, 200 
31,1,0.005, 0.000, 0.000, 0.000, 0.000, 0.000, 0.005, 200 
32,1,0.005, 0.000, 0.000, 0.000, 0.000, 0.000, 0.005, 200 
33,1,0.005, 0.000, 0.000, 0.000, 0.000, 0.000, 0.005, 200 
34,1,0.005, 0.000, 0.000, 0.000, 0.000, 0.000, 0.005, 200 
35,1,0.005, 0.000, 0.000, 0.000, 0.000, 0.000, 0.005, 200 
36,1,0.004, 0.000, 0.000, 0.000, 0.000, 0.000, 0.004, 200 
37,1,0.008, 0.000, 0.000, 0.000, 0.000, 0.000, 0.008, 200 
38,1,0.007, 0.000, 0.000, 0.000, 0.000, 0.000, 0.007, 200 
39,1,0.005, 0.000, 0.000, 0.000, 0.000, 0.000, 0.005, 200 
40,1,0.006, 0.000, 0.000, 0.000, 0.000, 0.000, 0.006, 200 
41,1,0.005, 0.000, 0.000, 0.000, 0.000, 0.000, 0.005, 200 
42,1,0.005, 0.000, 0.000, 0.000, 0.000, 0.000, 0.005, 200 
43,1,0.009, 0.000, 0.000, 0.000, 0.000, 0.000, 0.009, 200 
44,1,0.005, 0.000, 0.000, 0.000, 0.000, 0.000, 0.005, 200 
45,1,0.006, 0.000, 0.000, 0.000, 0.000, 0.000, 0.006, 200 
46,1,0.006, 0.000, 0.000, 0.000, 0.000, 0.000, 0.005, 200 
47,1,0.013, 0.000, 0.000, 0.000, 0.000, 0.000, 0.013, 200 
48,1,0.006, 0.000, 0.000, 0.000, 0.000, 0.000, 0.006, 200 
49,1,0.005, 0.000, 0.000, 0.000, 0.000, 0.000, 0.005, 200 
50,1,0.006, 0.000, 0.000, 0.000, 0.000, 0.000, 0.006, 200 
51,1,0.005, 0.000, 0.000, 0.000, 0.000, 0.000, 0.005, 200 
52,1,0.005, 0.000, 0.000, 0.000, 0.000, 0.000, 0.005, 200 
53,1,0.006, 0.000, 0.000, 0.000, 0.000, 0.000, 0.006, 200 
54,1,0.005, 0.000, 0.000, 0.000, 0.000, 0.000, 0.005, 200 
55,1,0.004, 0.000, 0.000, 0.000, 0.000, 0.000, 0.004, 200 
56,1,0.005, 0.000, 0.000, 0.000, 0.000, 0.000, 0.005, 200 
57,1,0.005, 0.000, 0.000, 0.000, 0.000, 0.000, 0.005, 200 
58,1,0.005, 0.000, 0.000, 0.000, 0.000, 0.000, 0.005, 200 
59,1,0.008, 0.000, 0.000, 0.000, 0.000, 0.000, 0.008, 200 
60,1,0.009, 0.000, 0.000, 0.000, 0.000, 0.000, 0.009, 200 
61,1,0.004, 0.000, 0.000, 0.000, 0.000, 0.000, 0.004, 200 
62,1,0.006, 0.000, 0.000, 0.000, 0.000, 0.000, 0.006, 200 
63,1,0.005, 0.000, 0.000, 0.000, 0.000, 0.000, 0.005, 200 
64,1,0.004, 0.000, 0.000, 0.000, 0.000, 0.000, 0.004, 200 
65,1,0.005, 0.000, 0.000, 0.000, 0.000, 0.000, 0.005, 200 
66,1,0.005, 0.000, 0.000, 0.000, 0.000, 0.000, 0.005, 200 
67,1,0.005, 0.000, 0.000, 0.000, 0.000, 0.000, 0.005, 200 
68,1,0.005, 0.000, 0.000, 0.000, 0.000, 0.000, 0.005, 200 
69,1,0.004, 0.000, 0.000, 0.000, 0.000, 0.000, 0.004, 200 
70,1,0.011, 0.000, 0.000, 0.000, 0.000, 0.000, 0.010, 200 
71,1,0.006, 0.000, 0.000, 0.000, 0.000, 0.000, 0.006, 200 
72,1,0.005, 0.000, 0.000, 0.000, 0.000, 0.000, 0.005, 200 
73,1,0.005, 0.000, 0.000, 0.000, 0.000, 0.000, 0.005, 200 
74,1,0.005, 0.000, 0.000, 0.000, 0.000, 0.000, 0.005, 200 
75,1,0.005, 0.000, 0.000, 0.000, 0.000, 0.000, 0.005, 200 
76,1,0.004, 0.000, 0.000, 0.000, 0.000, 0.000, 0.004, 200 
77,1,0.008, 0.000, 0.000, 0.000, 0.000, 0.000, 0.008, 200 
78,1,0.005, 0.000, 0.000, 0.000, 0.000, 0.000, 0.005, 200 
79,1,0.005, 0.000, 0.000, 0.000, 0.000, 0.000, 0.005, 200 
80,1,0.005, 0.000, 0.000, 0.000, 0.000, 0.000, 0.005, 200 
81,1,0.005, 0.000, 0.000, 0.000, 0.000, 0.000, 0.005, 200 
82,1,0.009, 0.000, 0.000, 0.000, 0.000, 0.000, 0.009, 200 
83,1,0.005, 0.000, 0.000, 0.000, 0.000, 0.000, 0.005, 200 
84,1,0.004, 0.000, 0.000, 0.000, 0.000, 0.000, 0.004, 200 
85,1,0.005, 0.000, 0.000, 0.000, 0.000, 0.000, 0.005, 200 
86,1,0.004, 0.000, 0.000, 0.000, 0.000, 0.000, 0.004, 200 
87,1,0.005, 0.000, 0.000, 0.000, 0.000, 0.000, 0.005, 200 
88,1,0.004, 0.000, 0.000, 0.000, 0.000, 0.000, 0.004, 200 
89,1,0.006, 0.000, 0.000, 0.000, 0.000, 0.000, 0.006, 200 
90,1,0.006, 0.000, 0.000, 0.000, 0.000, 0.000, 0.006, 200 
91,1,0.004, 0.000, 0.000, 0.000, 0.000, 0.000, 0.004, 200 
92,1,0.005, 0.000, 0.000, 0.000, 0.000, 0.000, 0.005, 200 
93,1,0.031, 0.000, 0.000, 0.000, 0.000, 0.000, 0.031, 200 
94,1,0.006, 0.000, 0.000, 0.000, 0.000, 0.000, 0.006, 200 
95,1,0.005, 0.000, 0.000, 0.000, 0.000, 0.000, 0.005, 200 
96,1,0.004, 0.000, 0.000, 0.000, 0.000, 0.000, 0.004, 200 
97,1,0.004, 0.000, 0.000, 0.000, 0.000, 0.000, 0.004, 200 
98,1,0.005, 0.000, 0.000, 0.000, 0.000, 0.000, 0.004, 200 
99,1,0.006, 0.000, 0.000, 0.000, 0.000, 0.000, 0.006, 200 
100,1,0.006, 0.000, 0.000, 0.000, 0.000, 0.000, 0.006, 200 
101,1,0.005, 0.000, 0.000, 0.000, 0.000, 0.000, 0.005, 200 
102,1,0.004, 0.000, 0.000, 0.000, 0.000, 0.000, 0.004, 200 
103,1,0.008, 0.000, 0.000, 0.000, 0.000, 0.000, 0.008, 200 
104,1,0.006, 0.000, 0.000, 0.000, 0.000, 0.000, 0.006, 200 
105,1,0.005, 0.000, 0.000, 0.000, 0.000, 0.000, 0.005, 200 
106,1,0.004, 0.000, 0.000, 0.000, 0.000, 0.000, 0.004, 200 
107,1,0.004, 0.000, 0.000, 0.000, 0.000, 0.000, 0.004, 200 
108,1,0.005, 0.000, 0.000, 0.000, 0.000, 0.000, 0.005, 200 
109,1,0.004, 0.000, 0.000, 0.000, 0.000, 0.000, 0.004, 200 
110,1,0.005, 0.000, 0.000, 0.000, 0.000, 0.000, 0.004, 200 
111,1,0.006, 0.000, 0.000, 0.000, 0.000, 0.000, 0.006, 200 
112,1,0.004, 0.000, 0.000, 0.000, 0.000, 0.000, 0.004, 200 
113,1,0.005, 0.000, 0.000, 0.000, 0.000, 0.000, 0.004, 200 
114,1,0.004, 0.000, 0.000, 0.000, 0.000, 0.000, 0.004, 200 
115,1,0.009, 0.000, 0.000, 0.000, 0.000, 0.000, 0.009, 200 
116,1,0.005, 0.000, 0.000, 0.000, 0.000, 0.000, 0.005, 200 
117,1,0.006, 0.000, 0.000, 0.000, 0.000, 0.000, 0.006, 200 
118,1,0.004, 0.000, 0.000, 0.000, 0.000, 0.000, 0.004, 200 
119,1,0.005, 0.000, 0.000, 0.000, 0.000, 0.000, 0.005, 200 
120,1,0.004, 0.000, 0.000, 0.000, 0.000, 0.000, 0.004, 200 
121,1,0.004, 0.000, 0.000, 0.000, 0.000, 0.000, 0.004, 200 
122,2,0.005, 0.000, 0.000, 0.000, 0.000, 0.000, 0.005, 200 
123,2,0.004, 0.000, 0.000, 0.000, 0.000, 0.000, 0.004, 200 
124,2,0.005, 0.000, 0.000, 0.000, 0.000, 0.000, 0.004, 200 
125,2,0.004, 0.000, 0.000, 0.000, 0.000, 0.000, 0.004, 200 
126,2,0.005, 0.000, 0.000, 0.000, 0.000, 0.000, 0.005, 200 
127,2,0.004, 0.000, 0.000, 0.000, 0.000, 0.000, 0.004, 200 
128,2,0.012, 0.000, 0.000, 0.000, 0.000, 0.000, 0.012, 200 
129,2,0.005, 0.000, 0.000, 0.000, 0.000, 0.000, 0.005, 200 
130,2,0.023, 0.000, 0.000, 0.000, 0.000, 0.000, 0.023, 200 
131,2,0.005, 0.000, 0.000, 0.000, 0.000, 0.000, 0.005, 200 
132,2,0.005, 0.000, 0.000, 0.000, 0.000, 0.000, 0.005, 200 
133,2,0.006, 0.000, 0.000, 0.000, 0.000, 0.000, 0.006, 200 
134,2,0.005, 0.000, 0.000, 0.000, 0.000, 0.000, 0.005, 200 
135,2,0.005, 0.000, 0.000, 0.000, 0.000, 0.000, 0.005, 200 
136,2,0.004, 0.000, 0.000, 0.000, 0.000, 0.000, 0.004, 200 
137,2,0.022, 0.000, 0.000, 0.000, 0.000, 0.000, 0.022, 200 
138,2,0.009, 0.000, 0.000, 0.000, 0.000, 0.000, 0.009, 200 
139,2,0.006, 0.000, 0.000, 0.000, 0.000, 0.000, 0.006, 200 
140,2,0.004, 0.000, 0.000, 0.000, 0.000, 0.000, 0.004, 200 
141,2,0.004, 0.000, 0.000, 0.000, 0.000, 0.000, 0.004, 200 
142,2,0.004, 0.000, 0.000, 0.000, 0.000, 0.000, 0.004, 200 
143,2,0.004, 0.000, 0.000, 0.000, 0.000, 0.000, 0.004, 200 
144,2,0.004, 0.000, 0.000, 0.000, 0.000, 0.000, 0.004, 200 
145,2,0.008, 0.000, 0.000, 0.000, 0.000, 0.000, 0.008, 200 
146,2,0.008, 0.000, 0.000, 0.000, 0.000, 0.000, 0.008, 200 
147,2,0.004, 0.000, 0.000, 0.000, 0.000, 0.000, 0.004, 200 
148,2,0.004, 0.000, 0.000, 0.000, 0.000, 0.000, 0.004, 200 
149,2,0.004, 0.000, 0.000, 0.000, 0.000, 0.000, 0.004, 200 
150,2,0.004, 0.000, 0.000, 0.000, 0.000, 0.000, 0.004, 200 
151,2,0.004, 0.000, 0.000, 0.000, 0.000, 0.000, 0.004, 200 
152,2,0.004, 0.000, 0.000, 0.000, 0.000, 0.000, 0.004, 200 
153,2,0.006, 0.000, 0.000, 0.000, 0.000, 0.000, 0.006, 200 
154,2,0.004, 0.000, 0.000, 0.000, 0.000, 0.000, 0.004, 200 
155,2,0.004, 0.000, 0.000, 0.000, 0.000, 0.000, 0.004, 200 
156,2,0.004, 0.000, 0.000, 0.000, 0.000, 0.000, 0.004, 200 
157,2,0.004, 0.000, 0.000, 0.000, 0.000, 0.000, 0.004, 200 
158,2,0.004, 0.000, 0.000, 0.000, 0.000, 0.000, 0.004, 200 
159,2,0.046, 0.000, 0.000, 0.000, 0.000, 0.000, 0.046, 200 
160,2,0.007, 0.000, 0.000, 0.000, 0.000, 0.000, 0.007, 200 
161,2,0.006, 0.000, 0.000, 0.000, 0.000, 0.000, 0.006, 200 
162,2,0.009, 0.000, 0.000, 0.000, 0.000, 0.000, 0.009, 200 
163,2,0.004, 0.000, 0.000, 0.000, 0.000, 0.000, 0.004, 200 
164,2,0.005, 0.000, 0.000, 0.000, 0.000, 0.000, 0.005, 200 
165,2,0.004, 0.000, 0.000, 0.000, 0.000, 0.000, 0.004, 200 
166,2,0.006, 0.000, 0.000, 0.000, 0.000, 0.000, 0.006, 200 
167,2,0.005, 0.000, 0.000, 0.000, 0.000, 0.000, 0.005, 200 
168,2,0.005, 0.000, 0.000, 0.000, 0.000, 0.000, 0.005, 200 
169,2,0.008, 0.000, 0.000, 0.000, 0.000, 0.000, 0.008, 200 
170,2,0.004, 0.000, 0.000, 0.000, 0.000, 0.000, 0.004, 200 
171,2,0.004, 0.000, 0.000, 0.000, 0.000, 0.000, 0.004, 200 
172,2,0.004, 0.000, 0.000, 0.000, 0.000, 0.000, 0.004, 200 
173,2,0.004, 0.000, 0.000, 0.000, 0.000, 0.000, 0.004, 200 
174,2,0.004, 0.000, 0.000, 0.000, 0.000, 0.000, 0.004, 200 
175,2,0.004, 0.000, 0.000, 0.000, 0.000, 0.000, 0.004, 200 
176,2,0.005, 0.000, 0.000, 0.000, 0.000, 0.000, 0.005, 200 
177,2,0.004, 0.000, 0.000, 0.000, 0.000, 0.000, 0.004, 200 
178,2,0.005, 0.000, 0.000, 0.000, 0.000, 0.000, 0.005, 200 
179,2,0.033, 0.000, 0.000, 0.000, 0.000, 0.000, 0.032, 200 
180,2,0.005, 0.000, 0.000, 0.000, 0.000, 0.000, 0.005, 200 
181,2,0.005, 0.000, 0.000, 0.000, 0.000, 0.000, 0.005, 200 
182,2,0.005, 0.000, 0.000, 0.000, 0.000, 0.000, 0.005, 200 
183,2,0.005, 0.000, 0.000, 0.000, 0.000, 0.000, 0.005, 200 
184,2,0.005, 0.000, 0.000, 0.000, 0.000, 0.000, 0.005, 200 
185,2,0.006, 0.000, 0.000, 0.000, 0.000, 0.000, 0.006, 200 
186,2,0.004, 0.000, 0.000, 0.000, 0.000, 0.000, 0.004, 200 
187,2,0.006, 0.000, 0.000, 0.000, 0.000, 0.000, 0.006, 200 
188,2,0.004, 0.000, 0.000, 0.000, 0.000, 0.000, 0.004, 200 
189,2,0.006, 0.000, 0.000, 0.000, 0.000, 0.000, 0.006, 200 
190,2,0.005, 0.000, 0.000, 0.000, 0.000, 0.000, 0.005, 200 
191,2,0.009, 0.000, 0.000, 0.000, 0.000, 0.000, 0.009, 200 
192,2,0.005, 0.000, 0.000, 0.000, 0.000, 0.000, 0.005, 200 
193,2,0.004, 0.000, 0.000, 0.000, 0.000, 0.000, 0.004, 200 
194,2,0.004, 0.000, 0.000, 0.000, 0.000, 0.000, 0.004, 200 
195,2,0.005, 0.000, 0.000, 0.000, 0.000, 0.000, 0.005, 200 
196,2,0.004, 0.000, 0.000, 0.000, 0.000, 0.000, 0.004, 200 
197,2,0.006, 0.000, 0.000, 0.000, 0.000, 0.000, 0.006, 200 
198,2,0.004, 0.000, 0.000, 0.000, 0.000, 0.000, 0.004, 200 
199,2,0.005, 0.000, 0.000, 0.000, 0.000, 0.000, 0.005, 200 
200,2,0.004, 0.000, 0.000, 0.000, 0.000, 0.000, 0.004, 200 
201,2,0.005, 0.000, 0.000, 0.000, 0.000, 0.000, 0.005, 200 
202,2,0.004, 0.000, 0.000, 0.000, 0.000, 0.000, 0.004, 200 
203,2,0.006, 0.000, 0.000, 0.000, 0.000, 0.000, 0.006, 200 
204,2,0.007, 0.000, 0.000, 0.000, 0.000, 0.000, 0.007, 200 
205,2,0.005, 0.000, 0.000, 0.000, 0.000, 0.000, 0.005, 200 
206,2,0.004, 0.000, 0.000, 0.000, 0.000, 0.000, 0.004, 200 
207,2,0.005, 0.000, 0.000, 0.000, 0.000, 0.000, 0.005, 200 
208,2,0.005, 0.000, 0.000, 0.000, 0.000, 0.000, 0.005, 200 
209,2,0.005, 0.000, 0.000, 0.000, 0.000, 0.000, 0.005, 200 
210,2,0.004, 0.000, 0.000, 0.000, 0.000, 0.000, 0.004, 200 
211,2,0.004, 0.000, 0.000, 0.000, 0.000, 0.000, 0.004, 200 
212,2,0.004, 0.000, 0.000, 0.000, 0.000, 0.000, 0.004, 200 
213,2,0.004, 0.000, 0.000, 0.000, 0.000, 0.000, 0.004, 200 
214,2,0.007, 0.000, 0.000, 0.000, 0.000, 0.000, 0.007, 200 
215,2,0.004, 0.000, 0.000, 0.000, 0.000, 0.000, 0.004, 200 
216,2,0.011, 0.000, 0.000, 0.000, 0.000, 0.000, 0.011, 200 
217,2,0.004, 0.000, 0.000, 0.000, 0.000, 0.000, 0.004, 200 
218,2,0.004, 0.000, 0.000, 0.000, 0.000, 0.000, 0.004, 200 
219,2,0.005, 0.000, 0.000, 0.000, 0.000, 0.000, 0.005, 200 
220,2,0.004, 0.000, 0.000, 0.000, 0.000, 0.000, 0.004, 200 
221,2,0.005, 0.000, 0.000, 0.000, 0.000, 0.000, 0.005, 200 
222,3,0.004, 0.000, 0.000, 0.000, 0.000, 0.000, 0.004, 200 
223,3,0.005, 0.000, 0.000, 0.000, 0.000, 0.000, 0.005, 200 
224,3,0.004, 0.000, 0.000, 0.000, 0.000, 0.000, 0.004, 200 
225,3,0.004, 0.000, 0.000, 0.000, 0.000, 0.000, 0.004, 200 
226,3,0.004, 0.000, 0.000, 0.000, 0.000, 0.000, 0.004, 200 
227,3,0.004, 0.000, 0.000, 0.000, 0.000, 0.000, 0.004, 200 
228,3,0.005, 0.000, 0.000, 0.000, 0.000, 0.000, 0.005, 200 
229,3,0.010, 0.000, 0.000, 0.000, 0.000, 0.000, 0.010, 200 
230,3,0.004, 0.000, 0.000, 0.000, 0.000, 0.000, 0.004, 200 
231,3,0.007, 0.000, 0.000, 0.000, 0.000, 0.000, 0.007, 200 
232,3,0.004, 0.000, 0.000, 0.000, 0.000, 0.000, 0.004, 200 
233,3,0.004, 0.000, 0.000, 0.000, 0.000, 0.000, 0.004, 200 
234,3,0.004, 0.000, 0.000, 0.000, 0.000, 0.000, 0.004, 200 
235,3,0.004, 0.000, 0.000, 0.000, 0.000, 0.000, 0.004, 200 
236,3,0.004, 0.000, 0.000, 0.000, 0.000, 0.000, 0.004, 200 
237,3,0.004, 0.000, 0.000, 0.000, 0.000, 0.000, 0.004, 200 
238,3,0.005, 0.000, 0.000, 0.000, 0.000, 0.000, 0.005, 200 
239,3,0.004, 0.000, 0.000, 0.000, 0.000, 0.000, 0.004, 200 
240,3,0.004, 0.000, 0.000, 0.000, 0.000, 0.000, 0.004, 200 
241,3,0.010, 0.000, 0.000, 0.000, 0.000, 0.000, 0.010, 200 
242,3,0.004, 0.000, 0.000, 0.000, 0.000, 0.000, 0.004, 200 
243,3,0.004, 0.000, 0.000, 0.000, 0.000, 0.000, 0.004, 200 
244,3,0.004, 0.000, 0.000, 0.000, 0.000, 0.000, 0.004, 200 
245,3,0.004, 0.000, 0.000, 0.000, 0.000, 0.000, 0.004, 200 
246,3,0.005, 0.000, 0.000, 0.000, 0.000, 0.000, 0.004, 200 
247,3,0.008, 0.000, 0.000, 0.000, 0.000, 0.000, 0.008, 200 
248,3,0.004, 0.000, 0.000, 0.000, 0.000, 0.000, 0.004, 200 
249,3,0.007, 0.000, 0.000, 0.000, 0.000, 0.000, 0.007, 200 
250,3,0.004, 0.000, 0.000, 0.000, 0.000, 0.000, 0.004, 200 
251,3,0.005, 0.000, 0.000, 0.000, 0.000, 0.000, 0.005, 200 
252,3,0.004, 0.000, 0.000, 0.000, 0.000, 0.000, 0.004, 200 
253,3,0.012, 0.000, 0.000, 0.000, 0.000, 0.000, 0.012, 200 
254,3,0.004, 0.000, 0.000, 0.000, 0.000, 0.000, 0.004, 200 
255,3,0.004, 0.000, 0.000, 0.000, 0.000, 0.000, 0.004, 200 
256,3,0.004, 0.000, 0.000, 0.000, 0.000, 0.000, 0.004, 200 
257,3,0.004, 0.000, 0.000, 0.000, 0.000, 0.000, 0.004, 200 
258,3,0.004, 0.000, 0.000, 0.000, 0.000, 0.000, 0.004, 200 
259,3,0.004, 0.000, 0.000, 0.000, 0.000, 0.000, 0.004, 200 
260,3,0.004, 0.000, 0.000, 0.000, 0.000, 0.000, 0.004, 200 
261,3,0.004, 0.000, 0.000, 0.000, 0.000, 0.000, 0.004, 200 
262,3,0.005, 0.000, 0.000, 0.000, 0.000, 0.000, 0.005, 200 
263,3,0.005, 0.000, 0.000, 0.000, 0.000, 0.000, 0.005, 200 
264,3,0.004, 0.000, 0.000, 0.000, 0.000, 0.000, 0.004, 200 
265,3,0.033, 0.000, 0.000, 0.000, 0.000, 0.000, 0.033, 200 
266,3,0.006, 0.000, 0.000, 0.000, 0.000, 0.000, 0.006, 200 
267,3,0.005, 0.000, 0.000, 0.000, 0.000, 0.000, 0.005, 200 
268,3,0.005, 0.000, 0.000, 0.000, 0.000, 0.000, 0.005, 200 
269,3,0.004, 0.000, 0.000, 0.000, 0.000, 0.000, 0.004, 200 
270,3,0.004, 0.000, 0.000, 0.000, 0.000, 0.000, 0.004, 200 
271,3,0.005, 0.000, 0.000, 0.000, 0.000, 0.000, 0.004, 200 
272,3,0.005, 0.000, 0.000, 0.000, 0.000, 0.000, 0.005, 200 
273,3,0.004, 0.000, 0.000, 0.000, 0.000, 0.000, 0.004, 200 
274,3,0.004, 0.000, 0.000, 0.000, 0.000, 0.000, 0.004, 200 
275,3,0.004, 0.000, 0.000, 0.000, 0.000, 0.000, 0.004, 200 
276,3,0.009, 0.000, 0.000, 0.000, 0.000, 0.000, 0.009, 200 
277,3,0.006, 0.000, 0.000, 0.000, 0.000, 0.000, 0.006, 200 
278,3,0.004, 0.000, 0.000, 0.000, 0.000, 0.000, 0.004, 200 
279,3,0.004, 0.000, 0.000, 0.000, 0.000, 0.000, 0.004, 200 
280,3,0.004, 0.000, 0.000, 0.000, 0.000, 0.000, 0.004, 200 
281,3,0.004, 0.000, 0.000, 0.000, 0.000, 0.000, 0.004, 200 
282,3,0.004, 0.000, 0.000, 0.000, 0.000, 0.000, 0.004, 200 
283,3,0.005, 0.000, 0.000, 0.000, 0.000, 0.000, 0.005, 200 
284,3,0.005, 0.000, 0.000, 0.000, 0.000, 0.000, 0.005, 200 
285,3,0.004, 0.000, 0.000, 0.000, 0.000, 0.000, 0.004, 200 
286,3,0.004, 0.000, 0.000, 0.000, 0.000, 0.000, 0.004, 200 
287,3,0.005, 0.000, 0.000, 0.000, 0.000, 0.000, 0.005, 200 
288,3,0.004, 0.000, 0.000, 0.000, 0.000, 0.000, 0.004, 200 
289,3,0.010, 0.000, 0.000, 0.000, 0.000, 0.000, 0.010, 200 
290,3,0.005, 0.000, 0.000, 0.000, 0.000, 0.000, 0.005, 200 
291,3,0.005, 0.000, 0.000, 0.000, 0.000, 0.000, 0.004, 200 
292,3,0.005, 0.000, 0.000, 0.000, 0.000, 0.000, 0.005, 200 
293,3,0.004, 0.000, 0.000, 0.000, 0.000, 0.000, 0.004, 200 
294,3,0.004, 0.000, 0.000, 0.000, 0.000, 0.000, 0.004, 200 
295,3,0.004, 0.000, 0.000, 0.000, 0.000, 0.000, 0.004, 200 
296,3,0.004, 0.000, 0.000, 0.000, 0.000, 0.000, 0.004, 200 
297,3,0.004, 0.000, 0.000, 0.000, 0.000, 0.000, 0.004, 200 
298,3,0.005, 0.000, 0.000, 0.000, 0.000, 0.000, 0.005, 200 
299,3,0.004, 0.000, 0.000, 0.000, 0.000, 0.000, 0.004, 200 
300,3,0.008, 0.000, 0.000, 0.000, 0.000, 0.000, 0.008, 200 
301,3,0.009, 0.000, 0.000, 0.000, 0.000, 0.000, 0.009, 200 
302,3,0.004, 0.000, 0.000, 0.000, 0.000, 0.000, 0.004, 200 
303,3,0.004, 0.000, 0.000, 0.000, 0.000, 0.000, 0.004, 200 
304,3,0.004, 0.000, 0.000, 0.000, 0.000, 0.000, 0.004, 200 
305,3,0.004, 0.000, 0.000, 0.000, 0.000, 0.000, 0.004, 200 
306,3,0.004, 0.000, 0.000, 0.000, 0.000, 0.000, 0.004, 200 
307,3,0.004, 0.000, 0.000, 0.000, 0.000, 0.000, 0.004, 200 
308,3,0.004, 0.000, 0.000, 0.000, 0.000, 0.000, 0.004, 200 
309,3,0.004, 0.000, 0.000, 0.000, 0.000, 0.000, 0.004, 200 
310,3,0.004, 0.000, 0.000, 0.000, 0.000, 0.000, 0.004, 200 
311,3,0.004, 0.000, 0.000, 0.000, 0.000, 0.000, 0.004, 200 
312,3,0.005, 0.000, 0.000, 0.000, 0.000, 0.000, 0.004, 200 
313,3,0.004, 0.000, 0.000, 0.000, 0.000, 0.000, 0.004, 200 
314,3,0.008, 0.000, 0.000, 0.000, 0.000, 0.000, 0.008, 200 
315,3,0.005, 0.000, 0.000, 0.000, 0.000, 0.000, 0.005, 200 
316,3,0.010, 0.000, 0.000, 0.000, 0.000, 0.000, 0.010, 200 
317,3,0.004, 0.000, 0.000, 0.000, 0.000, 0.000, 0.004, 200 
318,3,0.005, 0.000, 0.000, 0.000, 0.000, 0.000, 0.005, 200 
319,3,0.005, 0.000, 0.000, 0.000, 0.000, 0.000, 0.004, 200 
320,3,0.005, 0.000, 0.000, 0.000, 0.000, 0.000, 0.005, 200 
321,3,0.004, 0.000, 0.000, 0.000, 0.000, 0.000, 0.004, 200 
322,3,0.005, 0.000, 0.000, 0.000, 0.000, 0.000, 0.005, 200 
323,3,0.004, 0.000, 0.000, 0.000, 0.000, 0.000, 0.004, 200 
324,3,0.004, 0.000, 0.000, 0.000, 0.000, 0.000, 0.004, 200 
325,3,0.005, 0.000, 0.000, 0.000, 0.000, 0.000, 0.005, 200 
326,3,0.007, 0.000, 0.000, 0.000, 0.000, 0.000, 0.007, 200 
327,3,0.004, 0.000, 0.000, 0.000, 0.000, 0.000, 0.004, 200 
328,3,0.005, 0.000, 0.000, 0.000, 0.000, 0.000, 0.005, 200 
329,3,0.004, 0.000, 0.000, 0.000, 0.000, 0.000, 0.004, 200 
330,3,0.004, 0.000, 0.000, 0.000, 0.000, 0.000, 0.004, 200 
331,3,0.004, 0.000, 0.000, 0.000, 0.000, 0.000, 0.004, 200 
332,3,0.004, 0.000, 0.000, 0.000, 0.000, 0.000, 0.004, 200 
333,3,0.009, 0.000, 0.000, 0.000, 0.000, 0.000, 0.009, 200 
334,4,0.004, 0.000, 0.000, 0.000, 0.000, 0.000, 0.004, 200 
335,4,0.004, 0.000, 0.000, 0.000, 0.000, 0.000, 0.004, 200 
336,4,0.005, 0.000, 0.000, 0.000, 0.000, 0.000, 0.005, 200 
337,4,0.004, 0.000, 0.000, 0.000, 0.000, 0.000, 0.004, 200 
338,4,0.011, 0.000, 0.000, 0.000, 0.000, 0.000, 0.011, 200 
339,4,0.004, 0.000, 0.000, 0.000, 0.000, 0.000, 0.004, 200 
340,4,0.005, 0.000, 0.000, 0.000, 0.000, 0.000, 0.005, 200 
341,4,0.004, 0.000, 0.000, 0.000, 0.000, 0.000, 0.004, 200 
342,4,0.004, 0.000, 0.000, 0.000, 0.000, 0.000, 0.004, 200 
343,4,0.005, 0.000, 0.000, 0.000, 0.000, 0.000, 0.005, 200 
344,4,0.004, 0.000, 0.000, 0.000, 0.000, 0.000, 0.004, 200 
345,4,0.004, 0.000, 0.000, 0.000, 0.000, 0.000, 0.004, 200 
346,4,0.004, 0.000, 0.000, 0.000, 0.000, 0.000, 0.004, 200 
347,4,0.028, 0.000, 0.000, 0.000, 0.000, 0.000, 0.028, 200 
348,4,0.010, 0.000, 0.000, 0.000, 0.000, 0.000, 0.010, 200 
349,4,0.005, 0.000, 0.000, 0.000, 0.000, 0.000, 0.005, 200 
350,4,0.004, 0.000, 0.000, 0.000, 0.000, 0.000, 0.004, 200 
351,4,0.005, 0.000, 0.000, 0.000, 0.000, 0.000, 0.004, 200 
352,4,0.005, 0.000, 0.000, 0.000, 0.000, 0.000, 0.005, 200 
353,4,0.004, 0.000, 0.000, 0.000, 0.000, 0.000, 0.004, 200 
354,4,0.004, 0.000, 0.000, 0.000, 0.000, 0.000, 0.004, 200 
355,4,0.004, 0.000, 0.000, 0.000, 0.000, 0.000, 0.004, 200 
356,4,0.004, 0.000, 0.000, 0.000, 0.000, 0.000, 0.004, 200 
357,4,0.004, 0.000, 0.000, 0.000, 0.000, 0.000, 0.004, 200 
358,4,0.004, 0.000, 0.000, 0.000, 0.000, 0.000, 0.004, 200 
359,4,0.004, 0.000, 0.000, 0.000, 0.000, 0.000, 0.004, 200 
360,4,0.004, 0.000, 0.000, 0.000, 0.000, 0.000, 0.004, 200 
361,4,0.007, 0.000, 0.000, 0.000, 0.000, 0.000, 0.007, 200 
362,4,0.004, 0.000, 0.000, 0.000, 0.000, 0.000, 0.004, 200 
363,4,0.004, 0.000, 0.000, 0.000, 0.000, 0.000, 0.004, 200 
364,4,0.004, 0.000, 0.000, 0.000, 0.000, 0.000, 0.004, 200 
365,4,0.004, 0.000, 0.000, 0.000, 0.000, 0.000, 0.004, 200 
366,4,0.006, 0.000, 0.000, 0.000, 0.000, 0.000, 0.006, 200 
367,4,0.004, 0.000, 0.000, 0.000, 0.000, 0.000, 0.004, 200 
368,4,0.005, 0.000, 0.000, 0.000, 0.000, 0.000, 0.005, 200 
369,4,0.004, 0.000, 0.000, 0.000, 0.000, 0.000, 0.004, 200 
370,4,0.005, 0.000, 0.000, 0.000, 0.000, 0.000, 0.005, 200 
371,4,0.004, 0.000, 0.000, 0.000, 0.000, 0.000, 0.004, 200 
372,4,0.005, 0.000, 0.000, 0.000, 0.000, 0.000, 0.005, 200 
373,4,0.004, 0.000, 0.000, 0.000, 0.000, 0.000, 0.004, 200 
374,4,0.007, 0.000, 0.000, 0.000, 0.000, 0.000, 0.007, 200 
375,4,0.004, 0.000, 0.000, 0.000, 0.000, 0.000, 0.004, 200 
376,4,0.004, 0.000, 0.000, 0.000, 0.000, 0.000, 0.004, 200 
377,4,0.004, 0.000, 0.000, 0.000, 0.000, 0.000, 0.004, 200 
378,4,0.004, 0.000, 0.000, 0.000, 0.000, 0.000, 0.004, 200 
379,4,0.004, 0.000, 0.000, 0.000, 0.000, 0.000, 0.004, 200 
380,4,0.004, 0.000, 0.000, 0.000, 0.000, 0.000, 0.004, 200 
381,4,0.004, 0.000, 0.000, 0.000, 0.000, 0.000, 0.004, 200 
382,4,0.009, 0.000, 0.000, 0.000, 0.000, 0.000, 0.009, 200 
383,4,0.004, 0.000, 0.000, 0.000, 0.000, 0.000, 0.004, 200 
384,4,0.004, 0.000, 0.000, 0.000, 0.000, 0.000, 0.004, 200 
385,4,0.005, 0.000, 0.000, 0.000, 0.000, 0.000, 0.005, 200 
386,4,0.004, 0.000, 0.000, 0.000, 0.000, 0.000, 0.004, 200 
387,4,0.007, 0.000, 0.000, 0.000, 0.000, 0.000, 0.007, 200 
388,4,0.004, 0.000, 0.000, 0.000, 0.000, 0.000, 0.004, 200 
389,4,0.005, 0.000, 0.000, 0.000, 0.000, 0.000, 0.004, 200 
390,4,0.004, 0.000, 0.000, 0.000, 0.000, 0.000, 0.004, 200 
391,4,0.004, 0.000, 0.000, 0.000, 0.000, 0.000, 0.004, 200 
392,4,0.004, 0.000, 0.000, 0.000, 0.000, 0.000, 0.004, 200 
393,4,0.004, 0.000, 0.000, 0.000, 0.000, 0.000, 0.004, 200 
394,4,0.004, 0.000, 0.000, 0.000, 0.000, 0.000, 0.004, 200 
395,4,0.004, 0.000, 0.000, 0.000, 0.000, 0.000, 0.004, 200 
396,4,0.004, 0.000, 0.000, 0.000, 0.000, 0.000, 0.004, 200 
397,4,0.004, 0.000, 0.000, 0.000, 0.000, 0.000, 0.004, 200 
398,4,0.004, 0.000, 0.000, 0.000, 0.000, 0.000, 0.004, 200 
399,4,0.007, 0.000, 0.000, 0.000, 0.000, 0.000, 0.007, 200 
400,4,0.008, 0.000, 0.000, 0.000, 0.000, 0.000, 0.008, 200 
401,4,0.004, 0.000, 0.000, 0.000, 0.000, 0.000, 0.004, 200 
402,4,0.005, 0.000, 0.000, 0.000, 0.000, 0.000, 0.005, 200 
403,4,0.004, 0.000, 0.000, 0.000, 0.000, 0.000, 0.004, 200 
404,4,0.004, 0.000, 0.000, 0.000, 0.000, 0.000, 0.004, 200 
405,4,0.004, 0.000, 0.000, 0.000, 0.000, 0.000, 0.004, 200 
406,4,0.004, 0.000, 0.000, 0.000, 0.000, 0.000, 0.004, 200 
407,4,0.004, 0.000, 0.000, 0.000, 0.000, 0.000, 0.004, 200 
408,4,0.004, 0.000, 0.000, 0.000, 0.000, 0.000, 0.004, 200 
409,4,0.005, 0.000, 0.000, 0.000, 0.000, 0.000, 0.005, 200 
410,4,0.005, 0.000, 0.000, 0.000, 0.000, 0.000, 0.005, 200 
411,4,0.004, 0.000, 0.000, 0.000, 0.000, 0.000, 0.004, 200 
412,4,0.004, 0.000, 0.000, 0.000, 0.000, 0.000, 0.004, 200 
413,4,0.010, 0.000, 0.000, 0.000, 0.000, 0.000, 0.010, 200 
414,4,0.004, 0.000, 0.000, 0.000, 0.000, 0.000, 0.004, 200 
415,4,0.009, 0.000, 0.000, 0.000, 0.000, 0.000, 0.009, 200 
416,4,0.004, 0.000, 0.000, 0.000, 0.000, 0.000, 0.004, 200 
417,4,0.004, 0.000, 0.000, 0.000, 0.000, 0.000, 0.004, 200 
418,4,0.004, 0.000, 0.000, 0.000, 0.000, 0.000, 0.004, 200 
419,4,0.004, 0.000, 0.000, 0.000, 0.000, 0.000, 0.004, 200 
420,4,0.004, 0.000, 0.000, 0.000, 0.000, 0.000, 0.004, 200 
421,4,0.004, 0.000, 0.000, 0.000, 0.000, 0.000, 0.004, 200 
422,4,0.005, 0.000, 0.000, 0.000, 0.000, 0.000, 0.005, 200 
423,4,0.004, 0.000, 0.000, 0.000, 0.000, 0.000, 0.004, 200 
424,4,0.005, 0.000, 0.000, 0.000, 0.000, 0.000, 0.005, 200 
425,4,0.010, 0.000, 0.000, 0.000, 0.000, 0.000, 0.010, 200 
426,4,0.004, 0.000, 0.000, 0.000, 0.000, 0.000, 0.004, 200 
427,4,0.004, 0.000, 0.000, 0.000, 0.000, 0.000, 0.004, 200 
428,4,0.004, 0.000, 0.000, 0.000, 0.000, 0.000, 0.004, 200 
429,4,0.004, 0.000, 0.000, 0.000, 0.000, 0.000, 0.004, 200 
430,4,0.004, 0.000, 0.000, 0.000, 0.000, 0.000, 0.004, 200 
431,4,0.004, 0.000, 0.000, 0.000, 0.000, 0.000, 0.004, 200 
432,4,0.010, 0.000, 0.000, 0.000, 0.000, 0.000, 0.010, 200 
433,4,0.004, 0.000, 0.000, 0.000, 0.000, 0.000, 0.004, 200 
434,4,0.004, 0.000, 0.000, 0.000, 0.000, 0.000, 0.004, 200 
435,4,0.004, 0.000, 0.000, 0.000, 0.000, 0.000, 0.004, 200 
436,4,0.004, 0.000, 0.000, 0.000, 0.000, 0.000, 0.004, 200 
437,4,0.004, 0.000, 0.000, 0.000, 0.000, 0.000, 0.004, 200 
438,4,0.007, 0.000, 0.000, 0.000, 0.000, 0.000, 0.007, 200 
439,4,0.004, 0.000, 0.000, 0.000, 0.000, 0.000, 0.004, 200 
440,4,0.004, 0.000, 0.000, 0.000, 0.000, 0.000, 0.004, 200 
441,4,0.005, 0.000, 0.000, 0.000, 0.000, 0.000, 0.005, 200 
442,4,0.004, 0.000, 0.000, 0.000, 0.000, 0.000, 0.004, 200 
443,4,0.004, 0.000, 0.000, 0.000, 0.000, 0.000, 0.004, 200 
444,4,0.004, 0.000, 0.000, 0.000, 0.000, 0.000, 0.004, 200 
445,4,0.004, 0.000, 0.000, 0.000, 0.000, 0.000, 0.004, 200 
446,4,0.004, 0.000, 0.000, 0.000, 0.000, 0.000, 0.004, 200 
447,4,0.004, 0.000, 0.000, 0.000, 0.000, 0.000, 0.004, 200 
448,4,0.005, 0.000, 0.000, 0.000, 0.000, 0.000, 0.005, 200 
449,4,0.035, 0.000, 0.000, 0.000, 0.000, 0.000, 0.035, 200 
450,5,0.005, 0.000, 0.000, 0.000, 0.000, 0.000, 0.005, 200 
451,5,0.004, 0.000, 0.000, 0.000, 0.000, 0.000, 0.004, 200 
452,5,0.004, 0.000, 0.000, 0.000, 0.000, 0.000, 0.004, 200 
453,5,0.004, 0.000, 0.000, 0.000, 0.000, 0.000, 0.004, 200 
454,5,0.004, 0.000, 0.000, 0.000, 0.000, 0.000, 0.004, 200 
455,5,0.005, 0.000, 0.000, 0.000, 0.000, 0.000, 0.005, 200 
456,5,0.005, 0.000, 0.000, 0.000, 0.000, 0.000, 0.004, 200 
457,5,0.005, 0.000, 0.000, 0.000, 0.000, 0.000, 0.005, 200 
458,5,0.005, 0.000, 0.000, 0.000, 0.000, 0.000, 0.005, 200 
459,5,0.004, 0.000, 0.000, 0.000, 0.000, 0.000, 0.004, 200 
460,5,0.006, 0.000, 0.000, 0.000, 0.000, 0.000, 0.005, 200 
461,5,0.010, 0.000, 0.000, 0.000, 0.000, 0.000, 0.010, 200 
462,5,0.004, 0.000, 0.000, 0.000, 0.000, 0.000, 0.004, 200 
463,5,0.004, 0.000, 0.000, 0.000, 0.000, 0.000, 0.004, 200 
464,5,0.004, 0.000, 0.000, 0.000, 0.000, 0.000, 0.004, 200 
465,5,0.004, 0.000, 0.000, 0.000, 0.000, 0.000, 0.004, 200 
466,5,0.004, 0.000, 0.000, 0.000, 0.000, 0.000, 0.004, 200 
467,5,0.008, 0.000, 0.000, 0.000, 0.000, 0.000, 0.008, 200 
468,5,0.004, 0.000, 0.000, 0.000, 0.000, 0.000, 0.004, 200 
469,5,0.004, 0.000, 0.000, 0.000, 0.000, 0.000, 0.004, 200 
470,5,0.004, 0.000, 0.000, 0.000, 0.000, 0.000, 0.004, 200 
471,5,0.004, 0.000, 0.000, 0.000, 0.000, 0.000, 0.004, 200 
472,5,0.004, 0.000, 0.000, 0.000, 0.000, 0.000, 0.004, 200 
473,5,0.004, 0.000, 0.000, 0.000, 0.000, 0.000, 0.004, 200 
474,5,0.010, 0.000, 0.000, 0.000, 0.000, 0.000, 0.010, 200 
475,5,0.004, 0.000, 0.000, 0.000, 0.000, 0.000, 0.004, 200 
476,5,0.004, 0.000, 0.000, 0.000, 0.000, 0.000, 0.004, 200 
477,5,0.004, 0.000, 0.000, 0.000, 0.000, 0.000, 0.004, 200 
478,5,0.004, 0.000, 0.000, 0.000, 0.000, 0.000, 0.004, 200 
479,5,0.004, 0.000, 0.000, 0.000, 0.000, 0.000, 0.004, 200 
480,5,0.004, 0.000, 0.000, 0.000, 0.000, 0.000, 0.004, 200 
481,5,0.004, 0.000, 0.000, 0.000, 0.000, 0.000, 0.004, 200 
482,5,0.004, 0.000, 0.000, 0.000, 0.000, 0.000, 0.004, 200 
483,5,0.004, 0.000, 0.000, 0.000, 0.000, 0.000, 0.004, 200 
484,5,0.009, 0.000, 0.000, 0.000, 0.000, 0.000, 0.009, 200 
485,5,0.004, 0.000, 0.000, 0.000, 0.000, 0.000, 0.004, 200 
486,5,0.004, 0.000, 0.000, 0.000, 0.000, 0.000, 0.004, 200 
487,5,0.009, 0.000, 0.000, 0.000, 0.000, 0.000, 0.009, 200 
488,5,0.004, 0.000, 0.000, 0.000, 0.000, 0.000, 0.004, 200 
489,5,0.003, 0.000, 0.000, 0.000, 0.000, 0.000, 0.003, 200 
490,5,0.004, 0.000, 0.000, 0.000, 0.000, 0.000, 0.004, 200 
491,5,0.004, 0.000, 0.000, 0.000, 0.000, 0.000, 0.004, 200 
492,5,0.004, 0.000, 0.000, 0.000, 0.000, 0.000, 0.004, 200 
493,5,0.003, 0.000, 0.000, 0.000, 0.000, 0.000, 0.003, 200 
494,5,0.004, 0.000, 0.000, 0.000, 0.000, 0.000, 0.004, 200 
495,5,0.004, 0.000, 0.000, 0.000, 0.000, 0.000, 0.004, 200 
496,5,0.004, 0.000, 0.000, 0.000, 0.000, 0.000, 0.004, 200 
497,5,0.004, 0.000, 0.000, 0.000, 0.000, 0.000, 0.004, 200 
498,5,0.004, 0.000, 0.000, 0.000, 0.000, 0.000, 0.004, 200 
499,5,0.004, 0.000, 0.000, 0.000, 0.000, 0.000, 0.004, 200 
500,5,0.004, 0.000, 0.000, 0.000, 0.000, 0.000, 0.004, 200 
501,5,0.009, 0.000, 0.000, 0.000, 0.000, 0.000, 0.009, 200 
502,5,0.005, 0.000, 0.000, 0.000, 0.000, 0.000, 0.005, 200 
503,5,0.004, 0.000, 0.000, 0.000, 0.000, 0.000, 0.004, 200 
504,5,0.004, 0.000, 0.000, 0.000, 0.000, 0.000, 0.004, 200 
505,5,0.004, 0.000, 0.000, 0.000, 0.000, 0.000, 0.004, 200 
506,5,0.004, 0.000, 0.000, 0.000, 0.000, 0.000, 0.004, 200 
507,5,0.004, 0.000, 0.000, 0.000, 0.000, 0.000, 0.004, 200 
508,5,0.004, 0.000, 0.000, 0.000, 0.000, 0.000, 0.004, 200 
509,5,0.004, 0.000, 0.000, 0.000, 0.000, 0.000, 0.004, 200 
510,5,0.004, 0.000, 0.000, 0.000, 0.000, 0.000, 0.004, 200 
511,5,0.004, 0.000, 0.000, 0.000, 0.000, 0.000, 0.004, 200 
512,5,0.003, 0.000, 0.000, 0.000, 0.000, 0.000, 0.003, 200 
513,5,0.004, 0.000, 0.000, 0.000, 0.000, 0.000, 0.004, 200 
514,5,0.010, 0.000, 0.000, 0.000, 0.000, 0.000, 0.010, 200 
515,5,0.004, 0.000, 0.000, 0.000, 0.000, 0.000, 0.004, 200 
516,5,0.004, 0.000, 0.000, 0.000, 0.000, 0.000, 0.004, 200 
517,5,0.004, 0.000, 0.000, 0.000, 0.000, 0.000, 0.004, 200 
518,5,0.007, 0.000, 0.000, 0.000, 0.000, 0.000, 0.007, 200 
519,5,0.004, 0.000, 0.000, 0.000, 0.000, 0.000, 0.004, 200 
520,5,0.004, 0.000, 0.000, 0.000, 0.000, 0.000, 0.004, 200 
521,5,0.005, 0.000, 0.000, 0.000, 0.000, 0.000, 0.005, 200 
522,5,0.004, 0.000, 0.000, 0.000, 0.000, 0.000, 0.004, 200 
523,5,0.005, 0.000, 0.000, 0.000, 0.000, 0.000, 0.004, 200 
524,5,0.005, 0.000, 0.000, 0.000, 0.000, 0.000, 0.005, 200 
525,5,0.004, 0.000, 0.000, 0.000, 0.000, 0.000, 0.004, 200 
526,5,0.004, 0.000, 0.000, 0.000, 0.000, 0.000, 0.004, 200 
527,5,0.008, 0.000, 0.000, 0.000, 0.000, 0.000, 0.008, 200 
528,5,0.004, 0.000, 0.000, 0.000, 0.000, 0.000, 0.004, 200 
529,5,0.004, 0.000, 0.000, 0.000, 0.000, 0.000, 0.004, 200 
530,5,0.004, 0.000, 0.000, 0.000, 0.000, 0.000, 0.004, 200 
531,5,0.005, 0.000, 0.000, 0.000, 0.000, 0.000, 0.005, 200 
532,5,0.004, 0.000, 0.000, 0.000, 0.000, 0.000, 0.004, 200 
533,5,0.005, 0.000, 0.000, 0.000, 0.000, 0.000, 0.005, 200 
534,5,0.008, 0.000, 0.000, 0.000, 0.000, 0.000, 0.008, 200 
535,5,0.004, 0.000, 0.000, 0.000, 0.000, 0.000, 0.004, 200 
536,5,0.005, 0.000, 0.000, 0.000, 0.000, 0.000, 0.005, 200 
537,5,0.004, 0.000, 0.000, 0.000, 0.000, 0.000, 0.004, 200 
538,5,0.004, 0.000, 0.000, 0.000, 0.000, 0.000, 0.004, 200 
539,5,0.004, 0.000, 0.000, 0.000, 0.000, 0.000, 0.004, 200 
540,5,0.008, 0.000, 0.000, 0.000, 0.000, 0.000, 0.008, 200 
541,5,0.004, 0.000, 0.000, 0.000, 0.000, 0.000, 0.004, 200 
542,5,0.004, 0.000, 0.000, 0.000, 0.000, 0.000, 0.004, 200 
543,5,0.004, 0.000, 0.000, 0.000, 0.000, 0.000, 0.004, 200 
544,5,0.004, 0.000, 0.000, 0.000, 0.000, 0.000, 0.004, 200 
545,5,0.004, 0.000, 0.000, 0.000, 0.000, 0.000, 0.004, 200 
546,5,0.004, 0.000, 0.000, 0.000, 0.000, 0.000, 0.004, 200 
547,5,0.004, 0.000, 0.000, 0.000, 0.000, 0.000, 0.004, 200 
548,5,0.004, 0.000, 0.000, 0.000, 0.000, 0.000, 0.004, 200 
549,5,0.005, 0.000, 0.000, 0.000, 0.000, 0.000, 0.005, 200 
550,5,0.004, 0.000, 0.000, 0.000, 0.000, 0.000, 0.004, 200 
551,5,0.008, 0.000, 0.000, 0.000, 0.000, 0.000, 0.008, 200 
552,5,0.004, 0.000, 0.000, 0.000, 0.000, 0.000, 0.004, 200 
553,5,0.006, 0.000, 0.000, 0.000, 0.000, 0.000, 0.006, 200 
554,5,0.004, 0.000, 0.000, 0.000, 0.000, 0.000, 0.004, 200 
555,5,0.004, 0.000, 0.000, 0.000, 0.000, 0.000, 0.004, 200 
556,5,0.004, 0.000, 0.000, 0.000, 0.000, 0.000, 0.004, 200 
557,5,0.004, 0.000, 0.000, 0.000, 0.000, 0.000, 0.004, 200 
558,5,0.027, 0.000, 0.000, 0.000, 0.000, 0.000, 0.027, 200 
559,5,0.005, 0.000, 0.000, 0.000, 0.000, 0.000, 0.005, 200 
560,5,0.004, 0.000, 0.000, 0.000, 0.000, 0.000, 0.004, 200 
561,5,0.004, 0.000, 0.000, 0.000, 0.000, 0.000, 0.004, 200 
562,5,0.005, 0.000, 0.000, 0.000, 0.000, 0.000, 0.005, 200 
563,5,0.011, 0.000, 0.000, 0.000, 0.000, 0.000, 0.011, 200 
564,6,0.005, 0.000, 0.000, 0.000, 0.000, 0.000, 0.005, 200 
565,6,0.004, 0.000, 0.000, 0.000, 0.000, 0.000, 0.004, 200 
566,6,0.004, 0.000, 0.000, 0.000, 0.000, 0.000, 0.004, 200 
567,6,0.004, 0.000, 0.000, 0.000, 0.000, 0.000, 0.004, 200 
568,6,0.004, 0.000, 0.000, 0.000, 0.000, 0.000, 0.004, 200 
569,6,0.004, 0.000, 0.000, 0.000, 0.000, 0.000, 0.004, 200 
570,6,0.004, 0.000, 0.000, 0.000, 0.000, 0.000, 0.003, 200 
571,6,0.004, 0.000, 0.000, 0.000, 0.000, 0.000, 0.004, 200 
572,6,0.004, 0.000, 0.000, 0.000, 0.000, 0.000, 0.004, 200 
573,6,0.004, 0.000, 0.000, 0.000, 0.000, 0.000, 0.004, 200 
574,6,0.004, 0.000, 0.000, 0.000, 0.000, 0.000, 0.004, 200 
575,6,0.005, 0.000, 0.000, 0.000, 0.000, 0.000, 0.005, 200 
576,6,0.006, 0.000, 0.000, 0.000, 0.000, 0.000, 0.006, 200 
577,6,0.004, 0.000, 0.000, 0.000, 0.000, 0.000, 0.004, 200 
578,6,0.004, 0.000, 0.000, 0.000, 0.000, 0.000, 0.004, 200 
579,6,0.004, 0.000, 0.000, 0.000, 0.000, 0.000, 0.004, 200 
580,6,0.004, 0.000, 0.000, 0.000, 0.000, 0.000, 0.004, 200 
581,6,0.005, 0.000, 0.000, 0.000, 0.000, 0.000, 0.005, 200 
582,6,0.004, 0.000, 0.000, 0.000, 0.000, 0.000, 0.004, 200 
583,6,0.004, 0.000, 0.000, 0.000, 0.000, 0.000, 0.004, 200 
584,6,0.003, 0.000, 0.000, 0.000, 0.000, 0.000, 0.003, 200 
585,6,0.004, 0.000, 0.000, 0.000, 0.000, 0.000, 0.004, 200 
586,6,0.004, 0.000, 0.000, 0.000, 0.000, 0.000, 0.004, 200 
587,6,0.004, 0.000, 0.000, 0.000, 0.000, 0.000, 0.004, 200 
588,6,0.004, 0.000, 0.000, 0.000, 0.000, 0.000, 0.004, 200 
589,6,0.008, 0.000, 0.000, 0.000, 0.000, 0.000, 0.008, 200 
590,6,0.004, 0.000, 0.000, 0.000, 0.000, 0.000, 0.004, 200 
591,6,0.004, 0.000, 0.000, 0.000, 0.000, 0.000, 0.004, 200 
592,6,0.004, 0.000, 0.000, 0.000, 0.000, 0.000, 0.004, 200 
593,6,0.008, 0.000, 0.000, 0.000, 0.000, 0.000, 0.008, 200 
594,6,0.004, 0.000, 0.000, 0.000, 0.000, 0.000, 0.004, 200 
595,6,0.004, 0.000, 0.000, 0.000, 0.000, 0.000, 0.004, 200 
596,6,0.004, 0.000, 0.000, 0.000, 0.000, 0.000, 0.004, 200 
597,6,0.004, 0.000, 0.000, 0.000, 0.000, 0.000, 0.004, 200 
598,6,0.004, 0.000, 0.000, 0.000, 0.000, 0.000, 0.004, 200 
599,6,0.004, 0.000, 0.000, 0.000, 0.000, 0.000, 0.004, 200 
600,6,0.004, 0.000, 0.000, 0.000, 0.000, 0.000, 0.004, 200 
601,6,0.004, 0.000, 0.000, 0.000, 0.000, 0.000, 0.003, 200 
602,6,0.008, 0.000, 0.000, 0.000, 0.000, 0.000, 0.008, 200 
603,6,0.004, 0.000, 0.000, 0.000, 0.000, 0.000, 0.004, 200 
604,6,0.004, 0.000, 0.000, 0.000, 0.000, 0.000, 0.004, 200 
605,6,0.004, 0.000, 0.000, 0.000, 0.000, 0.000, 0.004, 200 
606,6,0.004, 0.000, 0.000, 0.000, 0.000, 0.000, 0.004, 200 
607,6,0.004, 0.000, 0.000, 0.000, 0.000, 0.000, 0.004, 200 
608,6,0.004, 0.000, 0.000, 0.000, 0.000, 0.000, 0.004, 200 
609,6,0.004, 0.000, 0.000, 0.000, 0.000, 0.000, 0.004, 200 
610,6,0.008, 0.000, 0.000, 0.000, 0.000, 0.000, 0.008, 200 
611,6,0.004, 0.000, 0.000, 0.000, 0.000, 0.000, 0.004, 200 
612,6,0.004, 0.000, 0.000, 0.000, 0.000, 0.000, 0.004, 200 
613,6,0.004, 0.000, 0.000, 0.000, 0.000, 0.000, 0.004, 200 
614,6,0.004, 0.000, 0.000, 0.000, 0.000, 0.000, 0.004, 200 
615,6,0.014, 0.000, 0.000, 0.000, 0.000, 0.000, 0.014, 200 
616,6,0.005, 0.000, 0.000, 0.000, 0.000, 0.000, 0.005, 200 
617,6,0.005, 0.000, 0.000, 0.000, 0.000, 0.000, 0.005, 200 
618,6,0.004, 0.000, 0.000, 0.000, 0.000, 0.000, 0.004, 200 
619,6,0.004, 0.000, 0.000, 0.000, 0.000, 0.000, 0.004, 200 
620,6,0.004, 0.000, 0.000, 0.000, 0.000, 0.000, 0.004, 200 
621,6,0.004, 0.000, 0.000, 0.000, 0.000, 0.000, 0.004, 200 
622,6,0.004, 0.000, 0.000, 0.000, 0.000, 0.000, 0.004, 200 
623,6,0.003, 0.000, 0.000, 0.000, 0.000, 0.000, 0.003, 200 
624,6,0.004, 0.000, 0.000, 0.000, 0.000, 0.000, 0.004, 200 
625,6,0.004, 0.000, 0.000, 0.000, 0.000, 0.000, 0.004, 200 
626,6,0.004, 0.000, 0.000, 0.000, 0.000, 0.000, 0.004, 200 
627,6,0.013, 0.000, 0.000, 0.000, 0.000, 0.000, 0.013, 200 
628,6,0.005, 0.000, 0.000, 0.000, 0.000, 0.000, 0.005, 200 
629,6,0.004, 0.000, 0.000, 0.000, 0.000, 0.000, 0.004, 200 
630,6,0.004, 0.000, 0.000, 0.000, 0.000, 0.000, 0.004, 200 
631,6,0.004, 0.000, 0.000, 0.000, 0.000, 0.000, 0.004, 200 
632,6,0.004, 0.000, 0.000, 0.000, 0.000, 0.000, 0.004, 200 
633,6,0.005, 0.000, 0.000, 0.000, 0.000, 0.000, 0.005, 200 
634,6,0.003, 0.000, 0.000, 0.000, 0.000, 0.000, 0.003, 200 
635,6,0.004, 0.000, 0.000, 0.000, 0.000, 0.000, 0.003, 200 
636,6,0.004, 0.000, 0.000, 0.000, 0.000, 0.000, 0.004, 200 
637,6,0.004, 0.000, 0.000, 0.000, 0.000, 0.000, 0.004, 200 
638,6,0.004, 0.000, 0.000, 0.000, 0.000, 0.000, 0.004, 200 
639,6,0.004, 0.000, 0.000, 0.000, 0.000, 0.000, 0.004, 200 
640,6,0.004, 0.000, 0.000, 0.000, 0.000, 0.000, 0.004, 200 
641,6,0.006, 0.000, 0.000, 0.000, 0.000, 0.000, 0.006, 200 
642,6,0.004, 0.000, 0.000, 0.000, 0.000, 0.000, 0.004, 200 
643,6,0.004, 0.000, 0.000, 0.000, 0.000, 0.000, 0.003, 200 
644,6,0.009, 0.000, 0.000, 0.000, 0.000, 0.000, 0.009, 200 
645,6,0.004, 0.000, 0.000, 0.000, 0.000, 0.000, 0.004, 200 
646,6,0.004, 0.000, 0.000, 0.000, 0.000, 0.000, 0.004, 200 
647,6,0.004, 0.000, 0.000, 0.000, 0.000, 0.000, 0.004, 200 
648,6,0.005, 0.000, 0.000, 0.000, 0.000, 0.000, 0.005, 200 
649,6,0.003, 0.000, 0.000, 0.000, 0.000, 0.000, 0.003, 200 
650,6,0.005, 0.000, 0.000, 0.000, 0.000, 0.000, 0.005, 200 
651,6,0.004, 0.000, 0.000, 0.000, 0.000, 0.000, 0.004, 200 
652,6,0.004, 0.000, 0.000, 0.000, 0.000, 0.000, 0.004, 200 
653,6,0.004, 0.000, 0.000, 0.000, 0.000, 0.000, 0.004, 200 
654,6,0.007, 0.000, 0.000, 0.000, 0.000, 0.000, 0.007, 200 
655,6,0.004, 0.000, 0.000, 0.000, 0.000, 0.000, 0.004, 200 
656,6,0.004, 0.000, 0.000, 0.000, 0.000, 0.000, 0.004, 200 
657,6,0.004, 0.000, 0.000, 0.000, 0.000, 0.000, 0.004, 200 
658,6,0.004, 0.000, 0.000, 0.000, 0.000, 0.000, 0.004, 200 
659,6,0.004, 0.000, 0.000, 0.000, 0.000, 0.000, 0.004, 200 
660,6,0.004, 0.000, 0.000, 0.000, 0.000, 0.000, 0.004, 200 
661,6,0.007, 0.000, 0.000, 0.000, 0.000, 0.000, 0.007, 200 
662,6,0.004, 0.000, 0.000, 0.000, 0.000, 0.000, 0.004, 200 
663,6,0.004, 0.000, 0.000, 0.000, 0.000, 0.000, 0.004, 200 
664,6,0.004, 0.000, 0.000, 0.000, 0.000, 0.000, 0.004, 200 
665,6,0.004, 0.000, 0.000, 0.000, 0.000, 0.000, 0.004, 200 
666,6,0.005, 0.000, 0.000, 0.000, 0.000, 0.000, 0.005, 200 
667,6,0.008, 0.000, 0.000, 0.000, 0.000, 0.000, 0.008, 200 
668,6,0.004, 0.000, 0.000, 0.000, 0.000, 0.000, 0.004, 200 
669,6,0.004, 0.000, 0.000, 0.000, 0.000, 0.000, 0.004, 200 
670,6,0.004, 0.000, 0.000, 0.000, 0.000, 0.000, 0.004, 200 
671,6,0.004, 0.000, 0.000, 0.000, 0.000, 0.000, 0.004, 200 
672,6,0.004, 0.000, 0.000, 0.000, 0.000, 0.000, 0.004, 200 
673,6,0.004, 0.000, 0.000, 0.000, 0.000, 0.000, 0.004, 200 
674,6,0.004, 0.000, 0.000, 0.000, 0.000, 0.000, 0.004, 200 
675,6,0.004, 0.000, 0.000, 0.000, 0.000, 0.000, 0.004, 200 
676,6,0.003, 0.000, 0.000, 0.000, 0.000, 0.000, 0.003, 200 
677,6,0.004, 0.000, 0.000, 0.000, 0.000, 0.000, 0.004, 200 
678,6,0.007, 0.000, 0.000, 0.000, 0.000, 0.000, 0.007, 200 
679,6,0.004, 0.000, 0.000, 0.000, 0.000, 0.000, 0.004, 200 
680,6,0.009, 0.000, 0.000, 0.000, 0.000, 0.000, 0.009, 200 
681,6,0.004, 0.000, 0.000, 0.000, 0.000, 0.000, 0.004, 200 
682,6,0.005, 0.000, 0.000, 0.000, 0.000, 0.000, 0.005, 200 
683,7,0.004, 0.000, 0.000, 0.000, 0.000, 0.000, 0.004, 200 
684,7,0.004, 0.000, 0.000, 0.000, 0.000, 0.000, 0.004, 200 
685,7,0.004, 0.000, 0.000, 0.000, 0.000, 0.000, 0.004, 200 
686,7,0.003, 0.000, 0.000, 0.000, 0.000, 0.000, 0.003, 200 
687,7,0.004, 0.000, 0.000, 0.000, 0.000, 0.000, 0.004, 200 
688,7,0.006, 0.000, 0.000, 0.000, 0.000, 0.000, 0.006, 200 
689,7,0.004, 0.000, 0.000, 0.000, 0.000, 0.000, 0.004, 200 
690,7,0.004, 0.000, 0.000, 0.000, 0.000, 0.000, 0.004, 200 
691,7,0.004, 0.000, 0.000, 0.000, 0.000, 0.000, 0.004, 200 
692,7,0.004, 0.000, 0.000, 0.000, 0.000, 0.000, 0.004, 200 
693,7,0.004, 0.000, 0.000, 0.000, 0.000, 0.000, 0.004, 200 
694,7,0.006, 0.000, 0.000, 0.000, 0.000, 0.000, 0.006, 200 
695,7,0.036, 0.000, 0.000, 0.000, 0.000, 0.000, 0.036, 200 
696,7,0.005, 0.000, 0.000, 0.000, 0.000, 0.000, 0.005, 200 
697,7,0.004, 0.000, 0.000, 0.000, 0.000, 0.000, 0.004, 200 
698,7,0.005, 0.000, 0.000, 0.000, 0.000, 0.000, 0.005, 200 
699,7,0.004, 0.000, 0.000, 0.000, 0.000, 0.000, 0.004, 200 
700,7,0.005, 0.000, 0.000, 0.000, 0.000, 0.000, 0.005, 200 
701,7,0.005, 0.000, 0.000, 0.000, 0.000, 0.000, 0.005, 200 
702,7,0.004, 0.000, 0.000, 0.000, 0.000, 0.000, 0.004, 200 
703,7,0.007, 0.000, 0.000, 0.000, 0.000, 0.000, 0.007, 200 
704,7,0.004, 0.000, 0.000, 0.000, 0.000, 0.000, 0.004, 200 
705,7,0.004, 0.000, 0.000, 0.000, 0.000, 0.000, 0.004, 200 
706,7,0.006, 0.000, 0.000, 0.000, 0.000, 0.000, 0.006, 200 
707,7,0.004, 0.000, 0.000, 0.000, 0.000, 0.000, 0.004, 200 
708,7,0.005, 0.000, 0.000, 0.000, 0.000, 0.000, 0.005, 200 
709,7,0.004, 0.000, 0.000, 0.000, 0.000, 0.000, 0.004, 200 
710,7,0.004, 0.000, 0.000, 0.000, 0.000, 0.000, 0.004, 200 
711,7,0.004, 0.000, 0.000, 0.000, 0.000, 0.000, 0.004, 200 
712,7,0.004, 0.000, 0.000, 0.000, 0.000, 0.000, 0.004, 200 
713,7,0.006, 0.000, 0.000, 0.000, 0.000, 0.000, 0.006, 200 
714,7,0.004, 0.000, 0.000, 0.000, 0.000, 0.000, 0.004, 200 
715,7,0.004, 0.000, 0.000, 0.000, 0.000, 0.000, 0.004, 200 
716,7,0.008, 0.000, 0.000, 0.000, 0.000, 0.000, 0.008, 200 
717,7,0.004, 0.000, 0.000, 0.000, 0.000, 0.000, 0.004, 200 
718,7,0.004, 0.000, 0.000, 0.000, 0.000, 0.000, 0.004, 200 
719,7,0.004, 0.000, 0.000, 0.000, 0.000, 0.000, 0.004, 200 
720,7,0.004, 0.000, 0.000, 0.000, 0.000, 0.000, 0.004, 200 
721,7,0.004, 0.000, 0.000, 0.000, 0.000, 0.000, 0.004, 200 
722,7,0.004, 0.000, 0.000, 0.000, 0.000, 0.000, 0.004, 200 
723,7,0.004, 0.000, 0.000, 0.000, 0.000, 0.000, 0.004, 200 
724,7,0.004, 0.000, 0.000, 0.000, 0.000, 0.000, 0.004, 200 
725,7,0.004, 0.000, 0.000, 0.000, 0.000, 0.000, 0.004, 200 
726,7,0.004, 0.000, 0.000, 0.000, 0.000, 0.000, 0.004, 200 
727,7,0.004, 0.000, 0.000, 0.000, 0.000, 0.000, 0.003, 200 
728,7,0.004, 0.000, 0.000, 0.000, 0.000, 0.000, 0.004, 200 
729,7,0.005, 0.000, 0.000, 0.000, 0.000, 0.000, 0.005, 200 
730,7,0.043, 0.000, 0.000, 0.000, 0.000, 0.000, 0.043, 200 
731,7,0.005, 0.000, 0.000, 0.000, 0.000, 0.000, 0.005, 200 
732,7,0.005, 0.000, 0.000, 0.000, 0.000, 0.000, 0.005, 200 
733,7,0.004, 0.000, 0.000, 0.000, 0.000, 0.000, 0.004, 200 
734,7,0.004, 0.000, 0.000, 0.000, 0.000, 0.000, 0.004, 200 
735,7,0.004, 0.000, 0.000, 0.000, 0.000, 0.000, 0.004, 200 
736,7,0.004, 0.000, 0.000, 0.000, 0.000, 0.000, 0.004, 200 
737,7,0.004, 0.000, 0.000, 0.000, 0.000, 0.000, 0.004, 200 
738,7,0.005, 0.000, 0.000, 0.000, 0.000, 0.000, 0.005, 200 
739,7,0.004, 0.000, 0.000, 0.000, 0.000, 0.000, 0.004, 200 
740,7,0.009, 0.000, 0.000, 0.000, 0.000, 0.000, 0.009, 200 
741,7,0.004, 0.000, 0.000, 0.000, 0.000, 0.000, 0.004, 200 
742,7,0.004, 0.000, 0.000, 0.000, 0.000, 0.000, 0.004, 200 
743,7,0.005, 0.000, 0.000, 0.000, 0.000, 0.000, 0.005, 200 
744,7,0.004, 0.000, 0.000, 0.000, 0.000, 0.000, 0.004, 200 
745,7,0.004, 0.000, 0.000, 0.000, 0.000, 0.000, 0.004, 200 
746,7,0.004, 0.000, 0.000, 0.000, 0.000, 0.000, 0.004, 200 
747,7,0.008, 0.000, 0.000, 0.000, 0.000, 0.000, 0.008, 200 
748,7,0.004, 0.000, 0.000, 0.000, 0.000, 0.000, 0.004, 200 
749,7,0.005, 0.000, 0.000, 0.000, 0.000, 0.000, 0.005, 200 
750,7,0.004, 0.000, 0.000, 0.000, 0.000, 0.000, 0.004, 200 
751,7,0.005, 0.000, 0.000, 0.000, 0.000, 0.000, 0.005, 200 
752,7,0.005, 0.000, 0.000, 0.000, 0.000, 0.000, 0.005, 200 
753,7,0.008, 0.000, 0.000, 0.000, 0.000, 0.000, 0.008, 200 
754,7,0.004, 0.000, 0.000, 0.000, 0.000, 0.000, 0.004, 200 
755,7,0.004, 0.000, 0.000, 0.000, 0.000, 0.000, 0.004, 200 
756,7,0.004, 0.000, 0.000, 0.000, 0.000, 0.000, 0.004, 200 
757,7,0.004, 0.000, 0.000, 0.000, 0.000, 0.000, 0.004, 200 
758,7,0.004, 0.000, 0.000, 0.000, 0.000, 0.000, 0.004, 200 
759,7,0.004, 0.000, 0.000, 0.000, 0.000, 0.000, 0.004, 200 
760,7,0.004, 0.000, 0.000, 0.000, 0.000, 0.000, 0.004, 200 
761,7,0.003, 0.000, 0.000, 0.000, 0.000, 0.000, 0.003, 200 
762,7,0.005, 0.000, 0.000, 0.000, 0.000, 0.000, 0.005, 200 
763,7,0.004, 0.000, 0.000, 0.000, 0.000, 0.000, 0.004, 200 
764,7,0.008, 0.000, 0.000, 0.000, 0.000, 0.000, 0.008, 200 
765,7,0.004, 0.000, 0.000, 0.000, 0.000, 0.000, 0.004, 200 
766,7,0.006, 0.000, 0.000, 0.000, 0.000, 0.000, 0.006, 200 
767,7,0.004, 0.000, 0.000, 0.000, 0.000, 0.000, 0.004, 200 
768,7,0.004, 0.000, 0.000, 0.000, 0.000, 0.000, 0.004, 200 
769,7,0.004, 0.000, 0.000, 0.000, 0.000, 0.000, 0.004, 200 
770,7,0.004, 0.000, 0.000, 0.000, 0.000, 0.000, 0.004, 200 
771,7,0.004, 0.000, 0.000, 0.000, 0.000, 0.000, 0.004, 200 
772,7,0.004, 0.000, 0.000, 0.000, 0.000, 0.000, 0.004, 200 
773,7,0.004, 0.000, 0.000, 0.000, 0.000, 0.000, 0.004, 200 
774,7,0.004, 0.000, 0.000, 0.000, 0.000, 0.000, 0.004, 200 
775,7,0.004, 0.000, 0.000, 0.000, 0.000, 0.000, 0.004, 200 
776,7,0.004, 0.000, 0.000, 0.000, 0.000, 0.000, 0.004, 200 
777,7,0.004, 0.000, 0.000, 0.000, 0.000, 0.000, 0.004, 200 
778,7,0.004, 0.000, 0.000, 0.000, 0.000, 0.000, 0.004, 200 
779,7,0.004, 0.000, 0.000, 0.000, 0.000, 0.000, 0.004, 200 
780,7,0.007, 0.000, 0.000, 0.000, 0.000, 0.000, 0.007, 200 
781,7,0.008, 0.000, 0.000, 0.000, 0.000, 0.000, 0.008, 200 
782,7,0.004, 0.000, 0.000, 0.000, 0.000, 0.000, 0.004, 200 
783,7,0.004, 0.000, 0.000, 0.000, 0.000, 0.000, 0.004, 200 
784,7,0.004, 0.000, 0.000, 0.000, 0.000, 0.000, 0.004, 200 
785,7,0.004, 0.000, 0.000, 0.000, 0.000, 0.000, 0.004, 200 
786,7,0.004, 0.000, 0.000, 0.000, 0.000, 0.000, 0.004, 200 
787,7,0.004, 0.000, 0.000, 0.000, 0.000, 0.000, 0.004, 200 
788,7,0.004, 0.000, 0.000, 0.000, 0.000, 0.000, 0.004, 200 
789,7,0.004, 0.000, 0.000, 0.000, 0.000, 0.000, 0.004, 200 
790,7,0.004, 0.000, 0.000, 0.000, 0.000, 0.000, 0.004, 200 
791,7,0.004, 0.000, 0.000, 0.000, 0.000, 0.000, 0.004, 200 
792,7,0.004, 0.000, 0.000, 0.000, 0.000, 0.000, 0.004, 200 
793,7,0.007, 0.000, 0.000, 0.000, 0.000, 0.000, 0.007, 200 
794,7,0.004, 0.000, 0.000, 0.000, 0.000, 0.000, 0.004, 200 
795,7,0.004, 0.000, 0.000, 0.000, 0.000, 0.000, 0.004, 200 
796,7,0.004, 0.000, 0.000, 0.000, 0.000, 0.000, 0.004, 200 
797,8,0.004, 0.000, 0.000, 0.000, 0.000, 0.000, 0.004, 200 
798,8,0.004, 0.000, 0.000, 0.000, 0.000, 0.000, 0.004, 200 
799,8,0.007, 0.000, 0.000, 0.000, 0.000, 0.000, 0.007, 200 
800,8,0.004, 0.000, 0.000, 0.000, 0.000, 0.000, 0.003, 200 
801,8,0.004, 0.000, 0.000, 0.000, 0.000, 0.000, 0.004, 200 
802,8,0.004, 0.000, 0.000, 0.000, 0.000, 0.000, 0.004, 200 
803,8,0.004, 0.000, 0.000, 0.000, 0.000, 0.000, 0.004, 200 
804,8,0.004, 0.000, 0.000, 0.000, 0.000, 0.000, 0.004, 200 
805,8,0.004, 0.000, 0.000, 0.000, 0.000, 0.000, 0.004, 200 
806,8,0.008, 0.000, 0.000, 0.000, 0.000, 0.000, 0.008, 200 
807,8,0.004, 0.000, 0.000, 0.000, 0.000, 0.000, 0.004, 200 
808,8,0.004, 0.000, 0.000, 0.000, 0.000, 0.000, 0.004, 200 
809,8,0.005, 0.000, 0.000, 0.000, 0.000, 0.000, 0.004, 200 
810,8,0.004, 0.000, 0.000, 0.000, 0.000, 0.000, 0.004, 200 
811,8,0.004, 0.000, 0.000, 0.000, 0.000, 0.000, 0.004, 200 
812,8,0.004, 0.000, 0.000, 0.000, 0.000, 0.000, 0.004, 200 
813,8,0.005, 0.000, 0.000, 0.000, 0.000, 0.000, 0.005, 200 
814,8,0.004, 0.000, 0.000, 0.000, 0.000, 0.000, 0.004, 200 
815,8,0.004, 0.000, 0.000, 0.000, 0.000, 0.000, 0.004, 200 
816,8,0.006, 0.000, 0.000, 0.000, 0.000, 0.000, 0.006, 200 
817,8,0.004, 0.000, 0.000, 0.000, 0.000, 0.000, 0.004, 200 
818,8,0.004, 0.000, 0.000, 0.000, 0.000, 0.000, 0.004, 200 
819,8,0.007, 0.000, 0.000, 0.000, 0.000, 0.000, 0.007, 200 
820,8,0.004, 0.000, 0.000, 0.000, 0.000, 0.000, 0.004, 200 
821,8,0.004, 0.000, 0.000, 0.000, 0.000, 0.000, 0.004, 200 
822,8,0.004, 0.000, 0.000, 0.000, 0.000, 0.000, 0.004, 200 
823,8,0.004, 0.000, 0.000, 0.000, 0.000, 0.000, 0.004, 200 
824,8,0.003, 0.000, 0.000, 0.000, 0.000, 0.000, 0.003, 200 
825,8,0.004, 0.000, 0.000, 0.000, 0.000, 0.000, 0.004, 200 
826,8,0.004, 0.000, 0.000, 0.000, 0.000, 0.000, 0.004, 200 
827,8,0.004, 0.000, 0.000, 0.000, 0.000, 0.000, 0.004, 200 
828,8,0.004, 0.000, 0.000, 0.000, 0.000, 0.000, 0.004, 200 
829,8,0.004, 0.000, 0.000, 0.000, 0.000, 0.000, 0.004, 200 
830,8,0.004, 0.000, 0.000, 0.000, 0.000, 0.000, 0.004, 200 
831,8,0.004, 0.000, 0.000, 0.000, 0.000, 0.000, 0.004, 200 
832,8,0.004, 0.000, 0.000, 0.000, 0.000, 0.000, 0.004, 200 
833,8,0.037, 0.000, 0.000, 0.000, 0.000, 0.000, 0.037, 200 
834,8,0.005, 0.000, 0.000, 0.000, 0.000, 0.000, 0.005, 200 
835,8,0.004, 0.000, 0.000, 0.000, 0.000, 0.000, 0.004, 200 
836,8,0.004, 0.000, 0.000, 0.000, 0.000, 0.000, 0.004, 200 
837,8,0.004, 0.000, 0.000, 0.000, 0.000, 0.000, 0.004, 200 
838,8,0.005, 0.000, 0.000, 0.000, 0.000, 0.000, 0.005, 200 
839,8,0.005, 0.000, 0.000, 0.000, 0.000, 0.000, 0.005, 200 
840,8,0.005, 0.000, 0.000, 0.000, 0.000, 0.000, 0.005, 200 
841,8,0.007, 0.000, 0.000, 0.000, 0.000, 0.000, 0.007, 200 
842,8,0.005, 0.000, 0.000, 0.000, 0.000, 0.000, 0.005, 200 
843,8,0.005, 0.000, 0.000, 0.000, 0.000, 0.000, 0.005, 200 
844,8,0.006, 0.000, 0.000, 0.000, 0.000, 0.000, 0.006, 200 
845,8,0.005, 0.000, 0.000, 0.000, 0.000, 0.000, 0.005, 200 
846,8,0.005, 0.000, 0.000, 0.000, 0.000, 0.000, 0.005, 200 
847,8,0.007, 0.000, 0.000, 0.000, 0.000, 0.000, 0.007, 200 
848,8,0.006, 0.000, 0.000, 0.000, 0.000, 0.000, 0.006, 200 
849,8,0.007, 0.000, 0.000, 0.000, 0.000, 0.000, 0.007, 200 
850,8,0.011, 0.000, 0.000, 0.000, 0.000, 0.000, 0.011, 200 
851,8,0.007, 0.000, 0.000, 0.000, 0.000, 0.000, 0.007, 200 
852,8,0.007, 0.000, 0.000, 0.000, 0.000, 0.000, 0.007, 200 
853,8,0.006, 0.000, 0.000, 0.000, 0.000, 0.000, 0.006, 200 
854,8,0.006, 0.000, 0.000, 0.000, 0.000, 0.000, 0.006, 200 
855,8,0.005, 0.000, 0.000, 0.000, 0.000, 0.000, 0.005, 200 
856,8,0.007, 0.000, 0.000, 0.000, 0.000, 0.000, 0.007, 200 
857,8,0.006, 0.000, 0.000, 0.000, 0.000, 0.000, 0.006, 200 
858,8,0.006, 0.000, 0.000, 0.000, 0.000, 0.000, 0.006, 200 
859,8,0.010, 0.000, 0.000, 0.000, 0.000, 0.000, 0.010, 200 
860,8,0.007, 0.000, 0.000, 0.000, 0.000, 0.000, 0.007, 200 
861,8,0.006, 0.000, 0.000, 0.000, 0.000, 0.000, 0.006, 200 
862,8,0.005, 0.000, 0.000, 0.000, 0.000, 0.000, 0.005, 200 
863,8,0.006, 0.000, 0.000, 0.000, 0.000, 0.000, 0.006, 200 
864,8,0.006, 0.000, 0.000, 0.000, 0.000, 0.000, 0.006, 200 
865,8,0.005, 0.000, 0.000, 0.000, 0.000, 0.000, 0.005, 200 
866,8,0.006, 0.000, 0.000, 0.000, 0.000, 0.000, 0.006, 200 
867,8,0.005, 0.000, 0.000, 0.000, 0.000, 0.000, 0.005, 200 
868,8,0.012, 0.000, 0.000, 0.000, 0.000, 0.000, 0.012, 200 
869,8,0.007, 0.000, 0.000, 0.000, 0.000, 0.000, 0.007, 200 
870,8,0.006, 0.000, 0.000, 0.000, 0.000, 0.000, 0.006, 200 
871,8,0.005, 0.000, 0.000, 0.000, 0.000, 0.000, 0.005, 200 
872,8,0.005, 0.000, 0.000, 0.000, 0.000, 0.000, 0.005, 200 
873,8,0.005, 0.000, 0.000, 0.000, 0.000, 0.000, 0.005, 200 
874,8,0.004, 0.000, 0.000, 0.000, 0.000, 0.000, 0.004, 200 
875,8,0.004, 0.000, 0.000, 0.000, 0.000, 0.000, 0.004, 200 
876,8,0.005, 0.000, 0.000, 0.000, 0.000, 0.000, 0.005, 200 
877,8,0.005, 0.000, 0.000, 0.000, 0.000, 0.000, 0.005, 200 
878,8,0.004, 0.000, 0.000, 0.000, 0.000, 0.000, 0.004, 200 
879,8,0.004, 0.000, 0.000, 0.000, 0.000, 0.000, 0.004, 200 
880,8,0.006, 0.000, 0.000, 0.000, 0.000, 0.000, 0.006, 200 
881,8,0.004, 0.000, 0.000, 0.000, 0.000, 0.000, 0.004, 200 
882,8,0.004, 0.000, 0.000, 0.000, 0.000, 0.000, 0.004, 200 
883,8,0.004, 0.000, 0.000, 0.000, 0.000, 0.000, 0.004, 200 
884,8,0.004, 0.000, 0.000, 0.000, 0.000, 0.000, 0.004, 200 
885,8,0.010, 0.000, 0.000, 0.000, 0.000, 0.000, 0.010, 200 
886,8,0.004, 0.000, 0.000, 0.000, 0.000, 0.000, 0.004, 200 
887,8,0.004, 0.000, 0.000, 0.000, 0.000, 0.000, 0.004, 200 
888,8,0.004, 0.000, 0.000, 0.000, 0.000, 0.000, 0.004, 200 
889,8,0.003, 0.000, 0.000, 0.000, 0.000, 0.000, 0.003, 200 
890,8,0.004, 0.000, 0.000, 0.000, 0.000, 0.000, 0.004, 200 
891,8,0.004, 0.000, 0.000, 0.000, 0.000, 0.000, 0.004, 200 
892,8,0.004, 0.000, 0.000, 0.000, 0.000, 0.000, 0.004, 200 
893,8,0.007, 0.000, 0.000, 0.000, 0.000, 0.000, 0.007, 200 
894,8,0.004, 0.000, 0.000, 0.000, 0.000, 0.000, 0.004, 200 
895,8,0.003, 0.000, 0.000, 0.000, 0.000, 0.000, 0.003, 200 
896,8,0.004, 0.000, 0.000, 0.000, 0.000, 0.000, 0.004, 200 
897,8,0.004, 0.000, 0.000, 0.000, 0.000, 0.000, 0.004, 200 
898,8,0.004, 0.000, 0.000, 0.000, 0.000, 0.000, 0.004, 200 
899,8,0.004, 0.000, 0.000, 0.000, 0.000, 0.000, 0.004, 200 
900,9,0.004, 0.000, 0.000, 0.000, 0.000, 0.000, 0.004, 200 
901,9,0.004, 0.000, 0.000, 0.000, 0.000, 0.000, 0.004, 200 
902,9,0.008, 0.000, 0.000, 0.000, 0.000, 0.000, 0.008, 200 
903,9,0.005, 0.000, 0.000, 0.000, 0.000, 0.000, 0.005, 200 
904,9,0.004, 0.000, 0.000, 0.000, 0.000, 0.000, 0.004, 200 
905,9,0.004, 0.000, 0.000, 0.000, 0.000, 0.000, 0.004, 200 
906,9,0.008, 0.000, 0.000, 0.000, 0.000, 0.000, 0.008, 200 
907,9,0.004, 0.000, 0.000, 0.000, 0.000, 0.000, 0.004, 200 
908,9,0.004, 0.000, 0.000, 0.000, 0.000, 0.000, 0.004, 200 
909,9,0.004, 0.000, 0.000, 0.000, 0.000, 0.000, 0.004, 200 
910,9,0.004, 0.000, 0.000, 0.000, 0.000, 0.000, 0.004, 200 
911,9,0.004, 0.000, 0.000, 0.000, 0.000, 0.000, 0.004, 200 
912,9,0.004, 0.000, 0.000, 0.000, 0.000, 0.000, 0.003, 200 
913,9,0.004, 0.000, 0.000, 0.000, 0.000, 0.000, 0.003, 200 
914,9,0.004, 0.000, 0.000, 0.000, 0.000, 0.000, 0.004, 200 
915,9,0.003, 0.000, 0.000, 0.000, 0.000, 0.000, 0.003, 200 
916,9,0.004, 0.000, 0.000, 0.000, 0.000, 0.000, 0.004, 200 
917,9,0.003, 0.000, 0.000, 0.000, 0.000, 0.000, 0.003, 200 
918,9,0.003, 0.000, 0.000, 0.000, 0.000, 0.000, 0.003, 200 
919,9,0.008, 0.000, 0.000, 0.000, 0.000, 0.000, 0.008, 200 
920,9,0.005, 0.000, 0.000, 0.000, 0.000, 0.000, 0.005, 200 
921,9,0.004, 0.000, 0.000, 0.000, 0.000, 0.000, 0.004, 200 
922,9,0.004, 0.000, 0.000, 0.000, 0.000, 0.000, 0.004, 200 
923,9,0.004, 0.000, 0.000, 0.000, 0.000, 0.000, 0.004, 200 
924,9,0.004, 0.000, 0.000, 0.000, 0.000, 0.000, 0.004, 200 
925,9,0.004, 0.000, 0.000, 0.000, 0.000, 0.000, 0.004, 200 
926,9,0.004, 0.000, 0.000, 0.000, 0.000, 0.000, 0.004, 200 
927,9,0.004, 0.000, 0.000, 0.000, 0.000, 0.000, 0.004, 200 
928,9,0.004, 0.000, 0.000, 0.000, 0.000, 0.000, 0.004, 200 
929,9,0.004, 0.000, 0.000, 0.000, 0.000, 0.000, 0.004, 200 
930,9,0.004, 0.000, 0.000, 0.000, 0.000, 0.000, 0.004, 200 
931,9,0.003, 0.000, 0.000, 0.000, 0.000, 0.000, 0.003, 200 
932,9,0.004, 0.000, 0.000, 0.000, 0.000, 0.000, 0.004, 200 
933,9,0.010, 0.000, 0.000, 0.000, 0.000, 0.000, 0.010, 200 
934,9,0.004, 0.000, 0.000, 0.000, 0.000, 0.000, 0.004, 200 
935,9,0.006, 0.000, 0.000, 0.000, 0.000, 0.000, 0.006, 200 
936,9,0.008, 0.000, 0.000, 0.000, 0.000, 0.000, 0.008, 200 
937,9,0.004, 0.000, 0.000, 0.000, 0.000, 0.000, 0.004, 200 
938,9,0.004, 0.000, 0.000, 0.000, 0.000, 0.000, 0.004, 200 
939,9,0.005, 0.000, 0.000, 0.000, 0.000, 0.000, 0.005, 200 
940,9,0.004, 0.000, 0.000, 0.000, 0.000, 0.000, 0.004, 200 
941,9,0.004, 0.000, 0.000, 0.000, 0.000, 0.000, 0.004, 200 
942,9,0.004, 0.000, 0.000, 0.000, 0.000, 0.000, 0.004, 200 
943,9,0.004, 0.000, 0.000, 0.000, 0.000, 0.000, 0.004, 200 
944,9,0.005, 0.000, 0.000, 0.000, 0.000, 0.000, 0.005, 200 
945,9,0.004, 0.000, 0.000, 0.000, 0.000, 0.000, 0.004, 200 
946,9,0.008, 0.000, 0.000, 0.000, 0.000, 0.000, 0.008, 200 
947,9,0.004, 0.000, 0.000, 0.000, 0.000, 0.000, 0.004, 200 
948,9,0.004, 0.000, 0.000, 0.000, 0.000, 0.000, 0.004, 200 
949,9,0.004, 0.000, 0.000, 0.000, 0.000, 0.000, 0.004, 200 
950,9,0.004, 0.000, 0.000, 0.000, 0.000, 0.000, 0.004, 200 
951,9,0.003, 0.000, 0.000, 0.000, 0.000, 0.000, 0.003, 200 
952,9,0.004, 0.000, 0.000, 0.000, 0.000, 0.000, 0.004, 200 
953,9,0.009, 0.000, 0.000, 0.000, 0.000, 0.000, 0.009, 200 
954,9,0.004, 0.000, 0.000, 0.000, 0.000, 0.000, 0.004, 200 
955,9,0.004, 0.000, 0.000, 0.000, 0.000, 0.000, 0.004, 200 
956,9,0.030, 0.000, 0.000, 0.000, 0.000, 0.000, 0.030, 200 
957,9,0.005, 0.000, 0.000, 0.000, 0.000, 0.000, 0.005, 200 
958,9,0.004, 0.000, 0.000, 0.000, 0.000, 0.000, 0.004, 200 
959,9,0.005, 0.000, 0.000, 0.000, 0.000, 0.000, 0.005, 200 
960,9,0.004, 0.000, 0.000, 0.000, 0.000, 0.000, 0.004, 200 
961,9,0.004, 0.000, 0.000, 0.000, 0.000, 0.000, 0.004, 200 
962,9,0.004, 0.000, 0.000, 0.000, 0.000, 0.000, 0.004, 200 
963,9,0.004, 0.000, 0.000, 0.000, 0.000, 0.000, 0.004, 200 
964,9,0.004, 0.000, 0.000, 0.000, 0.000, 0.000, 0.004, 200 
965,9,0.004, 0.000, 0.000, 0.000, 0.000, 0.000, 0.004, 200 
966,9,0.004, 0.000, 0.000, 0.000, 0.000, 0.000, 0.004, 200 
967,9,0.004, 0.000, 0.000, 0.000, 0.000, 0.000, 0.004, 200 
968,9,0.005, 0.000, 0.000, 0.000, 0.000, 0.000, 0.005, 200 
969,9,0.010, 0.000, 0.000, 0.000, 0.000, 0.000, 0.010, 200 
970,9,0.004, 0.000, 0.000, 0.000, 0.000, 0.000, 0.004, 200 
971,9,0.004, 0.000, 0.000, 0.000, 0.000, 0.000, 0.004, 200 
972,9,0.004, 0.000, 0.000, 0.000, 0.000, 0.000, 0.004, 200 
973,9,0.005, 0.000, 0.000, 0.000, 0.000, 0.000, 0.005, 200 
974,9,0.004, 0.000, 0.000, 0.000, 0.000, 0.000, 0.004, 200 
975,9,0.006, 0.000, 0.000, 0.000, 0.000, 0.000, 0.006, 200 
976,9,0.004, 0.000, 0.000, 0.000, 0.000, 0.000, 0.004, 200 
977,9,0.005, 0.000, 0.000, 0.000, 0.000, 0.000, 0.005, 200 
978,9,0.004, 0.000, 0.000, 0.000, 0.000, 0.000, 0.004, 200 
979,9,0.003, 0.000, 0.000, 0.000, 0.000, 0.000, 0.003, 200 
980,9,0.004, 0.000, 0.000, 0.000, 0.000, 0.000, 0.004, 200 
981,9,0.004, 0.000, 0.000, 0.000, 0.000, 0.000, 0.004, 200 
982,9,0.004, 0.000, 0.000, 0.000, 0.000, 0.000, 0.004, 200 
983,9,0.015, 0.000, 0.000, 0.000, 0.000, 0.000, 0.014, 200 
984,9,0.005, 0.000, 0.000, 0.000, 0.000, 0.000, 0.005, 200 
985,9,0.004, 0.000, 0.000, 0.000, 0.000, 0.000, 0.004, 200 
986,9,0.004, 0.000, 0.000, 0.000, 0.000, 0.000, 0.004, 200 
987,9,0.004, 0.000, 0.000, 0.000, 0.000, 0.000, 0.004, 200 
988,9,0.004, 0.000, 0.000, 0.000, 0.000, 0.000, 0.004, 200 
989,9,0.004, 0.000, 0.000, 0.000, 0.000, 0.000, 0.004, 200 
990,9,0.004, 0.000, 0.000, 0.000, 0.000, 0.000, 0.004, 200 
991,9,0.008, 0.000, 0.000, 0.000, 0.000, 0.000, 0.008, 200 
992,9,0.004, 0.000, 0.000, 0.000, 0.000, 0.000, 0.004, 200 
993,9,0.004, 0.000, 0.000, 0.000, 0.000, 0.000, 0.004, 200 
994,9,0.004, 0.000, 0.000, 0.000, 0.000, 0.000, 0.004, 200 
995,9,0.011, 0.000, 0.000, 0.000, 0.000, 0.000, 0.011, 200 
996,9,0.004, 0.000, 0.000, 0.000, 0.000, 0.000, 0.004, 200 
997,9,0.004, 0.000, 0.000, 0.000, 0.000, 0.000, 0.004, 200 
998,9,0.003, 0.000, 0.000, 0.000, 0.000, 0.000, 0.003, 200 
999,9,0.004, 0.000, 0.000, 0.000, 0.000, 0.000, 0.004, 200 
1000,9,0.004, 0.000, 0.000, 0.000, 0.000, 0.000, 0.004, 200 
1001,9,0.004, 0.000, 0.000, 0.000, 0.000, 0.000, 0.004, 200 
1002,9,0.004, 0.000, 0.000, 0.000, 0.000, 0.000, 0.004, 200 
1003,9,0.003, 0.000, 0.000, 0.000, 0.000, 0.000, 0.003, 200 
1004,9,0.004, 0.000, 0.000, 0.000, 0.000, 0.000, 0.004, 200 
1005,9,0.004, 0.000, 0.000, 0.000, 0.000, 0.000, 0.004, 200 
1006,9,0.004, 0.000, 0.000, 0.000, 0.000, 0.000, 0.004, 200 
1007,9,0.004, 0.000, 0.000, 0.000, 0.000, 0.000, 0.004, 200 
1008,9,0.008, 0.000, 0.000, 0.000, 0.000, 0.000, 0.008, 200 
1009,9,0.006, 0.000, 0.000, 0.000, 0.000, 0.000, 0.006, 200 
1010,9,0.005, 0.000, 0.000, 0.000, 0.000, 0.000, 0.005, 200 
1011,9,0.004, 0.000, 0.000, 0.000, 0.000, 0.000, 0.004, 200 
1012,9,0.004, 0.000, 0.000, 0.000, 0.000, 0.000, 0.004, 200 
1013,9,0.004, 0.000, 0.000, 0.000, 0.000, 0.000, 0.004, 200 
1014,9,0.004, 0.000, 0.000, 0.000, 0.000, 0.000, 0.004, 200 
1015,9,0.004, 0.000, 0.000, 0.000, 0.000, 0.000, 0.004, 200 
1016,9,0.004, 0.000, 0.000, 0.000, 0.000, 0.000, 0.004, 200 
1017,10,0.004, 0.000, 0.000, 0.000, 0.000, 0.000, 0.004, 200 
1018,10,0.004, 0.000, 0.000, 0.000, 0.000, 0.000, 0.004, 200 
1019,10,0.004, 0.000, 0.000, 0.000, 0.000, 0.000, 0.004, 200 
1020,10,0.004, 0.000, 0.000, 0.000, 0.000, 0.000, 0.004, 200 
1021,10,0.004, 0.000, 0.000, 0.000, 0.000, 0.000, 0.004, 200 
1022,10,0.014, 0.000, 0.000, 0.000, 0.000, 0.000, 0.014, 200 
1023,10,0.006, 0.000, 0.000, 0.000, 0.000, 0.000, 0.006, 200 
1024,10,0.004, 0.000, 0.000, 0.000, 0.000, 0.000, 0.004, 200 
1025,10,0.008, 0.000, 0.000, 0.000, 0.000, 0.000, 0.008, 200 
1026,10,0.004, 0.000, 0.000, 0.000, 0.000, 0.000, 0.004, 200 
1027,10,0.004, 0.000, 0.000, 0.000, 0.000, 0.000, 0.004, 200 
1028,10,0.004, 0.000, 0.000, 0.000, 0.000, 0.000, 0.004, 200 
1029,10,0.004, 0.000, 0.000, 0.000, 0.000, 0.000, 0.004, 200 
1030,10,0.004, 0.000, 0.000, 0.000, 0.000, 0.000, 0.004, 200 
1031,10,0.004, 0.000, 0.000, 0.000, 0.000, 0.000, 0.004, 200 
1032,10,0.004, 0.000, 0.000, 0.000, 0.000, 0.000, 0.004, 200 
1033,10,0.003, 0.000, 0.000, 0.000, 0.000, 0.000, 0.003, 200 
1034,10,0.007, 0.000, 0.000, 0.000, 0.000, 0.000, 0.007, 200 
1035,10,0.004, 0.000, 0.000, 0.000, 0.000, 0.000, 0.004, 200 
1036,10,0.004, 0.000, 0.000, 0.000, 0.000, 0.000, 0.004, 200 
1037,10,0.004, 0.000, 0.000, 0.000, 0.000, 0.000, 0.004, 200 
1038,10,0.003, 0.000, 0.000, 0.000, 0.000, 0.000, 0.003, 200 
1039,10,0.005, 0.000, 0.000, 0.000, 0.000, 0.000, 0.005, 200 
1040,10,0.003, 0.000, 0.000, 0.000, 0.000, 0.000, 0.003, 200 
1041,10,0.004, 0.000, 0.000, 0.000, 0.000, 0.000, 0.004, 200 
1042,10,0.007, 0.000, 0.000, 0.000, 0.000, 0.000, 0.007, 200 
1043,10,0.004, 0.000, 0.000, 0.000, 0.000, 0.000, 0.004, 200 
1044,10,0.004, 0.000, 0.000, 0.000, 0.000, 0.000, 0.004, 200 
1045,10,0.004, 0.000, 0.000, 0.000, 0.000, 0.000, 0.004, 200 
1046,10,0.004, 0.000, 0.000, 0.000, 0.000, 0.000, 0.004, 200 
1047,10,0.010, 0.000, 0.000, 0.000, 0.000, 0.000, 0.010, 200 
1048,10,0.004, 0.000, 0.000, 0.000, 0.000, 0.000, 0.004, 200 
1049,10,0.004, 0.000, 0.000, 0.000, 0.000, 0.000, 0.004, 200 
1050,10,0.004, 0.000, 0.000, 0.000, 0.000, 0.000, 0.004, 200 
1051,10,0.004, 0.000, 0.000, 0.000, 0.000, 0.000, 0.004, 200 
1052,10,0.003, 0.000, 0.000, 0.000, 0.000, 0.000, 0.003, 200 
1053,10,0.004, 0.000, 0.000, 0.000, 0.000, 0.000, 0.004, 200 
1054,10,0.004, 0.000, 0.000, 0.000, 0.000, 0.000, 0.004, 200 
1055,10,0.005, 0.000, 0.000, 0.000, 0.000, 0.000, 0.005, 200 
1056,10,0.004, 0.000, 0.000, 0.000, 0.000, 0.000, 0.004, 200 
1057,10,0.004, 0.000, 0.000, 0.000, 0.000, 0.000, 0.004, 200 
1058,10,0.009, 0.000, 0.000, 0.000, 0.000, 0.000, 0.009, 200 
1059,10,0.004, 0.000, 0.000, 0.000, 0.000, 0.000, 0.004, 200 
1060,10,0.008, 0.000, 0.000, 0.000, 0.000, 0.000, 0.008, 200 
1061,10,0.004, 0.000, 0.000, 0.000, 0.000, 0.000, 0.004, 200 
1062,10,0.004, 0.000, 0.000, 0.000, 0.000, 0.000, 0.004, 200 
1063,10,0.004, 0.000, 0.000, 0.000, 0.000, 0.000, 0.004, 200 
1064,10,0.004, 0.000, 0.000, 0.000, 0.000, 0.000, 0.004, 200 
1065,10,0.004, 0.000, 0.000, 0.000, 0.000, 0.000, 0.004, 200 
1066,10,0.004, 0.000, 0.000, 0.000, 0.000, 0.000, 0.004, 200 
1067,10,0.004, 0.000, 0.000, 0.000, 0.000, 0.000, 0.004, 200 
1068,10,0.029, 0.000, 0.000, 0.000, 0.000, 0.000, 0.029, 200 
1069,10,0.004, 0.000, 0.000, 0.000, 0.000, 0.000, 0.004, 200 
1070,10,0.009, 0.000, 0.000, 0.000, 0.000, 0.000, 0.009, 200 
1071,10,0.004, 0.000, 0.000, 0.000, 0.000, 0.000, 0.004, 200 
1072,10,0.004, 0.000, 0.000, 0.000, 0.000, 0.000, 0.004, 200 
1073,10,0.004, 0.000, 0.000, 0.000, 0.000, 0.000, 0.004, 200 
1074,10,0.004, 0.000, 0.000, 0.000, 0.000, 0.000, 0.004, 200 
1075,10,0.004, 0.000, 0.000, 0.000, 0.000, 0.000, 0.004, 200 
1076,10,0.004, 0.000, 0.000, 0.000, 0.000, 0.000, 0.004, 200 
1077,10,0.003, 0.000, 0.000, 0.000, 0.000, 0.000, 0.003, 200 
1078,10,0.004, 0.000, 0.000, 0.000, 0.000, 0.000, 0.004, 200 
1079,10,0.004, 0.000, 0.000, 0.000, 0.000, 0.000, 0.004, 200 
1080,10,0.004, 0.000, 0.000, 0.000, 0.000, 0.000, 0.004, 200 
1081,10,0.004, 0.000, 0.000, 0.000, 0.000, 0.000, 0.004, 200 
1082,10,0.004, 0.000, 0.000, 0.000, 0.000, 0.000, 0.004, 200 
1083,10,0.004, 0.000, 0.000, 0.000, 0.000, 0.000, 0.004, 200 
1084,10,0.007, 0.000, 0.000, 0.000, 0.000, 0.000, 0.007, 200 
1085,10,0.005, 0.000, 0.000, 0.000, 0.000, 0.000, 0.005, 200 
1086,10,0.007, 0.000, 0.000, 0.000, 0.000, 0.000, 0.007, 200 
1087,10,0.005, 0.000, 0.000, 0.000, 0.000, 0.000, 0.005, 200 
1088,10,0.004, 0.000, 0.000, 0.000, 0.000, 0.000, 0.004, 200 
1089,10,0.004, 0.000, 0.000, 0.000, 0.000, 0.000, 0.004, 200 
1090,10,0.003, 0.000, 0.000, 0.000, 0.000, 0.000, 0.003, 200 
1091,10,0.004, 0.000, 0.000, 0.000, 0.000, 0.000, 0.004, 200 
1092,10,0.004, 0.000, 0.000, 0.000, 0.000, 0.000, 0.004, 200 
1093,10,0.014, 0.000, 0.000, 0.000, 0.000, 0.000, 0.013, 200 
1094,10,0.060, 0.000, 0.002, 0.000, 0.002, 0.000, 0.060, 200 
1095,10,0.307, 0.000, 0.002, 0.000, 0.002, 0.000, 0.307, 200 
1096,11,0.465, 0.000, 0.000, 0.000, 0.000, 0.000, 0.465, 200 
1097,11,0.510, 0.000, 0.000, 0.000, 0.000, 0.000, 0.510, 200 
1098,12,0.563, 0.000, 0.001, 0.000, 0.001, 0.000, 0.563, 200 
1099,12,0.625, 0.000, 0.000, 0.000, 0.000, 0.000, 0.625, 200 
1100,13,0.693, 0.000, 0.000, 0.000, 0.000, 0.000, 0.693, 200 
1101,13,0.756, 0.000, 0.000, 0.000, 0.000, 0.000, 0.756, 200 
1102,14,0.847, 0.000, 0.000, 0.000, 0.000, 0.000, 0.847, 200 
1103,15,0.930, 0.000, 0.000, 0.000, 0.000, 0.000, 0.930, 200 
1104,16,1.034, 0.000, 0.002, 0.000, 0.002, 0.000, 1.034, 200 
1105,17,1.176, 0.000, 0.000, 0.000, 0.000, 0.000, 1.176, 200 
1106,18,1.407, 0.000, 0.000, 0.000, 0.000, 0.000, 1.407, 200 
1107,20,1.908, 0.000, 0.000, 0.000, 0.000, 0.000, 1.908, 200 
1108,22,2.982, 0.000, 0.000, 0.000, 0.000, 0.000, 2.982, 200 
1109,25,4.622, 0.000, 0.000, 0.000, 0.000, 0.000, 4.622, 200 
1110,29,3.874, 0.000, 0.000, 0.000, 0.000, 0.000, 3.874, 200 
1111,33,2.611, 0.000, 0.001, 0.000, 0.001, 0.000, 2.611, 200 
1112,36,3.631, 0.000, 0.002, 0.000, 0.002, 0.000, 3.631, 200 
1113,39,2.543, 0.000, 0.000, 0.000, 0.000, 0.000, 2.543, 200 
EOF
