0,3,OFPMatch(oxm_fields={}),0,0,0
1,3,OFPMatch(oxm_fields={'ip_proto': 17; 'udp_dst': 6789; 'eth_type': 2048}),0,0,0
2,3,OFPMatch(oxm_fields={'ip_proto': 17; 'udp_src': 2152; 'udp_dst': 2152; 'eth_type': 2048}),0,0,0
0,3,OFPMatch(oxm_fields={}),19,2515,1
1,3,OFPMatch(oxm_fields={'ip_proto': 17; 'udp_dst': 6789; 'eth_type': 2048}),0,0,1
2,3,OFPMatch(oxm_fields={'ip_proto': 17; 'udp_src': 2152; 'udp_dst': 2152; 'eth_type': 2048}),0,0,1
0,3,OFPMatch(oxm_fields={}),47,6193,2
1,3,OFPMatch(oxm_fields={'ip_proto': 17; 'udp_dst': 6789; 'eth_type': 2048}),0,0,2
2,3,OFPMatch(oxm_fields={'ip_proto': 17; 'udp_src': 2152; 'udp_dst': 2152; 'eth_type': 2048}),0,0,2
0,3,OFPMatch(oxm_fields={}),55,7928,3
1,3,OFPMatch(oxm_fields={'ip_proto': 17; 'udp_dst': 6789; 'eth_type': 2048}),0,0,3
2,3,OFPMatch(oxm_fields={'ip_proto': 17; 'udp_src': 2152; 'udp_dst': 2152; 'eth_type': 2048}),0,0,3
0,3,OFPMatch(oxm_fields={}),58,8385,4
1,3,OFPMatch(oxm_fields={'ip_proto': 17; 'udp_dst': 6789; 'eth_type': 2048}),0,0,4
2,3,OFPMatch(oxm_fields={'ip_proto': 17; 'udp_src': 2152; 'udp_dst': 2152; 'eth_type': 2048}),0,0,4
0,3,OFPMatch(oxm_fields={}),69,9794,5
1,3,OFPMatch(oxm_fields={'ip_proto': 17; 'udp_dst': 6789; 'eth_type': 2048}),0,0,5
2,3,OFPMatch(oxm_fields={'ip_proto': 17; 'udp_src': 2152; 'udp_dst': 2152; 'eth_type': 2048}),0,0,5
0,3,OFPMatch(oxm_fields={}),72,10276,6
1,3,OFPMatch(oxm_fields={'ip_proto': 17; 'udp_dst': 6789; 'eth_type': 2048}),0,0,6
2,3,OFPMatch(oxm_fields={'ip_proto': 17; 'udp_src': 2152; 'udp_dst': 2152; 'eth_type': 2048}),0,0,6
0,3,OFPMatch(oxm_fields={}),72,10276,7
1,3,OFPMatch(oxm_fields={'ip_proto': 17; 'udp_dst': 6789; 'eth_type': 2048}),0,0,7
2,3,OFPMatch(oxm_fields={'ip_proto': 17; 'udp_src': 2152; 'udp_dst': 2152; 'eth_type': 2048}),0,0,7
0,3,OFPMatch(oxm_fields={}),74,10490,8
1,3,OFPMatch(oxm_fields={'ip_proto': 17; 'udp_dst': 6789; 'eth_type': 2048}),0,0,8
2,3,OFPMatch(oxm_fields={'ip_proto': 17; 'udp_src': 2152; 'udp_dst': 2152; 'eth_type': 2048}),0,0,8
0,3,OFPMatch(oxm_fields={}),83,11392,9
1,3,OFPMatch(oxm_fields={'ip_proto': 17; 'udp_dst': 6789; 'eth_type': 2048}),0,0,9
2,3,OFPMatch(oxm_fields={'ip_proto': 17; 'udp_src': 2152; 'udp_dst': 2152; 'eth_type': 2048}),0,0,9
0,3,OFPMatch(oxm_fields={}),85,11532,10
1,3,OFPMatch(oxm_fields={'ip_proto': 17; 'udp_dst': 6789; 'eth_type': 2048}),0,0,10
2,3,OFPMatch(oxm_fields={'ip_proto': 17; 'udp_src': 2152; 'udp_dst': 2152; 'eth_type': 2048}),0,0,10
0,3,OFPMatch(oxm_fields={}),86,11874,11
1,3,OFPMatch(oxm_fields={'ip_proto': 17; 'udp_dst': 6789; 'eth_type': 2048}),0,0,11
2,3,OFPMatch(oxm_fields={'ip_proto': 17; 'udp_src': 2152; 'udp_dst': 2152; 'eth_type': 2048}),0,0,11
0,3,OFPMatch(oxm_fields={}),86,11874,12
1,3,OFPMatch(oxm_fields={'ip_proto': 17; 'udp_dst': 6789; 'eth_type': 2048}),0,0,12
2,3,OFPMatch(oxm_fields={'ip_proto': 17; 'udp_src': 2152; 'udp_dst': 2152; 'eth_type': 2048}),0,0,12
0,3,OFPMatch(oxm_fields={}),86,11874,13
1,3,OFPMatch(oxm_fields={'ip_proto': 17; 'udp_dst': 6789; 'eth_type': 2048}),0,0,13
2,3,OFPMatch(oxm_fields={'ip_proto': 17; 'udp_src': 2152; 'udp_dst': 2152; 'eth_type': 2048}),0,0,13
0,3,OFPMatch(oxm_fields={}),86,11874,14
1,3,OFPMatch(oxm_fields={'ip_proto': 17; 'udp_dst': 6789; 'eth_type': 2048}),0,0,14
2,3,OFPMatch(oxm_fields={'ip_proto': 17; 'udp_src': 2152; 'udp_dst': 2152; 'eth_type': 2048}),0,0,14
0,3,OFPMatch(oxm_fields={}),86,11874,15
1,3,OFPMatch(oxm_fields={'ip_proto': 17; 'udp_dst': 6789; 'eth_type': 2048}),0,0,15
2,3,OFPMatch(oxm_fields={'ip_proto': 17; 'udp_src': 2152; 'udp_dst': 2152; 'eth_type': 2048}),0,0,15
0,3,OFPMatch(oxm_fields={}),88,12088,16
1,3,OFPMatch(oxm_fields={'ip_proto': 17; 'udp_dst': 6789; 'eth_type': 2048}),0,0,16
2,3,OFPMatch(oxm_fields={'ip_proto': 17; 'udp_src': 2152; 'udp_dst': 2152; 'eth_type': 2048}),0,0,16
0,3,OFPMatch(oxm_fields={}),88,12088,17
1,3,OFPMatch(oxm_fields={'ip_proto': 17; 'udp_dst': 6789; 'eth_type': 2048}),0,0,17
2,3,OFPMatch(oxm_fields={'ip_proto': 17; 'udp_src': 2152; 'udp_dst': 2152; 'eth_type': 2048}),0,0,17
0,3,OFPMatch(oxm_fields={}),88,12088,18
1,3,OFPMatch(oxm_fields={'ip_proto': 17; 'udp_dst': 6789; 'eth_type': 2048}),0,0,18
2,3,OFPMatch(oxm_fields={'ip_proto': 17; 'udp_src': 2152; 'udp_dst': 2152; 'eth_type': 2048}),0,0,18
0,3,OFPMatch(oxm_fields={}),88,12088,19
1,3,OFPMatch(oxm_fields={'ip_proto': 17; 'udp_dst': 6789; 'eth_type': 2048}),0,0,19
2,3,OFPMatch(oxm_fields={'ip_proto': 17; 'udp_src': 2152; 'udp_dst': 2152; 'eth_type': 2048}),0,0,19
0,3,OFPMatch(oxm_fields={}),88,12088,20
1,3,OFPMatch(oxm_fields={'ip_proto': 17; 'udp_dst': 6789; 'eth_type': 2048}),0,0,20
2,3,OFPMatch(oxm_fields={'ip_proto': 17; 'udp_src': 2152; 'udp_dst': 2152; 'eth_type': 2048}),0,0,20
0,3,OFPMatch(oxm_fields={}),89,12430,21
1,3,OFPMatch(oxm_fields={'ip_proto': 17; 'udp_dst': 6789; 'eth_type': 2048}),0,0,21
2,3,OFPMatch(oxm_fields={'ip_proto': 17; 'udp_src': 2152; 'udp_dst': 2152; 'eth_type': 2048}),0,0,21
0,3,OFPMatch(oxm_fields={}),90,12772,22
1,3,OFPMatch(oxm_fields={'ip_proto': 17; 'udp_dst': 6789; 'eth_type': 2048}),0,0,22
2,3,OFPMatch(oxm_fields={'ip_proto': 17; 'udp_src': 2152; 'udp_dst': 2152; 'eth_type': 2048}),0,0,22
0,3,OFPMatch(oxm_fields={}),90,12772,23
1,3,OFPMatch(oxm_fields={'ip_proto': 17; 'udp_dst': 6789; 'eth_type': 2048}),0,0,23
2,3,OFPMatch(oxm_fields={'ip_proto': 17; 'udp_src': 2152; 'udp_dst': 2152; 'eth_type': 2048}),0,0,23
0,3,OFPMatch(oxm_fields={}),90,12772,24
1,3,OFPMatch(oxm_fields={'ip_proto': 17; 'udp_dst': 6789; 'eth_type': 2048}),0,0,24
2,3,OFPMatch(oxm_fields={'ip_proto': 17; 'udp_src': 2152; 'udp_dst': 2152; 'eth_type': 2048}),0,0,24
0,3,OFPMatch(oxm_fields={}),90,12772,25
1,3,OFPMatch(oxm_fields={'ip_proto': 17; 'udp_dst': 6789; 'eth_type': 2048}),0,0,25
2,3,OFPMatch(oxm_fields={'ip_proto': 17; 'udp_src': 2152; 'udp_dst': 2152; 'eth_type': 2048}),0,0,25
0,3,OFPMatch(oxm_fields={}),90,12772,26
1,3,OFPMatch(oxm_fields={'ip_proto': 17; 'udp_dst': 6789; 'eth_type': 2048}),0,0,26
2,3,OFPMatch(oxm_fields={'ip_proto': 17; 'udp_src': 2152; 'udp_dst': 2152; 'eth_type': 2048}),0,0,26
0,3,OFPMatch(oxm_fields={}),90,12772,27
1,3,OFPMatch(oxm_fields={'ip_proto': 17; 'udp_dst': 6789; 'eth_type': 2048}),0,0,27
2,3,OFPMatch(oxm_fields={'ip_proto': 17; 'udp_src': 2152; 'udp_dst': 2152; 'eth_type': 2048}),0,0,27
0,3,OFPMatch(oxm_fields={}),90,12772,28
1,3,OFPMatch(oxm_fields={'ip_proto': 17; 'udp_dst': 6789; 'eth_type': 2048}),0,0,28
2,3,OFPMatch(oxm_fields={'ip_proto': 17; 'udp_src': 2152; 'udp_dst': 2152; 'eth_type': 2048}),0,0,28
0,3,OFPMatch(oxm_fields={}),90,12772,29
1,3,OFPMatch(oxm_fields={'ip_proto': 17; 'udp_dst': 6789; 'eth_type': 2048}),0,0,29
2,3,OFPMatch(oxm_fields={'ip_proto': 17; 'udp_src': 2152; 'udp_dst': 2152; 'eth_type': 2048}),0,0,29
0,3,OFPMatch(oxm_fields={}),91,13114,30
1,3,OFPMatch(oxm_fields={'ip_proto': 17; 'udp_dst': 6789; 'eth_type': 2048}),0,0,30
2,3,OFPMatch(oxm_fields={'ip_proto': 17; 'udp_src': 2152; 'udp_dst': 2152; 'eth_type': 2048}),0,0,30
0,3,OFPMatch(oxm_fields={}),91,13114,31
1,3,OFPMatch(oxm_fields={'ip_proto': 17; 'udp_dst': 6789; 'eth_type': 2048}),0,0,31
2,3,OFPMatch(oxm_fields={'ip_proto': 17; 'udp_src': 2152; 'udp_dst': 2152; 'eth_type': 2048}),0,0,31
0,3,OFPMatch(oxm_fields={}),93,13328,32
1,3,OFPMatch(oxm_fields={'ip_proto': 17; 'udp_dst': 6789; 'eth_type': 2048}),0,0,32
2,3,OFPMatch(oxm_fields={'ip_proto': 17; 'udp_src': 2152; 'udp_dst': 2152; 'eth_type': 2048}),0,0,32
0,3,OFPMatch(oxm_fields={}),93,13328,33
1,3,OFPMatch(oxm_fields={'ip_proto': 17; 'udp_dst': 6789; 'eth_type': 2048}),0,0,33
2,3,OFPMatch(oxm_fields={'ip_proto': 17; 'udp_src': 2152; 'udp_dst': 2152; 'eth_type': 2048}),0,0,33
0,3,OFPMatch(oxm_fields={}),93,13328,34
1,3,OFPMatch(oxm_fields={'ip_proto': 17; 'udp_dst': 6789; 'eth_type': 2048}),0,0,34
2,3,OFPMatch(oxm_fields={'ip_proto': 17; 'udp_src': 2152; 'udp_dst': 2152; 'eth_type': 2048}),0,0,34
0,3,OFPMatch(oxm_fields={}),93,13328,35
1,3,OFPMatch(oxm_fields={'ip_proto': 17; 'udp_dst': 6789; 'eth_type': 2048}),0,0,35
2,3,OFPMatch(oxm_fields={'ip_proto': 17; 'udp_src': 2152; 'udp_dst': 2152; 'eth_type': 2048}),0,0,35
0,3,OFPMatch(oxm_fields={}),93,13328,36
1,3,OFPMatch(oxm_fields={'ip_proto': 17; 'udp_dst': 6789; 'eth_type': 2048}),0,0,36
2,3,OFPMatch(oxm_fields={'ip_proto': 17; 'udp_src': 2152; 'udp_dst': 2152; 'eth_type': 2048}),0,0,36
0,3,OFPMatch(oxm_fields={}),93,13328,37
1,3,OFPMatch(oxm_fields={'ip_proto': 17; 'udp_dst': 6789; 'eth_type': 2048}),0,0,37
2,3,OFPMatch(oxm_fields={'ip_proto': 17; 'udp_src': 2152; 'udp_dst': 2152; 'eth_type': 2048}),0,0,37
0,3,OFPMatch(oxm_fields={}),93,13328,38
1,3,OFPMatch(oxm_fields={'ip_proto': 17; 'udp_dst': 6789; 'eth_type': 2048}),0,0,38
2,3,OFPMatch(oxm_fields={'ip_proto': 17; 'udp_src': 2152; 'udp_dst': 2152; 'eth_type': 2048}),0,0,38
0,3,OFPMatch(oxm_fields={}),93,13328,39
1,3,OFPMatch(oxm_fields={'ip_proto': 17; 'udp_dst': 6789; 'eth_type': 2048}),0,0,39
2,3,OFPMatch(oxm_fields={'ip_proto': 17; 'udp_src': 2152; 'udp_dst': 2152; 'eth_type': 2048}),0,0,39
0,3,OFPMatch(oxm_fields={}),93,13328,40
1,3,OFPMatch(oxm_fields={'ip_proto': 17; 'udp_dst': 6789; 'eth_type': 2048}),0,0,40
2,3,OFPMatch(oxm_fields={'ip_proto': 17; 'udp_src': 2152; 'udp_dst': 2152; 'eth_type': 2048}),0,0,40
0,3,OFPMatch(oxm_fields={}),93,13328,41
1,3,OFPMatch(oxm_fields={'ip_proto': 17; 'udp_dst': 6789; 'eth_type': 2048}),0,0,41
2,3,OFPMatch(oxm_fields={'ip_proto': 17; 'udp_src': 2152; 'udp_dst': 2152; 'eth_type': 2048}),0,0,41
0,3,OFPMatch(oxm_fields={}),93,13328,42
1,3,OFPMatch(oxm_fields={'ip_proto': 17; 'udp_dst': 6789; 'eth_type': 2048}),0,0,42
2,3,OFPMatch(oxm_fields={'ip_proto': 17; 'udp_src': 2152; 'udp_dst': 2152; 'eth_type': 2048}),0,0,42
0,3,OFPMatch(oxm_fields={}),94,13670,43
1,3,OFPMatch(oxm_fields={'ip_proto': 17; 'udp_dst': 6789; 'eth_type': 2048}),0,0,43
2,3,OFPMatch(oxm_fields={'ip_proto': 17; 'udp_src': 2152; 'udp_dst': 2152; 'eth_type': 2048}),0,0,43
0,3,OFPMatch(oxm_fields={}),94,13670,44
1,3,OFPMatch(oxm_fields={'ip_proto': 17; 'udp_dst': 6789; 'eth_type': 2048}),0,0,44
2,3,OFPMatch(oxm_fields={'ip_proto': 17; 'udp_src': 2152; 'udp_dst': 2152; 'eth_type': 2048}),0,0,44
0,3,OFPMatch(oxm_fields={}),94,13670,45
1,3,OFPMatch(oxm_fields={'ip_proto': 17; 'udp_dst': 6789; 'eth_type': 2048}),0,0,45
2,3,OFPMatch(oxm_fields={'ip_proto': 17; 'udp_src': 2152; 'udp_dst': 2152; 'eth_type': 2048}),0,0,45
0,3,OFPMatch(oxm_fields={}),94,13670,46
1,3,OFPMatch(oxm_fields={'ip_proto': 17; 'udp_dst': 6789; 'eth_type': 2048}),0,0,46
2,3,OFPMatch(oxm_fields={'ip_proto': 17; 'udp_src': 2152; 'udp_dst': 2152; 'eth_type': 2048}),0,0,46
0,3,OFPMatch(oxm_fields={}),94,13670,47
1,3,OFPMatch(oxm_fields={'ip_proto': 17; 'udp_dst': 6789; 'eth_type': 2048}),0,0,47
2,3,OFPMatch(oxm_fields={'ip_proto': 17; 'udp_src': 2152; 'udp_dst': 2152; 'eth_type': 2048}),0,0,47
0,3,OFPMatch(oxm_fields={}),94,13670,48
1,3,OFPMatch(oxm_fields={'ip_proto': 17; 'udp_dst': 6789; 'eth_type': 2048}),0,0,48
2,3,OFPMatch(oxm_fields={'ip_proto': 17; 'udp_src': 2152; 'udp_dst': 2152; 'eth_type': 2048}),0,0,48
0,3,OFPMatch(oxm_fields={}),99,14652,49
1,3,OFPMatch(oxm_fields={'ip_proto': 17; 'udp_dst': 6789; 'eth_type': 2048}),0,0,49
2,3,OFPMatch(oxm_fields={'ip_proto': 17; 'udp_src': 2152; 'udp_dst': 2152; 'eth_type': 2048}),0,0,49
0,3,OFPMatch(oxm_fields={}),105,15200,50
1,3,OFPMatch(oxm_fields={'ip_proto': 17; 'udp_dst': 6789; 'eth_type': 2048}),0,0,50
2,3,OFPMatch(oxm_fields={'ip_proto': 17; 'udp_src': 2152; 'udp_dst': 2152; 'eth_type': 2048}),0,0,50
0,3,OFPMatch(oxm_fields={}),111,16324,51
1,3,OFPMatch(oxm_fields={'ip_proto': 17; 'udp_dst': 6789; 'eth_type': 2048}),0,0,51
2,3,OFPMatch(oxm_fields={'ip_proto': 17; 'udp_src': 2152; 'udp_dst': 2152; 'eth_type': 2048}),0,0,51
0,3,OFPMatch(oxm_fields={}),129,20087,52
1,3,OFPMatch(oxm_fields={'ip_proto': 17; 'udp_dst': 6789; 'eth_type': 2048}),0,0,52
2,3,OFPMatch(oxm_fields={'ip_proto': 17; 'udp_src': 2152; 'udp_dst': 2152; 'eth_type': 2048}),0,0,52
0,3,OFPMatch(oxm_fields={}),132,20936,53
1,3,OFPMatch(oxm_fields={'ip_proto': 17; 'udp_dst': 6789; 'eth_type': 2048}),0,0,53
2,3,OFPMatch(oxm_fields={'ip_proto': 17; 'udp_src': 2152; 'udp_dst': 2152; 'eth_type': 2048}),0,0,53
0,3,OFPMatch(oxm_fields={}),136,21463,54
1,3,OFPMatch(oxm_fields={'ip_proto': 17; 'udp_dst': 6789; 'eth_type': 2048}),0,0,54
2,3,OFPMatch(oxm_fields={'ip_proto': 17; 'udp_src': 2152; 'udp_dst': 2152; 'eth_type': 2048}),0,0,54
0,3,OFPMatch(oxm_fields={}),138,22009,55
1,3,OFPMatch(oxm_fields={'ip_proto': 17; 'udp_dst': 6789; 'eth_type': 2048}),0,0,55
2,3,OFPMatch(oxm_fields={'ip_proto': 17; 'udp_src': 2152; 'udp_dst': 2152; 'eth_type': 2048}),0,0,55
0,3,OFPMatch(oxm_fields={}),141,22724,56
1,3,OFPMatch(oxm_fields={'ip_proto': 17; 'udp_dst': 6789; 'eth_type': 2048}),0,0,56
2,3,OFPMatch(oxm_fields={'ip_proto': 17; 'udp_src': 2152; 'udp_dst': 2152; 'eth_type': 2048}),0,0,56
0,3,OFPMatch(oxm_fields={}),142,22831,57
1,3,OFPMatch(oxm_fields={'ip_proto': 17; 'udp_dst': 6789; 'eth_type': 2048}),0,0,57
2,3,OFPMatch(oxm_fields={'ip_proto': 17; 'udp_src': 2152; 'udp_dst': 2152; 'eth_type': 2048}),0,0,57
0,3,OFPMatch(oxm_fields={}),142,22831,58
1,3,OFPMatch(oxm_fields={'ip_proto': 17; 'udp_dst': 6789; 'eth_type': 2048}),0,0,58
2,3,OFPMatch(oxm_fields={'ip_proto': 17; 'udp_src': 2152; 'udp_dst': 2152; 'eth_type': 2048}),0,0,58
3,3,OFPMatch(oxm_fields={'eth_dst': '00:00:00:00:00:01'; 'in_port': 2}),15,3654,59
4,3,OFPMatch(oxm_fields={'eth_dst': '00:00:00:00:00:03'; 'in_port': 3}),245,16154,59
5,3,OFPMatch(oxm_fields={'eth_dst': '00:00:00:00:00:03'; 'in_port': 1}),16,1812,59
6,3,OFPMatch(oxm_fields={'eth_dst': '00:00:00:00:00:04'; 'in_port': 2}),253,762450,59
0,3,OFPMatch(oxm_fields={}),153,23778,59
1,3,OFPMatch(oxm_fields={'ip_proto': 17; 'udp_dst': 6789; 'eth_type': 2048}),0,0,59
2,3,OFPMatch(oxm_fields={'ip_proto': 17; 'udp_src': 2152; 'udp_dst': 2152; 'eth_type': 2048}),0,0,59
3,3,OFPMatch(oxm_fields={'eth_dst': '00:00:00:00:00:01'; 'in_port': 2}),40,9784,60
4,3,OFPMatch(oxm_fields={'eth_dst': '00:00:00:00:00:03'; 'in_port': 3}),656,43280,60
5,3,OFPMatch(oxm_fields={'eth_dst': '00:00:00:00:00:03'; 'in_port': 1}),44,4920,60
6,3,OFPMatch(oxm_fields={'eth_dst': '00:00:00:00:00:04'; 'in_port': 2}),664,1979832,60
0,3,OFPMatch(oxm_fields={}),153,23778,60
1,3,OFPMatch(oxm_fields={'ip_proto': 17; 'udp_dst': 6789; 'eth_type': 2048}),0,0,60
2,3,OFPMatch(oxm_fields={'ip_proto': 17; 'udp_src': 2152; 'udp_dst': 2152; 'eth_type': 2048}),0,0,60
3,3,OFPMatch(oxm_fields={'eth_dst': '00:00:00:00:00:01'; 'in_port': 2}),65,15914,61
4,3,OFPMatch(oxm_fields={'eth_dst': '00:00:00:00:00:03'; 'in_port': 3}),1067,70406,61
5,3,OFPMatch(oxm_fields={'eth_dst': '00:00:00:00:00:03'; 'in_port': 1}),71,7962,61
6,3,OFPMatch(oxm_fields={'eth_dst': '00:00:00:00:00:04'; 'in_port': 2}),1076,3200176,61
0,3,OFPMatch(oxm_fields={}),153,23778,61
1,3,OFPMatch(oxm_fields={'ip_proto': 17; 'udp_dst': 6789; 'eth_type': 2048}),0,0,61
2,3,OFPMatch(oxm_fields={'ip_proto': 17; 'udp_src': 2152; 'udp_dst': 2152; 'eth_type': 2048}),0,0,61
3,3,OFPMatch(oxm_fields={'eth_dst': '00:00:00:00:00:01'; 'in_port': 2}),90,22044,62
4,3,OFPMatch(oxm_fields={'eth_dst': '00:00:00:00:00:03'; 'in_port': 3}),1479,97598,62
5,3,OFPMatch(oxm_fields={'eth_dst': '00:00:00:00:00:03'; 'in_port': 1}),99,11070,62
6,3,OFPMatch(oxm_fields={'eth_dst': '00:00:00:00:00:04'; 'in_port': 2}),1487,4417558,62
0,3,OFPMatch(oxm_fields={}),153,23778,62
1,3,OFPMatch(oxm_fields={'ip_proto': 17; 'udp_dst': 6789; 'eth_type': 2048}),0,0,62
2,3,OFPMatch(oxm_fields={'ip_proto': 17; 'udp_src': 2152; 'udp_dst': 2152; 'eth_type': 2048}),0,0,62
3,3,OFPMatch(oxm_fields={'eth_dst': '00:00:00:00:00:01'; 'in_port': 2}),115,28174,63
4,3,OFPMatch(oxm_fields={'eth_dst': '00:00:00:00:00:03'; 'in_port': 3}),1890,124724,63
5,3,OFPMatch(oxm_fields={'eth_dst': '00:00:00:00:00:03'; 'in_port': 1}),126,14112,63
6,3,OFPMatch(oxm_fields={'eth_dst': '00:00:00:00:00:04'; 'in_port': 2}),1899,5637902,63
0,3,OFPMatch(oxm_fields={}),153,23778,63
1,3,OFPMatch(oxm_fields={'ip_proto': 17; 'udp_dst': 6789; 'eth_type': 2048}),0,0,63
2,3,OFPMatch(oxm_fields={'ip_proto': 17; 'udp_src': 2152; 'udp_dst': 2152; 'eth_type': 2048}),0,0,63
3,3,OFPMatch(oxm_fields={'eth_dst': '00:00:00:00:00:01'; 'in_port': 2}),140,34304,64
4,3,OFPMatch(oxm_fields={'eth_dst': '00:00:00:00:00:03'; 'in_port': 3}),2302,151892,64
5,3,OFPMatch(oxm_fields={'eth_dst': '00:00:00:00:00:03'; 'in_port': 1}),153,17154,64
6,3,OFPMatch(oxm_fields={'eth_dst': '00:00:00:00:00:04'; 'in_port': 2}),2311,6855326,64
0,3,OFPMatch(oxm_fields={}),153,23778,64
1,3,OFPMatch(oxm_fields={'ip_proto': 17; 'udp_dst': 6789; 'eth_type': 2048}),0,0,64
2,3,OFPMatch(oxm_fields={'ip_proto': 17; 'udp_src': 2152; 'udp_dst': 2152; 'eth_type': 2048}),0,0,64
3,3,OFPMatch(oxm_fields={'eth_dst': '00:00:00:00:00:01'; 'in_port': 2}),165,40434,65
4,3,OFPMatch(oxm_fields={'eth_dst': '00:00:00:00:00:03'; 'in_port': 3}),2714,179084,65
5,3,OFPMatch(oxm_fields={'eth_dst': '00:00:00:00:00:03'; 'in_port': 1}),180,20196,65
6,3,OFPMatch(oxm_fields={'eth_dst': '00:00:00:00:00:04'; 'in_port': 2}),2722,8072708,65
0,3,OFPMatch(oxm_fields={}),154,23885,65
1,3,OFPMatch(oxm_fields={'ip_proto': 17; 'udp_dst': 6789; 'eth_type': 2048}),0,0,65
2,3,OFPMatch(oxm_fields={'ip_proto': 17; 'udp_src': 2152; 'udp_dst': 2152; 'eth_type': 2048}),0,0,65
3,3,OFPMatch(oxm_fields={'eth_dst': '00:00:00:00:00:01'; 'in_port': 2}),190,46564,66
4,3,OFPMatch(oxm_fields={'eth_dst': '00:00:00:00:00:03'; 'in_port': 3}),3125,206210,66
5,3,OFPMatch(oxm_fields={'eth_dst': '00:00:00:00:00:03'; 'in_port': 1}),208,23304,66
6,3,OFPMatch(oxm_fields={'eth_dst': '00:00:00:00:00:04'; 'in_port': 2}),3134,9293052,66
0,3,OFPMatch(oxm_fields={}),154,23885,66
1,3,OFPMatch(oxm_fields={'ip_proto': 17; 'udp_dst': 6789; 'eth_type': 2048}),0,0,66
2,3,OFPMatch(oxm_fields={'ip_proto': 17; 'udp_src': 2152; 'udp_dst': 2152; 'eth_type': 2048}),0,0,66
3,3,OFPMatch(oxm_fields={'eth_dst': '00:00:00:00:00:01'; 'in_port': 2}),212,51608,67
4,3,OFPMatch(oxm_fields={'eth_dst': '00:00:00:00:00:03'; 'in_port': 3}),3537,233402,67
5,3,OFPMatch(oxm_fields={'eth_dst': '00:00:00:00:00:03'; 'in_port': 1}),233,26214,67
6,3,OFPMatch(oxm_fields={'eth_dst': '00:00:00:00:00:04'; 'in_port': 2}),3545,10510434,67
0,3,OFPMatch(oxm_fields={}),156,24334,67
1,3,OFPMatch(oxm_fields={'ip_proto': 17; 'udp_dst': 6789; 'eth_type': 2048}),0,0,67
2,3,OFPMatch(oxm_fields={'ip_proto': 17; 'udp_src': 2152; 'udp_dst': 2152; 'eth_type': 2048}),0,0,67
3,3,OFPMatch(oxm_fields={'eth_dst': '00:00:00:00:00:01'; 'in_port': 2}),237,57738,68
4,3,OFPMatch(oxm_fields={'eth_dst': '00:00:00:00:00:03'; 'in_port': 3}),3949,260594,68
5,3,OFPMatch(oxm_fields={'eth_dst': '00:00:00:00:00:03'; 'in_port': 1}),259,29190,68
6,3,OFPMatch(oxm_fields={'eth_dst': '00:00:00:00:00:04'; 'in_port': 2}),3957,11730778,68
0,3,OFPMatch(oxm_fields={}),156,24334,68
1,3,OFPMatch(oxm_fields={'ip_proto': 17; 'udp_dst': 6789; 'eth_type': 2048}),0,0,68
2,3,OFPMatch(oxm_fields={'ip_proto': 17; 'udp_src': 2152; 'udp_dst': 2152; 'eth_type': 2048}),0,0,68
3,3,OFPMatch(oxm_fields={'eth_dst': '00:00:00:00:00:01'; 'in_port': 2}),262,63868,69
4,3,OFPMatch(oxm_fields={'eth_dst': '00:00:00:00:00:03'; 'in_port': 3}),4360,287720,69
5,3,OFPMatch(oxm_fields={'eth_dst': '00:00:00:00:00:03'; 'in_port': 1}),286,32232,69
6,3,OFPMatch(oxm_fields={'eth_dst': '00:00:00:00:00:04'; 'in_port': 2}),4368,12948160,69
0,3,OFPMatch(oxm_fields={}),156,24334,69
1,3,OFPMatch(oxm_fields={'ip_proto': 17; 'udp_dst': 6789; 'eth_type': 2048}),0,0,69
2,3,OFPMatch(oxm_fields={'ip_proto': 17; 'udp_src': 2152; 'udp_dst': 2152; 'eth_type': 2048}),0,0,69
3,3,OFPMatch(oxm_fields={'eth_dst': '00:00:00:00:00:01'; 'in_port': 2}),287,69998,70
4,3,OFPMatch(oxm_fields={'eth_dst': '00:00:00:00:00:03'; 'in_port': 3}),4771,314846,70
5,3,OFPMatch(oxm_fields={'eth_dst': '00:00:00:00:00:03'; 'in_port': 1}),314,35340,70
6,3,OFPMatch(oxm_fields={'eth_dst': '00:00:00:00:00:04'; 'in_port': 2}),4779,14165542,70
0,3,OFPMatch(oxm_fields={}),156,24334,70
1,3,OFPMatch(oxm_fields={'ip_proto': 17; 'udp_dst': 6789; 'eth_type': 2048}),0,0,70
2,3,OFPMatch(oxm_fields={'ip_proto': 17; 'udp_src': 2152; 'udp_dst': 2152; 'eth_type': 2048}),0,0,70
3,3,OFPMatch(oxm_fields={'eth_dst': '00:00:00:00:00:01'; 'in_port': 2}),312,76128,71
4,3,OFPMatch(oxm_fields={'eth_dst': '00:00:00:00:00:03'; 'in_port': 3}),5183,342038,71
5,3,OFPMatch(oxm_fields={'eth_dst': '00:00:00:00:00:03'; 'in_port': 1}),341,38382,71
6,3,OFPMatch(oxm_fields={'eth_dst': '00:00:00:00:00:04'; 'in_port': 2}),5191,15385886,71
0,3,OFPMatch(oxm_fields={}),156,24334,71
1,3,OFPMatch(oxm_fields={'ip_proto': 17; 'udp_dst': 6789; 'eth_type': 2048}),0,0,71
2,3,OFPMatch(oxm_fields={'ip_proto': 17; 'udp_src': 2152; 'udp_dst': 2152; 'eth_type': 2048}),0,0,71
3,3,OFPMatch(oxm_fields={'eth_dst': '00:00:00:00:00:01'; 'in_port': 2}),337,82258,72
4,3,OFPMatch(oxm_fields={'eth_dst': '00:00:00:00:00:03'; 'in_port': 3}),5595,369230,72
5,3,OFPMatch(oxm_fields={'eth_dst': '00:00:00:00:00:03'; 'in_port': 1}),369,41490,72
6,3,OFPMatch(oxm_fields={'eth_dst': '00:00:00:00:00:04'; 'in_port': 2}),5603,16606230,72
0,3,OFPMatch(oxm_fields={}),156,24334,72
1,3,OFPMatch(oxm_fields={'ip_proto': 17; 'udp_dst': 6789; 'eth_type': 2048}),0,0,72
2,3,OFPMatch(oxm_fields={'ip_proto': 17; 'udp_src': 2152; 'udp_dst': 2152; 'eth_type': 2048}),0,0,72
3,3,OFPMatch(oxm_fields={'eth_dst': '00:00:00:00:00:01'; 'in_port': 2}),362,88388,73
4,3,OFPMatch(oxm_fields={'eth_dst': '00:00:00:00:00:03'; 'in_port': 3}),6006,396356,73
5,3,OFPMatch(oxm_fields={'eth_dst': '00:00:00:00:00:03'; 'in_port': 1}),396,44532,73
6,3,OFPMatch(oxm_fields={'eth_dst': '00:00:00:00:00:04'; 'in_port': 2}),6014,17823612,73
0,3,OFPMatch(oxm_fields={}),156,24334,73
1,3,OFPMatch(oxm_fields={'ip_proto': 17; 'udp_dst': 6789; 'eth_type': 2048}),0,0,73
2,3,OFPMatch(oxm_fields={'ip_proto': 17; 'udp_src': 2152; 'udp_dst': 2152; 'eth_type': 2048}),0,0,73
3,3,OFPMatch(oxm_fields={'eth_dst': '00:00:00:00:00:01'; 'in_port': 2}),387,94518,74
4,3,OFPMatch(oxm_fields={'eth_dst': '00:00:00:00:00:03'; 'in_port': 3}),6417,423482,74
5,3,OFPMatch(oxm_fields={'eth_dst': '00:00:00:00:00:03'; 'in_port': 1}),423,47574,74
6,3,OFPMatch(oxm_fields={'eth_dst': '00:00:00:00:00:04'; 'in_port': 2}),6426,19043956,74
0,3,OFPMatch(oxm_fields={}),157,24676,74
1,3,OFPMatch(oxm_fields={'ip_proto': 17; 'udp_dst': 6789; 'eth_type': 2048}),0,0,74
2,3,OFPMatch(oxm_fields={'ip_proto': 17; 'udp_src': 2152; 'udp_dst': 2152; 'eth_type': 2048}),0,0,74
3,3,OFPMatch(oxm_fields={'eth_dst': '00:00:00:00:00:01'; 'in_port': 2}),411,100574,75
4,3,OFPMatch(oxm_fields={'eth_dst': '00:00:00:00:00:03'; 'in_port': 3}),6828,450608,75
5,3,OFPMatch(oxm_fields={'eth_dst': '00:00:00:00:00:03'; 'in_port': 1}),450,50372,75
6,3,OFPMatch(oxm_fields={'eth_dst': '00:00:00:00:00:04'; 'in_port': 2}),6837,20261338,75
0,3,OFPMatch(oxm_fields={}),158,25018,75
1,3,OFPMatch(oxm_fields={'ip_proto': 17; 'udp_dst': 6789; 'eth_type': 2048}),0,0,75
2,3,OFPMatch(oxm_fields={'ip_proto': 17; 'udp_src': 2152; 'udp_dst': 2152; 'eth_type': 2048}),0,0,75
3,3,OFPMatch(oxm_fields={'eth_dst': '00:00:00:00:00:01'; 'in_port': 2}),436,106704,76
4,3,OFPMatch(oxm_fields={'eth_dst': '00:00:00:00:00:03'; 'in_port': 3}),7240,477800,76
5,3,OFPMatch(oxm_fields={'eth_dst': '00:00:00:00:00:03'; 'in_port': 1}),476,53348,76
6,3,OFPMatch(oxm_fields={'eth_dst': '00:00:00:00:00:04'; 'in_port': 2}),7248,21478720,76
0,3,OFPMatch(oxm_fields={}),158,25018,76
1,3,OFPMatch(oxm_fields={'ip_proto': 17; 'udp_dst': 6789; 'eth_type': 2048}),0,0,76
2,3,OFPMatch(oxm_fields={'ip_proto': 17; 'udp_src': 2152; 'udp_dst': 2152; 'eth_type': 2048}),0,0,76
3,3,OFPMatch(oxm_fields={'eth_dst': '00:00:00:00:00:01'; 'in_port': 2}),461,112834,77
4,3,OFPMatch(oxm_fields={'eth_dst': '00:00:00:00:00:03'; 'in_port': 3}),7651,504926,77
5,3,OFPMatch(oxm_fields={'eth_dst': '00:00:00:00:00:03'; 'in_port': 1}),502,56324,77
6,3,OFPMatch(oxm_fields={'eth_dst': '00:00:00:00:00:04'; 'in_port': 2}),7660,22699064,77
0,3,OFPMatch(oxm_fields={}),158,25018,77
1,3,OFPMatch(oxm_fields={'ip_proto': 17; 'udp_dst': 6789; 'eth_type': 2048}),0,0,77
2,3,OFPMatch(oxm_fields={'ip_proto': 17; 'udp_src': 2152; 'udp_dst': 2152; 'eth_type': 2048}),0,0,77
3,3,OFPMatch(oxm_fields={'eth_dst': '00:00:00:00:00:01'; 'in_port': 2}),486,118964,78
4,3,OFPMatch(oxm_fields={'eth_dst': '00:00:00:00:00:03'; 'in_port': 3}),8063,532118,78
5,3,OFPMatch(oxm_fields={'eth_dst': '00:00:00:00:00:03'; 'in_port': 1}),529,59358,78
6,3,OFPMatch(oxm_fields={'eth_dst': '00:00:00:00:00:04'; 'in_port': 2}),8071,23916446,78
0,3,OFPMatch(oxm_fields={}),158,25018,78
1,3,OFPMatch(oxm_fields={'ip_proto': 17; 'udp_dst': 6789; 'eth_type': 2048}),0,0,78
2,3,OFPMatch(oxm_fields={'ip_proto': 17; 'udp_src': 2152; 'udp_dst': 2152; 'eth_type': 2048}),0,0,78
3,3,OFPMatch(oxm_fields={'eth_dst': '00:00:00:00:00:01'; 'in_port': 2}),486,118964,79
4,3,OFPMatch(oxm_fields={'eth_dst': '00:00:00:00:00:03'; 'in_port': 3}),8477,559442,79
5,3,OFPMatch(oxm_fields={'eth_dst': '00:00:00:00:00:03'; 'in_port': 1}),529,59358,79
6,3,OFPMatch(oxm_fields={'eth_dst': '00:00:00:00:00:04'; 'in_port': 2}),8485,25142714,79
0,3,OFPMatch(oxm_fields={}),158,25018,79
1,3,OFPMatch(oxm_fields={'ip_proto': 17; 'udp_dst': 6789; 'eth_type': 2048}),0,0,79
2,3,OFPMatch(oxm_fields={'ip_proto': 17; 'udp_src': 2152; 'udp_dst': 2152; 'eth_type': 2048}),0,0,79
3,3,OFPMatch(oxm_fields={'eth_dst': '00:00:00:00:00:01'; 'in_port': 2}),486,118964,80
4,3,OFPMatch(oxm_fields={'eth_dst': '00:00:00:00:00:03'; 'in_port': 3}),8889,586634,80
5,3,OFPMatch(oxm_fields={'eth_dst': '00:00:00:00:00:03'; 'in_port': 1}),529,59358,80
6,3,OFPMatch(oxm_fields={'eth_dst': '00:00:00:00:00:04'; 'in_port': 2}),8898,26366020,80
0,3,OFPMatch(oxm_fields={}),158,25018,80
1,3,OFPMatch(oxm_fields={'ip_proto': 17; 'udp_dst': 6789; 'eth_type': 2048}),0,0,80
2,3,OFPMatch(oxm_fields={'ip_proto': 17; 'udp_src': 2152; 'udp_dst': 2152; 'eth_type': 2048}),0,0,80
3,3,OFPMatch(oxm_fields={'eth_dst': '00:00:00:00:00:01'; 'in_port': 2}),486,118964,81
4,3,OFPMatch(oxm_fields={'eth_dst': '00:00:00:00:00:03'; 'in_port': 3}),9303,613958,81
5,3,OFPMatch(oxm_fields={'eth_dst': '00:00:00:00:00:03'; 'in_port': 1}),529,59358,81
6,3,OFPMatch(oxm_fields={'eth_dst': '00:00:00:00:00:04'; 'in_port': 2}),9312,27592288,81
0,3,OFPMatch(oxm_fields={}),159,25125,81
1,3,OFPMatch(oxm_fields={'ip_proto': 17; 'udp_dst': 6789; 'eth_type': 2048}),0,0,81
2,3,OFPMatch(oxm_fields={'ip_proto': 17; 'udp_src': 2152; 'udp_dst': 2152; 'eth_type': 2048}),0,0,81
3,3,OFPMatch(oxm_fields={'eth_dst': '00:00:00:00:00:01'; 'in_port': 2}),486,118964,82
4,3,OFPMatch(oxm_fields={'eth_dst': '00:00:00:00:00:03'; 'in_port': 3}),9717,641282,82
5,3,OFPMatch(oxm_fields={'eth_dst': '00:00:00:00:00:03'; 'in_port': 1}),529,59358,82
6,3,OFPMatch(oxm_fields={'eth_dst': '00:00:00:00:00:04'; 'in_port': 2}),9726,28818556,82
0,3,OFPMatch(oxm_fields={}),159,25125,82
1,3,OFPMatch(oxm_fields={'ip_proto': 17; 'udp_dst': 6789; 'eth_type': 2048}),0,0,82
2,3,OFPMatch(oxm_fields={'ip_proto': 17; 'udp_src': 2152; 'udp_dst': 2152; 'eth_type': 2048}),0,0,82
3,3,OFPMatch(oxm_fields={'eth_dst': '00:00:00:00:00:01'; 'in_port': 2}),486,118964,83
4,3,OFPMatch(oxm_fields={'eth_dst': '00:00:00:00:00:03'; 'in_port': 3}),10131,668606,83
5,3,OFPMatch(oxm_fields={'eth_dst': '00:00:00:00:00:03'; 'in_port': 1}),529,59358,83
6,3,OFPMatch(oxm_fields={'eth_dst': '00:00:00:00:00:04'; 'in_port': 2}),10140,30044824,83
0,3,OFPMatch(oxm_fields={}),160,25232,83
1,3,OFPMatch(oxm_fields={'ip_proto': 17; 'udp_dst': 6789; 'eth_type': 2048}),0,0,83
2,3,OFPMatch(oxm_fields={'ip_proto': 17; 'udp_src': 2152; 'udp_dst': 2152; 'eth_type': 2048}),0,0,83
3,3,OFPMatch(oxm_fields={'eth_dst': '00:00:00:00:00:01'; 'in_port': 2}),486,118964,84
4,3,OFPMatch(oxm_fields={'eth_dst': '00:00:00:00:00:03'; 'in_port': 3}),10544,695864,84
5,3,OFPMatch(oxm_fields={'eth_dst': '00:00:00:00:00:03'; 'in_port': 1}),529,59358,84
6,3,OFPMatch(oxm_fields={'eth_dst': '00:00:00:00:00:04'; 'in_port': 2}),10553,31268130,84
0,3,OFPMatch(oxm_fields={}),161,25574,84
1,3,OFPMatch(oxm_fields={'ip_proto': 17; 'udp_dst': 6789; 'eth_type': 2048}),0,0,84
2,3,OFPMatch(oxm_fields={'ip_proto': 17; 'udp_src': 2152; 'udp_dst': 2152; 'eth_type': 2048}),0,0,84
3,3,OFPMatch(oxm_fields={'eth_dst': '00:00:00:00:00:01'; 'in_port': 2}),486,118964,85
4,3,OFPMatch(oxm_fields={'eth_dst': '00:00:00:00:00:03'; 'in_port': 3}),10957,723122,85
5,3,OFPMatch(oxm_fields={'eth_dst': '00:00:00:00:00:03'; 'in_port': 1}),529,59358,85
6,3,OFPMatch(oxm_fields={'eth_dst': '00:00:00:00:00:04'; 'in_port': 2}),10966,32491436,85
0,3,OFPMatch(oxm_fields={}),161,25574,85
1,3,OFPMatch(oxm_fields={'ip_proto': 17; 'udp_dst': 6789; 'eth_type': 2048}),0,0,85
2,3,OFPMatch(oxm_fields={'ip_proto': 17; 'udp_src': 2152; 'udp_dst': 2152; 'eth_type': 2048}),0,0,85
3,3,OFPMatch(oxm_fields={'eth_dst': '00:00:00:00:00:01'; 'in_port': 2}),486,118964,86
4,3,OFPMatch(oxm_fields={'eth_dst': '00:00:00:00:00:03'; 'in_port': 3}),11370,750380,86
5,3,OFPMatch(oxm_fields={'eth_dst': '00:00:00:00:00:03'; 'in_port': 1}),529,59358,86
6,3,OFPMatch(oxm_fields={'eth_dst': '00:00:00:00:00:04'; 'in_port': 2}),11379,33714742,86
0,3,OFPMatch(oxm_fields={}),161,25574,86
1,3,OFPMatch(oxm_fields={'ip_proto': 17; 'udp_dst': 6789; 'eth_type': 2048}),0,0,86
2,3,OFPMatch(oxm_fields={'ip_proto': 17; 'udp_src': 2152; 'udp_dst': 2152; 'eth_type': 2048}),0,0,86
3,3,OFPMatch(oxm_fields={'eth_dst': '00:00:00:00:00:01'; 'in_port': 2}),486,118964,87
4,3,OFPMatch(oxm_fields={'eth_dst': '00:00:00:00:00:03'; 'in_port': 3}),11784,777704,87
5,3,OFPMatch(oxm_fields={'eth_dst': '00:00:00:00:00:03'; 'in_port': 1}),529,59358,87
6,3,OFPMatch(oxm_fields={'eth_dst': '00:00:00:00:00:04'; 'in_port': 2}),11792,34938048,87
0,3,OFPMatch(oxm_fields={}),161,25574,87
1,3,OFPMatch(oxm_fields={'ip_proto': 17; 'udp_dst': 6789; 'eth_type': 2048}),0,0,87
2,3,OFPMatch(oxm_fields={'ip_proto': 17; 'udp_src': 2152; 'udp_dst': 2152; 'eth_type': 2048}),0,0,87
3,3,OFPMatch(oxm_fields={'eth_dst': '00:00:00:00:00:01'; 'in_port': 2}),486,118964,88
4,3,OFPMatch(oxm_fields={'eth_dst': '00:00:00:00:00:03'; 'in_port': 3}),12197,804962,88
5,3,OFPMatch(oxm_fields={'eth_dst': '00:00:00:00:00:03'; 'in_port': 1}),529,59358,88
6,3,OFPMatch(oxm_fields={'eth_dst': '00:00:00:00:00:04'; 'in_port': 2}),12206,36164316,88
0,3,OFPMatch(oxm_fields={}),161,25574,88
1,3,OFPMatch(oxm_fields={'ip_proto': 17; 'udp_dst': 6789; 'eth_type': 2048}),0,0,88
2,3,OFPMatch(oxm_fields={'ip_proto': 17; 'udp_src': 2152; 'udp_dst': 2152; 'eth_type': 2048}),0,0,88
3,3,OFPMatch(oxm_fields={'eth_dst': '00:00:00:00:00:01'; 'in_port': 2}),486,118964,89
4,3,OFPMatch(oxm_fields={'eth_dst': '00:00:00:00:00:03'; 'in_port': 3}),12610,832220,89
5,3,OFPMatch(oxm_fields={'eth_dst': '00:00:00:00:00:03'; 'in_port': 1}),529,59358,89
6,3,OFPMatch(oxm_fields={'eth_dst': '00:00:00:00:00:04'; 'in_port': 2}),12619,37387622,89
0,3,OFPMatch(oxm_fields={}),162,25916,89
1,3,OFPMatch(oxm_fields={'ip_proto': 17; 'udp_dst': 6789; 'eth_type': 2048}),0,0,89
2,3,OFPMatch(oxm_fields={'ip_proto': 17; 'udp_src': 2152; 'udp_dst': 2152; 'eth_type': 2048}),0,0,89
3,3,OFPMatch(oxm_fields={'eth_dst': '00:00:00:00:00:01'; 'in_port': 2}),486,118964,90
4,3,OFPMatch(oxm_fields={'eth_dst': '00:00:00:00:00:03'; 'in_port': 3}),13024,859544,90
5,3,OFPMatch(oxm_fields={'eth_dst': '00:00:00:00:00:03'; 'in_port': 1}),529,59358,90
6,3,OFPMatch(oxm_fields={'eth_dst': '00:00:00:00:00:04'; 'in_port': 2}),13033,38613890,90
0,3,OFPMatch(oxm_fields={}),162,25916,90
1,3,OFPMatch(oxm_fields={'ip_proto': 17; 'udp_dst': 6789; 'eth_type': 2048}),0,0,90
2,3,OFPMatch(oxm_fields={'ip_proto': 17; 'udp_src': 2152; 'udp_dst': 2152; 'eth_type': 2048}),0,0,90
3,3,OFPMatch(oxm_fields={'eth_dst': '00:00:00:00:00:01'; 'in_port': 2}),486,118964,91
4,3,OFPMatch(oxm_fields={'eth_dst': '00:00:00:00:00:03'; 'in_port': 3}),13437,886802,91
5,3,OFPMatch(oxm_fields={'eth_dst': '00:00:00:00:00:03'; 'in_port': 1}),529,59358,91
6,3,OFPMatch(oxm_fields={'eth_dst': '00:00:00:00:00:04'; 'in_port': 2}),13446,39837196,91
0,3,OFPMatch(oxm_fields={}),162,25916,91
1,3,OFPMatch(oxm_fields={'ip_proto': 17; 'udp_dst': 6789; 'eth_type': 2048}),0,0,91
2,3,OFPMatch(oxm_fields={'ip_proto': 17; 'udp_src': 2152; 'udp_dst': 2152; 'eth_type': 2048}),0,0,91
3,3,OFPMatch(oxm_fields={'eth_dst': '00:00:00:00:00:01'; 'in_port': 2}),486,118964,92
4,3,OFPMatch(oxm_fields={'eth_dst': '00:00:00:00:00:03'; 'in_port': 3}),13851,914126,92
5,3,OFPMatch(oxm_fields={'eth_dst': '00:00:00:00:00:03'; 'in_port': 1}),529,59358,92
6,3,OFPMatch(oxm_fields={'eth_dst': '00:00:00:00:00:04'; 'in_port': 2}),13860,41063464,92
0,3,OFPMatch(oxm_fields={}),162,25916,92
1,3,OFPMatch(oxm_fields={'ip_proto': 17; 'udp_dst': 6789; 'eth_type': 2048}),0,0,92
2,3,OFPMatch(oxm_fields={'ip_proto': 17; 'udp_src': 2152; 'udp_dst': 2152; 'eth_type': 2048}),0,0,92
3,3,OFPMatch(oxm_fields={'eth_dst': '00:00:00:00:00:01'; 'in_port': 2}),486,118964,93
4,3,OFPMatch(oxm_fields={'eth_dst': '00:00:00:00:00:03'; 'in_port': 3}),14264,941384,93
5,3,OFPMatch(oxm_fields={'eth_dst': '00:00:00:00:00:03'; 'in_port': 1}),529,59358,93
6,3,OFPMatch(oxm_fields={'eth_dst': '00:00:00:00:00:04'; 'in_port': 2}),14273,42286770,93
0,3,OFPMatch(oxm_fields={}),163,26258,93
1,3,OFPMatch(oxm_fields={'ip_proto': 17; 'udp_dst': 6789; 'eth_type': 2048}),0,0,93
2,3,OFPMatch(oxm_fields={'ip_proto': 17; 'udp_src': 2152; 'udp_dst': 2152; 'eth_type': 2048}),0,0,93
3,3,OFPMatch(oxm_fields={'eth_dst': '00:00:00:00:00:01'; 'in_port': 2}),486,118964,94
4,3,OFPMatch(oxm_fields={'eth_dst': '00:00:00:00:00:03'; 'in_port': 3}),14678,968708,94
5,3,OFPMatch(oxm_fields={'eth_dst': '00:00:00:00:00:03'; 'in_port': 1}),529,59358,94
6,3,OFPMatch(oxm_fields={'eth_dst': '00:00:00:00:00:04'; 'in_port': 2}),14687,43513038,94
0,3,OFPMatch(oxm_fields={}),163,26258,94
1,3,OFPMatch(oxm_fields={'ip_proto': 17; 'udp_dst': 6789; 'eth_type': 2048}),0,0,94
2,3,OFPMatch(oxm_fields={'ip_proto': 17; 'udp_src': 2152; 'udp_dst': 2152; 'eth_type': 2048}),0,0,94
3,3,OFPMatch(oxm_fields={'eth_dst': '00:00:00:00:00:01'; 'in_port': 2}),486,118964,95
4,3,OFPMatch(oxm_fields={'eth_dst': '00:00:00:00:00:03'; 'in_port': 3}),15091,995966,95
5,3,OFPMatch(oxm_fields={'eth_dst': '00:00:00:00:00:03'; 'in_port': 1}),529,59358,95
6,3,OFPMatch(oxm_fields={'eth_dst': '00:00:00:00:00:04'; 'in_port': 2}),15100,44736344,95
0,3,OFPMatch(oxm_fields={}),163,26258,95
1,3,OFPMatch(oxm_fields={'ip_proto': 17; 'udp_dst': 6789; 'eth_type': 2048}),0,0,95
2,3,OFPMatch(oxm_fields={'ip_proto': 17; 'udp_src': 2152; 'udp_dst': 2152; 'eth_type': 2048}),0,0,95
3,3,OFPMatch(oxm_fields={'eth_dst': '00:00:00:00:00:01'; 'in_port': 2}),486,118964,96
4,3,OFPMatch(oxm_fields={'eth_dst': '00:00:00:00:00:03'; 'in_port': 3}),15504,1023224,96
5,3,OFPMatch(oxm_fields={'eth_dst': '00:00:00:00:00:03'; 'in_port': 1}),529,59358,96
6,3,OFPMatch(oxm_fields={'eth_dst': '00:00:00:00:00:04'; 'in_port': 2}),15513,45959650,96
0,3,OFPMatch(oxm_fields={}),163,26258,96
1,3,OFPMatch(oxm_fields={'ip_proto': 17; 'udp_dst': 6789; 'eth_type': 2048}),0,0,96
2,3,OFPMatch(oxm_fields={'ip_proto': 17; 'udp_src': 2152; 'udp_dst': 2152; 'eth_type': 2048}),0,0,96
3,3,OFPMatch(oxm_fields={'eth_dst': '00:00:00:00:00:01'; 'in_port': 2}),486,118964,97
4,3,OFPMatch(oxm_fields={'eth_dst': '00:00:00:00:00:03'; 'in_port': 3}),15918,1050548,97
5,3,OFPMatch(oxm_fields={'eth_dst': '00:00:00:00:00:03'; 'in_port': 1}),529,59358,97
6,3,OFPMatch(oxm_fields={'eth_dst': '00:00:00:00:00:04'; 'in_port': 2}),15927,47185918,97
0,3,OFPMatch(oxm_fields={}),163,26258,97
1,3,OFPMatch(oxm_fields={'ip_proto': 17; 'udp_dst': 6789; 'eth_type': 2048}),0,0,97
2,3,OFPMatch(oxm_fields={'ip_proto': 17; 'udp_src': 2152; 'udp_dst': 2152; 'eth_type': 2048}),0,0,97
3,3,OFPMatch(oxm_fields={'eth_dst': '00:00:00:00:00:01'; 'in_port': 2}),486,118964,98
4,3,OFPMatch(oxm_fields={'eth_dst': '00:00:00:00:00:03'; 'in_port': 3}),16331,1077806,98
5,3,OFPMatch(oxm_fields={'eth_dst': '00:00:00:00:00:03'; 'in_port': 1}),529,59358,98
6,3,OFPMatch(oxm_fields={'eth_dst': '00:00:00:00:00:04'; 'in_port': 2}),16341,48412186,98
0,3,OFPMatch(oxm_fields={}),163,26258,98
1,3,OFPMatch(oxm_fields={'ip_proto': 17; 'udp_dst': 6789; 'eth_type': 2048}),0,0,98
2,3,OFPMatch(oxm_fields={'ip_proto': 17; 'udp_src': 2152; 'udp_dst': 2152; 'eth_type': 2048}),0,0,98
3,3,OFPMatch(oxm_fields={'eth_dst': '00:00:00:00:00:01'; 'in_port': 2}),486,118964,99
4,3,OFPMatch(oxm_fields={'eth_dst': '00:00:00:00:00:03'; 'in_port': 3}),16690,1101500,99
5,3,OFPMatch(oxm_fields={'eth_dst': '00:00:00:00:00:03'; 'in_port': 1}),529,59358,99
6,3,OFPMatch(oxm_fields={'eth_dst': '00:00:00:00:00:04'; 'in_port': 2}),16699,49467710,99
0,3,OFPMatch(oxm_fields={}),168,26976,99
1,3,OFPMatch(oxm_fields={'ip_proto': 17; 'udp_dst': 6789; 'eth_type': 2048}),0,0,99
2,3,OFPMatch(oxm_fields={'ip_proto': 17; 'udp_src': 2152; 'udp_dst': 2152; 'eth_type': 2048}),0,0,99
3,3,OFPMatch(oxm_fields={'eth_dst': '00:00:00:00:00:01'; 'in_port': 2}),486,118964,100
4,3,OFPMatch(oxm_fields={'eth_dst': '00:00:00:00