0,1,OFPMatch(oxm_fields={}),0,0,0
1,1,OFPMatch(oxm_fields={'ip_proto': 17; 'udp_dst': 6789; 'eth_type': 2048}),0,0,0
2,1,OFPMatch(oxm_fields={'ip_proto': 17; 'udp_src': 2152; 'udp_dst': 2152; 'eth_type': 2048}),0,0,0
0,1,OFPMatch(oxm_fields={}),41,5333,1
1,1,OFPMatch(oxm_fields={'ip_proto': 17; 'udp_dst': 6789; 'eth_type': 2048}),0,0,1
2,1,OFPMatch(oxm_fields={'ip_proto': 17; 'udp_src': 2152; 'udp_dst': 2152; 'eth_type': 2048}),0,0,1
0,1,OFPMatch(oxm_fields={}),50,6812,2
1,1,OFPMatch(oxm_fields={'ip_proto': 17; 'udp_dst': 6789; 'eth_type': 2048}),0,0,2
2,1,OFPMatch(oxm_fields={'ip_proto': 17; 'udp_src': 2152; 'udp_dst': 2152; 'eth_type': 2048}),0,0,2
0,1,OFPMatch(oxm_fields={}),54,7850,3
1,1,OFPMatch(oxm_fields={'ip_proto': 17; 'udp_dst': 6789; 'eth_type': 2048}),0,0,3
2,1,OFPMatch(oxm_fields={'ip_proto': 17; 'udp_src': 2152; 'udp_dst': 2152; 'eth_type': 2048}),0,0,3
0,1,OFPMatch(oxm_fields={}),58,8550,4
1,1,OFPMatch(oxm_fields={'ip_proto': 17; 'udp_dst': 6789; 'eth_type': 2048}),0,0,4
2,1,OFPMatch(oxm_fields={'ip_proto': 17; 'udp_src': 2152; 'udp_dst': 2152; 'eth_type': 2048}),0,0,4
0,1,OFPMatch(oxm_fields={}),70,9856,5
1,1,OFPMatch(oxm_fields={'ip_proto': 17; 'udp_dst': 6789; 'eth_type': 2048}),0,0,5
2,1,OFPMatch(oxm_fields={'ip_proto': 17; 'udp_src': 2152; 'udp_dst': 2152; 'eth_type': 2048}),0,0,5
0,1,OFPMatch(oxm_fields={}),70,9856,6
1,1,OFPMatch(oxm_fields={'ip_proto': 17; 'udp_dst': 6789; 'eth_type': 2048}),0,0,6
2,1,OFPMatch(oxm_fields={'ip_proto': 17; 'udp_src': 2152; 'udp_dst': 2152; 'eth_type': 2048}),0,0,6
0,1,OFPMatch(oxm_fields={}),70,9856,7
1,1,OFPMatch(oxm_fields={'ip_proto': 17; 'udp_dst': 6789; 'eth_type': 2048}),0,0,7
2,1,OFPMatch(oxm_fields={'ip_proto': 17; 'udp_src': 2152; 'udp_dst': 2152; 'eth_type': 2048}),0,0,7
0,1,OFPMatch(oxm_fields={}),73,10412,8
1,1,OFPMatch(oxm_fields={'ip_proto': 17; 'udp_dst': 6789; 'eth_type': 2048}),0,0,8
2,1,OFPMatch(oxm_fields={'ip_proto': 17; 'udp_src': 2152; 'udp_dst': 2152; 'eth_type': 2048}),0,0,8
0,1,OFPMatch(oxm_fields={}),84,11454,9
1,1,OFPMatch(oxm_fields={'ip_proto': 17; 'udp_dst': 6789; 'eth_type': 2048}),0,0,9
2,1,OFPMatch(oxm_fields={'ip_proto': 17; 'udp_src': 2152; 'udp_dst': 2152; 'eth_type': 2048}),0,0,9
0,1,OFPMatch(oxm_fields={}),84,11454,10
1,1,OFPMatch(oxm_fields={'ip_proto': 17; 'udp_dst': 6789; 'eth_type': 2048}),0,0,10
2,1,OFPMatch(oxm_fields={'ip_proto': 17; 'udp_src': 2152; 'udp_dst': 2152; 'eth_type': 2048}),0,0,10
0,1,OFPMatch(oxm_fields={}),84,11454,11
1,1,OFPMatch(oxm_fields={'ip_proto': 17; 'udp_dst': 6789; 'eth_type': 2048}),0,0,11
2,1,OFPMatch(oxm_fields={'ip_proto': 17; 'udp_src': 2152; 'udp_dst': 2152; 'eth_type': 2048}),0,0,11
0,1,OFPMatch(oxm_fields={}),84,11454,12
1,1,OFPMatch(oxm_fields={'ip_proto': 17; 'udp_dst': 6789; 'eth_type': 2048}),0,0,12
2,1,OFPMatch(oxm_fields={'ip_proto': 17; 'udp_src': 2152; 'udp_dst': 2152; 'eth_type': 2048}),0,0,12
0,1,OFPMatch(oxm_fields={}),84,11454,13
1,1,OFPMatch(oxm_fields={'ip_proto': 17; 'udp_dst': 6789; 'eth_type': 2048}),0,0,13
2,1,OFPMatch(oxm_fields={'ip_proto': 17; 'udp_src': 2152; 'udp_dst': 2152; 'eth_type': 2048}),0,0,13
0,1,OFPMatch(oxm_fields={}),84,11454,14
1,1,OFPMatch(oxm_fields={'ip_proto': 17; 'udp_dst': 6789; 'eth_type': 2048}),0,0,14
2,1,OFPMatch(oxm_fields={'ip_proto': 17; 'udp_src': 2152; 'udp_dst': 2152; 'eth_type': 2048}),0,0,14
0,1,OFPMatch(oxm_fields={}),85,11796,15
1,1,OFPMatch(oxm_fields={'ip_proto': 17; 'udp_dst': 6789; 'eth_type': 2048}),0,0,15
2,1,OFPMatch(oxm_fields={'ip_proto': 17; 'udp_src': 2152; 'udp_dst': 2152; 'eth_type': 2048}),0,0,15
0,1,OFPMatch(oxm_fields={}),87,12010,16
1,1,OFPMatch(oxm_fields={'ip_proto': 17; 'udp_dst': 6789; 'eth_type': 2048}),0,0,16
2,1,OFPMatch(oxm_fields={'ip_proto': 17; 'udp_src': 2152; 'udp_dst': 2152; 'eth_type': 2048}),0,0,16
0,1,OFPMatch(oxm_fields={}),87,12010,17
1,1,OFPMatch(oxm_fields={'ip_proto': 17; 'udp_dst': 6789; 'eth_type': 2048}),0,0,17
2,1,OFPMatch(oxm_fields={'ip_proto': 17; 'udp_src': 2152; 'udp_dst': 2152; 'eth_type': 2048}),0,0,17
0,1,OFPMatch(oxm_fields={}),87,12010,18
1,1,OFPMatch(oxm_fields={'ip_proto': 17; 'udp_dst': 6789; 'eth_type': 2048}),0,0,18
2,1,OFPMatch(oxm_fields={'ip_proto': 17; 'udp_src': 2152; 'udp_dst': 2152; 'eth_type': 2048}),0,0,18
0,1,OFPMatch(oxm_fields={}),87,12010,19
1,1,OFPMatch(oxm_fields={'ip_proto': 17; 'udp_dst': 6789; 'eth_type': 2048}),0,0,19
2,1,OFPMatch(oxm_fields={'ip_proto': 17; 'udp_src': 2152; 'udp_dst': 2152; 'eth_type': 2048}),0,0,19
0,1,OFPMatch(oxm_fields={}),87,12010,20
1,1,OFPMatch(oxm_fields={'ip_proto': 17; 'udp_dst': 6789; 'eth_type': 2048}),0,0,20
2,1,OFPMatch(oxm_fields={'ip_proto': 17; 'udp_src': 2152; 'udp_dst': 2152; 'eth_type': 2048}),0,0,20
0,1,OFPMatch(oxm_fields={}),87,12010,21
1,1,OFPMatch(oxm_fields={'ip_proto': 17; 'udp_dst': 6789; 'eth_type': 2048}),0,0,21
2,1,OFPMatch(oxm_fields={'ip_proto': 17; 'udp_src': 2152; 'udp_dst': 2152; 'eth_type': 2048}),0,0,21
0,1,OFPMatch(oxm_fields={}),87,12010,22
1,1,OFPMatch(oxm_fields={'ip_proto': 17; 'udp_dst': 6789; 'eth_type': 2048}),0,0,22
2,1,OFPMatch(oxm_fields={'ip_proto': 17; 'udp_src': 2152; 'udp_dst': 2152; 'eth_type': 2048}),0,0,22
0,1,OFPMatch(oxm_fields={}),87,12010,23
1,1,OFPMatch(oxm_fields={'ip_proto': 17; 'udp_dst': 6789; 'eth_type': 2048}),0,0,23
2,1,OFPMatch(oxm_fields={'ip_proto': 17; 'udp_src': 2152; 'udp_dst': 2152; 'eth_type': 2048}),0,0,23
0,1,OFPMatch(oxm_fields={}),88,12352,24
1,1,OFPMatch(oxm_fields={'ip_proto': 17; 'udp_dst': 6789; 'eth_type': 2048}),0,0,24
2,1,OFPMatch(oxm_fields={'ip_proto': 17; 'udp_src': 2152; 'udp_dst': 2152; 'eth_type': 2048}),0,0,24
0,1,OFPMatch(oxm_fields={}),88,12352,25
1,1,OFPMatch(oxm_fields={'ip_proto': 17; 'udp_dst': 6789; 'eth_type': 2048}),0,0,25
2,1,OFPMatch(oxm_fields={'ip_proto': 17; 'udp_src': 2152; 'udp_dst': 2152; 'eth_type': 2048}),0,0,25
0,1,OFPMatch(oxm_fields={}),88,12352,26
1,1,OFPMatch(oxm_fields={'ip_proto': 17; 'udp_dst': 6789; 'eth_type': 2048}),0,0,26
2,1,OFPMatch(oxm_fields={'ip_proto': 17; 'udp_src': 2152; 'udp_dst': 2152; 'eth_type': 2048}),0,0,26
0,1,OFPMatch(oxm_fields={}),88,12352,27
1,1,OFPMatch(oxm_fields={'ip_proto': 17; 'udp_dst': 6789; 'eth_type': 2048}),0,0,27
2,1,OFPMatch(oxm_fields={'ip_proto': 17; 'udp_src': 2152; 'udp_dst': 2152; 'eth_type': 2048}),0,0,27
0,1,OFPMatch(oxm_fields={}),89,12694,28
1,1,OFPMatch(oxm_fields={'ip_proto': 17; 'udp_dst': 6789; 'eth_type': 2048}),0,0,28
2,1,OFPMatch(oxm_fields={'ip_proto': 17; 'udp_src': 2152; 'udp_dst': 2152; 'eth_type': 2048}),0,0,28
0,1,OFPMatch(oxm_fields={}),89,12694,29
1,1,OFPMatch(oxm_fields={'ip_proto': 17; 'udp_dst': 6789; 'eth_type': 2048}),0,0,29
2,1,OFPMatch(oxm_fields={'ip_proto': 17; 'udp_src': 2152; 'udp_dst': 2152; 'eth_type': 2048}),0,0,29
0,1,OFPMatch(oxm_fields={}),89,12694,30
1,1,OFPMatch(oxm_fields={'ip_proto': 17; 'udp_dst': 6789; 'eth_type': 2048}),0,0,30
2,1,OFPMatch(oxm_fields={'ip_proto': 17; 'udp_src': 2152; 'udp_dst': 2152; 'eth_type': 2048}),0,0,30
0,1,OFPMatch(oxm_fields={}),89,12694,31
1,1,OFPMatch(oxm_fields={'ip_proto': 17; 'udp_dst': 6789; 'eth_type': 2048}),0,0,31
2,1,OFPMatch(oxm_fields={'ip_proto': 17; 'udp_src': 2152; 'udp_dst': 2152; 'eth_type': 2048}),0,0,31
0,1,OFPMatch(oxm_fields={}),91,12908,32
1,1,OFPMatch(oxm_fields={'ip_proto': 17; 'udp_dst': 6789; 'eth_type': 2048}),0,0,32
2,1,OFPMatch(oxm_fields={'ip_proto': 17; 'udp_src': 2152; 'udp_dst': 2152; 'eth_type': 2048}),0,0,32
0,1,OFPMatch(oxm_fields={}),91,12908,33
1,1,OFPMatch(oxm_fields={'ip_proto': 17; 'udp_dst': 6789; 'eth_type': 2048}),0,0,33
2,1,OFPMatch(oxm_fields={'ip_proto': 17; 'udp_src': 2152; 'udp_dst': 2152; 'eth_type': 2048}),0,0,33
0,1,OFPMatch(oxm_fields={}),91,12908,34
1,1,OFPMatch(oxm_fields={'ip_proto': 17; 'udp_dst': 6789; 'eth_type': 2048}),0,0,34
2,1,OFPMatch(oxm_fields={'ip_proto': 17; 'udp_src': 2152; 'udp_dst': 2152; 'eth_type': 2048}),0,0,34
0,1,OFPMatch(oxm_fields={}),91,12908,35
1,1,OFPMatch(oxm_fields={'ip_proto': 17; 'udp_dst': 6789; 'eth_type': 2048}),0,0,35
2,1,OFPMatch(oxm_fields={'ip_proto': 17; 'udp_src': 2152; 'udp_dst': 2152; 'eth_type': 2048}),0,0,35
0,1,OFPMatch(oxm_fields={}),91,12908,36
1,1,OFPMatch(oxm_fields={'ip_proto': 17; 'udp_dst': 6789; 'eth_type': 2048}),0,0,36
2,1,OFPMatch(oxm_fields={'ip_proto': 17; 'udp_src': 2152; 'udp_dst': 2152; 'eth_type': 2048}),0,0,36
0,1,OFPMatch(oxm_fields={}),91,12908,37
1,1,OFPMatch(oxm_fields={'ip_proto': 17; 'udp_dst': 6789; 'eth_type': 2048}),0,0,37
2,1,OFPMatch(oxm_fields={'ip_proto': 17; 'udp_src': 2152; 'udp_dst': 2152; 'eth_type': 2048}),0,0,37
0,1,OFPMatch(oxm_fields={}),91,12908,38
1,1,OFPMatch(oxm_fields={'ip_proto': 17; 'udp_dst': 6789; 'eth_type': 2048}),0,0,38
2,1,OFPMatch(oxm_fields={'ip_proto': 17; 'udp_src': 2152; 'udp_dst': 2152; 'eth_type': 2048}),0,0,38
0,1,OFPMatch(oxm_fields={}),91,12908,39
1,1,OFPMatch(oxm_fields={'ip_proto': 17; 'udp_dst': 6789; 'eth_type': 2048}),0,0,39
2,1,OFPMatch(oxm_fields={'ip_proto': 17; 'udp_src': 2152; 'udp_dst': 2152; 'eth_type': 2048}),0,0,39
0,1,OFPMatch(oxm_fields={}),91,12908,40
1,1,OFPMatch(oxm_fields={'ip_proto': 17; 'udp_dst': 6789; 'eth_type': 2048}),0,0,40
2,1,OFPMatch(oxm_fields={'ip_proto': 17; 'udp_src': 2152; 'udp_dst': 2152; 'eth_type': 2048}),0,0,40
0,1,OFPMatch(oxm_fields={}),91,12908,41
1,1,OFPMatch(oxm_fields={'ip_proto': 17; 'udp_dst': 6789; 'eth_type': 2048}),0,0,41
2,1,OFPMatch(oxm_fields={'ip_proto': 17; 'udp_src': 2152; 'udp_dst': 2152; 'eth_type': 2048}),0,0,41
0,1,OFPMatch(oxm_fields={}),91,12908,42
1,1,OFPMatch(oxm_fields={'ip_proto': 17; 'udp_dst': 6789; 'eth_type': 2048}),0,0,42
2,1,OFPMatch(oxm_fields={'ip_proto': 17; 'udp_src': 2152; 'udp_dst': 2152; 'eth_type': 2048}),0,0,42
0,1,OFPMatch(oxm_fields={}),92,13250,43
1,1,OFPMatch(oxm_fields={'ip_proto': 17; 'udp_dst': 6789; 'eth_type': 2048}),0,0,43
2,1,OFPMatch(oxm_fields={'ip_proto': 17; 'udp_src': 2152; 'udp_dst': 2152; 'eth_type': 2048}),0,0,43
0,1,OFPMatch(oxm_fields={}),92,13250,44
1,1,OFPMatch(oxm_fields={'ip_proto': 17; 'udp_dst': 6789; 'eth_type': 2048}),0,0,44
2,1,OFPMatch(oxm_fields={'ip_proto': 17; 'udp_src': 2152; 'udp_dst': 2152; 'eth_type': 2048}),0,0,44
0,1,OFPMatch(oxm_fields={}),92,13250,45
1,1,OFPMatch(oxm_fields={'ip_proto': 17; 'udp_dst': 6789; 'eth_type': 2048}),0,0,45
2,1,OFPMatch(oxm_fields={'ip_proto': 17; 'udp_src': 2152; 'udp_dst': 2152; 'eth_type': 2048}),0,0,45
0,1,OFPMatch(oxm_fields={}),92,13250,46
1,1,OFPMatch(oxm_fields={'ip_proto': 17; 'udp_dst': 6789; 'eth_type': 2048}),0,0,46
2,1,OFPMatch(oxm_fields={'ip_proto': 17; 'udp_src': 2152; 'udp_dst': 2152; 'eth_type': 2048}),0,0,46
0,1,OFPMatch(oxm_fields={}),92,13250,47
1,1,OFPMatch(oxm_fields={'ip_proto': 17; 'udp_dst': 6789; 'eth_type': 2048}),0,0,47
2,1,OFPMatch(oxm_fields={'ip_proto': 17; 'udp_src': 2152; 'udp_dst': 2152; 'eth_type': 2048}),0,0,47
0,1,OFPMatch(oxm_fields={}),92,13250,48
1,1,OFPMatch(oxm_fields={'ip_proto': 17; 'udp_dst': 6789; 'eth_type': 2048}),0,0,48
2,1,OFPMatch(oxm_fields={'ip_proto': 17; 'udp_src': 2152; 'udp_dst': 2152; 'eth_type': 2048}),0,0,48
0,1,OFPMatch(oxm_fields={}),92,13250,49
1,1,OFPMatch(oxm_fields={'ip_proto': 17; 'udp_dst': 6789; 'eth_type': 2048}),0,0,49
2,1,OFPMatch(oxm_fields={'ip_proto': 17; 'udp_src': 2152; 'udp_dst': 2152; 'eth_type': 2048}),0,0,49
0,1,OFPMatch(oxm_fields={}),99,14420,50
1,1,OFPMatch(oxm_fields={'ip_proto': 17; 'udp_dst': 6789; 'eth_type': 2048}),0,0,50
2,1,OFPMatch(oxm_fields={'ip_proto': 17; 'udp_src': 2152; 'udp_dst': 2152; 'eth_type': 2048}),0,0,50
0,1,OFPMatch(oxm_fields={}),102,14690,51
1,1,OFPMatch(oxm_fields={'ip_proto': 17; 'udp_dst': 6789; 'eth_type': 2048}),0,0,51
2,1,OFPMatch(oxm_fields={'ip_proto': 17; 'udp_src': 2152; 'udp_dst': 2152; 'eth_type': 2048}),0,0,51
0,1,OFPMatch(oxm_fields={}),121,18223,52
1,1,OFPMatch(oxm_fields={'ip_proto': 17; 'udp_dst': 6789; 'eth_type': 2048}),0,0,52
2,1,OFPMatch(oxm_fields={'ip_proto': 17; 'udp_src': 2152; 'udp_dst': 2152; 'eth_type': 2048}),0,0,52
0,1,OFPMatch(oxm_fields={}),129,20077,53
1,1,OFPMatch(oxm_fields={'ip_proto': 17; 'udp_dst': 6789; 'eth_type': 2048}),0,0,53
2,1,OFPMatch(oxm_fields={'ip_proto': 17; 'udp_src': 2152; 'udp_dst': 2152; 'eth_type': 2048}),0,0,53
0,1,OFPMatch(oxm_fields={}),130,20380,54
1,1,OFPMatch(oxm_fields={'ip_proto': 17; 'udp_dst': 6789; 'eth_type': 2048}),0,0,54
2,1,OFPMatch(oxm_fields={'ip_proto': 17; 'udp_src': 2152; 'udp_dst': 2152; 'eth_type': 2048}),0,0,54
0,1,OFPMatch(oxm_fields={}),136,21453,55
1,1,OFPMatch(oxm_fields={'ip_proto': 17; 'udp_dst': 6789; 'eth_type': 2048}),0,0,55
2,1,OFPMatch(oxm_fields={'ip_proto': 17; 'udp_src': 2152; 'udp_dst': 2152; 'eth_type': 2048}),0,0,55
0,1,OFPMatch(oxm_fields={}),138,21826,56
1,1,OFPMatch(oxm_fields={'ip_proto': 17; 'udp_dst': 6789; 'eth_type': 2048}),0,0,56
2,1,OFPMatch(oxm_fields={'ip_proto': 17; 'udp_src': 2152; 'udp_dst': 2152; 'eth_type': 2048}),0,0,56
0,1,OFPMatch(oxm_fields={}),139,22168,57
1,1,OFPMatch(oxm_fields={'ip_proto': 17; 'udp_dst': 6789; 'eth_type': 2048}),0,0,57
2,1,OFPMatch(oxm_fields={'ip_proto': 17; 'udp_src': 2152; 'udp_dst': 2152; 'eth_type': 2048}),0,0,57
0,1,OFPMatch(oxm_fields={}),142,22724,58
1,1,OFPMatch(oxm_fields={'ip_proto': 17; 'udp_dst': 6789; 'eth_type': 2048}),0,0,58
2,1,OFPMatch(oxm_fields={'ip_proto': 17; 'udp_src': 2152; 'udp_dst': 2152; 'eth_type': 2048}),0,0,58
3,1,OFPMatch(oxm_fields={'eth_dst': '00:00:00:00:00:03'; 'in_port': 3}),23,2534,59
4,1,OFPMatch(oxm_fields={'eth_dst': '00:00:00:00:00:01'; 'in_port': 2}),21,4946,59
5,1,OFPMatch(oxm_fields={'eth_dst': '00:00:00:00:00:02'; 'in_port': 3}),19,5118,59
6,1,OFPMatch(oxm_fields={'eth_dst': '00:00:00:00:00:01'; 'in_port': 1}),27,2442,59
0,1,OFPMatch(oxm_fields={}),151,23222,59
1,1,OFPMatch(oxm_fields={'ip_proto': 17; 'udp_dst': 6789; 'eth_type': 2048}),0,0,59
2,1,OFPMatch(oxm_fields={'ip_proto': 17; 'udp_src': 2152; 'udp_dst': 2152; 'eth_type': 2048}),0,0,59
3,1,OFPMatch(oxm_fields={'eth_dst': '00:00:00:00:00:03'; 'in_port': 3}),52,5952,60
4,1,OFPMatch(oxm_fields={'eth_dst': '00:00:00:00:00:01'; 'in_port': 2}),47,11150,60
5,1,OFPMatch(oxm_fields={'eth_dst': '00:00:00:00:00:02'; 'in_port': 3}),41,11420,60
6,1,OFPMatch(oxm_fields={'eth_dst': '00:00:00:00:00:01'; 'in_port': 1}),55,4950,60
0,1,OFPMatch(oxm_fields={}),151,23222,60
1,1,OFPMatch(oxm_fields={'ip_proto': 17; 'udp_dst': 6789; 'eth_type': 2048}),0,0,60
2,1,OFPMatch(oxm_fields={'ip_proto': 17; 'udp_src': 2152; 'udp_dst': 2152; 'eth_type': 2048}),0,0,60
3,1,OFPMatch(oxm_fields={'eth_dst': '00:00:00:00:00:03'; 'in_port': 3}),81,9126,61
4,1,OFPMatch(oxm_fields={'eth_dst': '00:00:00:00:00:01'; 'in_port': 2}),72,17280,61
5,1,OFPMatch(oxm_fields={'eth_dst': '00:00:00:00:00:02'; 'in_port': 3}),61,17590,61
6,1,OFPMatch(oxm_fields={'eth_dst': '00:00:00:00:00:01'; 'in_port': 1}),85,7590,61
0,1,OFPMatch(oxm_fields={}),151,23222,61
1,1,OFPMatch(oxm_fields={'ip_proto': 17; 'udp_dst': 6789; 'eth_type': 2048}),0,0,61
2,1,OFPMatch(oxm_fields={'ip_proto': 17; 'udp_src': 2152; 'udp_dst': 2152; 'eth_type': 2048}),0,0,61
3,1,OFPMatch(oxm_fields={'eth_dst': '00:00:00:00:00:03'; 'in_port': 3}),109,12234,62
4,1,OFPMatch(oxm_fields={'eth_dst': '00:00:00:00:00:01'; 'in_port': 2}),97,23410,62
5,1,OFPMatch(oxm_fields={'eth_dst': '00:00:00:00:00:02'; 'in_port': 3}),81,23760,62
6,1,OFPMatch(oxm_fields={'eth_dst': '00:00:00:00:00:01'; 'in_port': 1}),115,10230,62
0,1,OFPMatch(oxm_fields={}),151,23222,62
1,1,OFPMatch(oxm_fields={'ip_proto': 17; 'udp_dst': 6789; 'eth_type': 2048}),0,0,62
2,1,OFPMatch(oxm_fields={'ip_proto': 17; 'udp_src': 2152; 'udp_dst': 2152; 'eth_type': 2048}),0,0,62
3,1,OFPMatch(oxm_fields={'eth_dst': '00:00:00:00:00:03'; 'in_port': 3}),138,15408,63
4,1,OFPMatch(oxm_fields={'eth_dst': '00:00:00:00:00:01'; 'in_port': 2}),122,29540,63
5,1,OFPMatch(oxm_fields={'eth_dst': '00:00:00:00:00:02'; 'in_port': 3}),102,29996,63
6,1,OFPMatch(oxm_fields={'eth_dst': '00:00:00:00:00:01'; 'in_port': 1}),144,12804,63
0,1,OFPMatch(oxm_fields={}),151,23222,63
1,1,OFPMatch(oxm_fields={'ip_proto': 17; 'udp_dst': 6789; 'eth_type': 2048}),0,0,63
2,1,OFPMatch(oxm_fields={'ip_proto': 17; 'udp_src': 2152; 'udp_dst': 2152; 'eth_type': 2048}),0,0,63
3,1,OFPMatch(oxm_fields={'eth_dst': '00:00:00:00:00:03'; 'in_port': 3}),167,18582,64
4,1,OFPMatch(oxm_fields={'eth_dst': '00:00:00:00:00:01'; 'in_port': 2}),147,35670,64
5,1,OFPMatch(oxm_fields={'eth_dst': '00:00:00:00:00:02'; 'in_port': 3}),122,36166,64
6,1,OFPMatch(oxm_fields={'eth_dst': '00:00:00:00:00:01'; 'in_port': 1}),174,15444,64
0,1,OFPMatch(oxm_fields={}),152,23564,64
1,1,OFPMatch(oxm_fields={'ip_proto': 17; 'udp_dst': 6789; 'eth_type': 2048}),0,0,64
2,1,OFPMatch(oxm_fields={'ip_proto': 17; 'udp_src': 2152; 'udp_dst': 2152; 'eth_type': 2048}),0,0,64
3,1,OFPMatch(oxm_fields={'eth_dst': '00:00:00:00:00:03'; 'in_port': 3}),196,21756,65
4,1,OFPMatch(oxm_fields={'eth_dst': '00:00:00:00:00:01'; 'in_port': 2}),175,42886,65
5,1,OFPMatch(oxm_fields={'eth_dst': '00:00:00:00:00:02'; 'in_port': 3}),144,43430,65
6,1,OFPMatch(oxm_fields={'eth_dst': '00:00:00:00:00:01'; 'in_port': 1}),205,18150,65
0,1,OFPMatch(oxm_fields={}),152,23564,65
1,1,OFPMatch(oxm_fields={'ip_proto': 17; 'udp_dst': 6789; 'eth_type': 2048}),0,0,65
2,1,OFPMatch(oxm_fields={'ip_proto': 17; 'udp_src': 2152; 'udp_dst': 2152; 'eth_type': 2048}),0,0,65
3,1,OFPMatch(oxm_fields={'eth_dst': '00:00:00:00:00:03'; 'in_port': 3}),220,24600,66
4,1,OFPMatch(oxm_fields={'eth_dst': '00:00:00:00:00:01'; 'in_port': 2}),197,47930,66
5,1,OFPMatch(oxm_fields={'eth_dst': '00:00:00:00:00:02'; 'in_port': 3}),163,48572,66
6,1,OFPMatch(oxm_fields={'eth_dst': '00:00:00:00:00:01'; 'in_port': 1}),233,20658,66
0,1,OFPMatch(oxm_fields={}),154,23778,66
1,1,OFPMatch(oxm_fields={'ip_proto': 17; 'udp_dst': 6789; 'eth_type': 2048}),0,0,66
2,1,OFPMatch(oxm_fields={'ip_proto': 17; 'udp_src': 2152; 'udp_dst': 2152; 'eth_type': 2048}),0,0,66
3,1,OFPMatch(oxm_fields={'eth_dst': '00:00:00:00:00:03'; 'in_port': 3}),246,27576,67
4,1,OFPMatch(oxm_fields={'eth_dst': '00:00:00:00:00:01'; 'in_port': 2}),222,54060,67
5,1,OFPMatch(oxm_fields={'eth_dst': '00:00:00:00:00:02'; 'in_port': 3}),184,54808,67
6,1,OFPMatch(oxm_fields={'eth_dst': '00:00:00:00:00:01'; 'in_port': 1}),263,23298,67
0,1,OFPMatch(oxm_fields={}),154,23778,67
1,1,OFPMatch(oxm_fields={'ip_proto': 17; 'udp_dst': 6789; 'eth_type': 2048}),0,0,67
2,1,OFPMatch(oxm_fields={'ip_proto': 17; 'udp_src': 2152; 'udp_dst': 2152; 'eth_type': 2048}),0,0,67
3,1,OFPMatch(oxm_fields={'eth_dst': '00:00:00:00:00:03'; 'in_port': 3}),276,30816,68
4,1,OFPMatch(oxm_fields={'eth_dst': '00:00:00:00:00:01'; 'in_port': 2}),247,60190,68
5,1,OFPMatch(oxm_fields={'eth_dst': '00:00:00:00:00:02'; 'in_port': 3}),205,61044,68
6,1,OFPMatch(oxm_fields={'eth_dst': '00:00:00:00:00:01'; 'in_port': 1}),292,25872,68
0,1,OFPMatch(oxm_fields={}),154,23778,68
1,1,OFPMatch(oxm_fields={'ip_proto': 17; 'udp_dst': 6789; 'eth_type': 2048}),0,0,68
2,1,OFPMatch(oxm_fields={'ip_proto': 17; 'udp_src': 2152; 'udp_dst': 2152; 'eth_type': 2048}),0,0,68
3,1,OFPMatch(oxm_fields={'eth_dst': '00:00:00:00:00:03'; 'in_port': 3}),305,33990,69
4,1,OFPMatch(oxm_fields={'eth_dst': '00:00:00:00:00:01'; 'in_port': 2}),272,66320,69
5,1,OFPMatch(oxm_fields={'eth_dst': '00:00:00:00:00:02'; 'in_port': 3}),225,67214,69
6,1,OFPMatch(oxm_fields={'eth_dst': '00:00:00:00:00:01'; 'in_port': 1}),322,28512,69
0,1,OFPMatch(oxm_fields={}),154,23778,69
1,1,OFPMatch(oxm_fields={'ip_proto': 17; 'udp_dst': 6789; 'eth_type': 2048}),0,0,69
2,1,OFPMatch(oxm_fields={'ip_proto': 17; 'udp_src': 2152; 'udp_dst': 2152; 'eth_type': 2048}),0,0,69
3,1,OFPMatch(oxm_fields={'eth_dst': '00:00:00:00:00:03'; 'in_port': 3}),333,37098,70
4,1,OFPMatch(oxm_fields={'eth_dst': '00:00:00:00:00:01'; 'in_port': 2}),297,72450,70
5,1,OFPMatch(oxm_fields={'eth_dst': '00:00:00:00:00:02'; 'in_port': 3}),245,73384,70
6,1,OFPMatch(oxm_fields={'eth_dst': '00:00:00:00:00:01'; 'in_port': 1}),352,31152,70
0,1,OFPMatch(oxm_fields={}),155,24120,70
1,1,OFPMatch(oxm_fields={'ip_proto': 17; 'udp_dst': 6789; 'eth_type': 2048}),0,0,70
2,1,OFPMatch(oxm_fields={'ip_proto': 17; 'udp_src': 2152; 'udp_dst': 2152; 'eth_type': 2048}),0,0,70
3,1,OFPMatch(oxm_fields={'eth_dst': '00:00:00:00:00:03'; 'in_port': 3}),362,40272,71
4,1,OFPMatch(oxm_fields={'eth_dst': '00:00:00:00:00:01'; 'in_port': 2}),322,78580,71
5,1,OFPMatch(oxm_fields={'eth_dst': '00:00:00:00:00:02'; 'in_port': 3}),265,79554,71
6,1,OFPMatch(oxm_fields={'eth_dst': '00:00:00:00:00:01'; 'in_port': 1}),382,33792,71
0,1,OFPMatch(oxm_fields={}),156,24462,71
1,1,OFPMatch(oxm_fields={'ip_proto': 17; 'udp_dst': 6789; 'eth_type': 2048}),0,0,71
2,1,OFPMatch(oxm_fields={'ip_proto': 17; 'udp_src': 2152; 'udp_dst': 2152; 'eth_type': 2048}),0,0,71
3,1,OFPMatch(oxm_fields={'eth_dst': '00:00:00:00:00:03'; 'in_port': 3}),392,43512,72
4,1,OFPMatch(oxm_fields={'eth_dst': '00:00:00:00:00:01'; 'in_port': 2}),350,85796,72
5,1,OFPMatch(oxm_fields={'eth_dst': '00:00:00:00:00:02'; 'in_port': 3}),289,86958,72
6,1,OFPMatch(oxm_fields={'eth_dst': '00:00:00:00:00:01'; 'in_port': 1}),418,36960,72
0,1,OFPMatch(oxm_fields={}),156,24462,72
1,1,OFPMatch(oxm_fields={'ip_proto': 17; 'udp_dst': 6789; 'eth_type': 2048}),0,0,72
2,1,OFPMatch(oxm_fields={'ip_proto': 17; 'udp_src': 2152; 'udp_dst': 2152; 'eth_type': 2048}),0,0,72
3,1,OFPMatch(oxm_fields={'eth_dst': '00:00:00:00:00:03'; 'in_port': 3}),420,46620,73
4,1,OFPMatch(oxm_fields={'eth_dst': '00:00:00:00:00:01'; 'in_port': 2}),375,91926,73
5,1,OFPMatch(oxm_fields={'eth_dst': '00:00:00:00:00:02'; 'in_port': 3}),309,93128,73
6,1,OFPMatch(oxm_fields={'eth_dst': '00:00:00:00:00:01'; 'in_port': 1}),448,39600,73
0,1,OFPMatch(oxm_fields={}),156,24462,73
1,1,OFPMatch(oxm_fields={'ip_proto': 17; 'udp_dst': 6789; 'eth_type': 2048}),0,0,73
2,1,OFPMatch(oxm_fields={'ip_proto': 17; 'udp_src': 2152; 'udp_dst': 2152; 'eth_type': 2048}),0,0,73
3,1,OFPMatch(oxm_fields={'eth_dst': '00:00:00:00:00:03'; 'in_port': 3}),448,49728,74
4,1,OFPMatch(oxm_fields={'eth_dst': '00:00:00:00:00:01'; 'in_port': 2}),400,98056,74
5,1,OFPMatch(oxm_fields={'eth_dst': '00:00:00:00:00:02'; 'in_port': 3}),326,98130,74
6,1,OFPMatch(oxm_fields={'eth_dst': '00:00:00:00:00:01'; 'in_port': 1}),471,41646,74
0,1,OFPMatch(oxm_fields={}),156,24462,74
1,1,OFPMatch(oxm_fields={'ip_proto': 17; 'udp_dst': 6789; 'eth_type': 2048}),0,0,74
2,1,OFPMatch(oxm_fields={'ip_proto': 17; 'udp_src': 2152; 'udp_dst': 2152; 'eth_type': 2048}),0,0,74
3,1,OFPMatch(oxm_fields={'eth_dst': '00:00:00:00:00:03'; 'in_port': 3}),478,52976,75
4,1,OFPMatch(oxm_fields={'eth_dst': '00:00:00:00:00:01'; 'in_port': 2}),425,104186,75
5,1,OFPMatch(oxm_fields={'eth_dst': '00:00:00:00:00:02'; 'in_port': 3}),350,105534,75
6,1,OFPMatch(oxm_fields={'eth_dst': '00:00:00:00:00:01'; 'in_port': 1}),507,44814,75
0,1,OFPMatch(oxm_fields={}),156,24462,75
1,1,OFPMatch(oxm_fields={'ip_proto': 17; 'udp_dst': 6789; 'eth_type': 2048}),0,0,75
2,1,OFPMatch(oxm_fields={'ip_proto': 17; 'udp_src': 2152; 'udp_dst': 2152; 'eth_type': 2048}),0,0,75
3,1,OFPMatch(oxm_fields={'eth_dst': '00:00:00:00:00:03'; 'in_port': 3}),506,56084,76
4,1,OFPMatch(oxm_fields={'eth_dst': '00:00:00:00:00:01'; 'in_port': 2}),450,110316,76
5,1,OFPMatch(oxm_fields={'eth_dst': '00:00:00:00:00:02'; 'in_port': 3}),370,111704,76
6,1,OFPMatch(oxm_fields={'eth_dst': '00:00:00:00:00:01'; 'in_port': 1}),537,47454,76
0,1,OFPMatch(oxm_fields={}),156,24462,76
1,1,OFPMatch(oxm_fields={'ip_proto': 17; 'udp_dst': 6789; 'eth_type': 2048}),0,0,76
2,1,OFPMatch(oxm_fields={'ip_proto': 17; 'udp_src': 2152; 'udp_dst': 2152; 'eth_type': 2048}),0,0,76
3,1,OFPMatch(oxm_fields={'eth_dst': '00:00:00:00:00:03'; 'in_port': 3}),534,59192,77
4,1,OFPMatch(oxm_fields={'eth_dst': '00:00:00:00:00:01'; 'in_port': 2}),475,116446,77
5,1,OFPMatch(oxm_fields={'eth_dst': '00:00:00:00:00:02'; 'in_port': 3}),390,117874,77
6,1,OFPMatch(oxm_fields={'eth_dst': '00:00:00:00:00:01'; 'in_port': 1}),567,50094,77
0,1,OFPMatch(oxm_fields={}),156,24462,77
1,1,OFPMatch(oxm_fields={'ip_proto': 17; 'udp_dst': 6789; 'eth_type': 2048}),0,0,77
2,1,OFPMatch(oxm_fields={'ip_proto': 17; 'udp_src': 2152; 'udp_dst': 2152; 'eth_type': 2048}),0,0,77
3,1,OFPMatch(oxm_fields={'eth_dst': '00:00:00:00:00:03'; 'in_port': 3}),561,62226,78
4,1,OFPMatch(oxm_fields={'eth_dst': '00:00:00:00:00:01'; 'in_port': 2}),500,122576,78
5,1,OFPMatch(oxm_fields={'eth_dst': '00:00:00:00:00:02'; 'in_port': 3}),409,123970,78
6,1,OFPMatch(oxm_fields={'eth_dst': '00:00:00:00:00:01'; 'in_port': 1}),593,52338,78
0,1,OFPMatch(oxm_fields={}),157,24804,78
1,1,OFPMatch(oxm_fields={'ip_proto': 17; 'udp_dst': 6789; 'eth_type': 2048}),0,0,78
2,1,OFPMatch(oxm_fields={'ip_proto': 17; 'udp_src': 2152; 'udp_dst': 2152; 'eth_type': 2048}),0,0,78
3,1,OFPMatch(oxm_fields={'eth_dst': '00:00:00:00:00:03'; 'in_port': 3}),561,62226,79
4,1,OFPMatch(oxm_fields={'eth_dst': '00:00:00:00:00:01'; 'in_port': 2}),501,122642,79
5,1,OFPMatch(oxm_fields={'eth_dst': '00:00:00:00:00:02'; 'in_port': 3}),409,123970,79
6,1,OFPMatch(oxm_fields={'eth_dst': '00:00:00:00:00:01'; 'in_port': 1}),593,52338,79
0,1,OFPMatch(oxm_fields={}),157,24804,79
1,1,OFPMatch(oxm_fields={'ip_proto': 17; 'udp_dst': 6789; 'eth_type': 2048}),0,0,79
2,1,OFPMatch(oxm_fields={'ip_proto': 17; 'udp_src': 2152; 'udp_dst': 2152; 'eth_type': 2048}),0,0,79
3,1,OFPMatch(oxm_fields={'eth_dst': '00:00:00:00:00:03'; 'in_port': 3}),561,62226,80
4,1,OFPMatch(oxm_fields={'eth_dst': '00:00:00:00:00:01'; 'in_port': 2}),501,122642,80
5,1,OFPMatch(oxm_fields={'eth_dst': '00:00:00:00:00:02'; 'in_port': 3}),409,123970,80
6,1,OFPMatch(oxm_fields={'eth_dst': '00:00:00:00:00:01'; 'in_port': 1}),593,52338,80
0,1,OFPMatch(oxm_fields={}),157,24804,80
1,1,OFPMatch(oxm_fields={'ip_proto': 17; 'udp_dst': 6789; 'eth_type': 2048}),0,0,80
2,1,OFPMatch(oxm_fields={'ip_proto': 17; 'udp_src': 2152; 'udp_dst': 2152; 'eth_type': 2048}),0,0,80
3,1,OFPMatch(oxm_fields={'eth_dst': '00:00:00:00:00:03'; 'in_port': 3}),561,62226,81
4,1,OFPMatch(oxm_fields={'eth_dst': '00:00:00:00:00:01'; 'in_port': 2}),501,122642,81
5,1,OFPMatch(oxm_fields={'eth_dst': '00:00:00:00:00:02'; 'in_port': 3}),409,123970,81
6,1,OFPMatch(oxm_fields={'eth_dst': '00:00:00:00:00:01'; 'in_port': 1}),593,52338,81
0,1,OFPMatch(oxm_fields={}),157,24804,81
1,1,OFPMatch(oxm_fields={'ip_proto': 17; 'udp_dst': 6789; 'eth_type': 2048}),0,0,81
2,1,OFPMatch(oxm_fields={'ip_proto': 17; 'udp_src': 2152; 'udp_dst': 2152; 'eth_type': 2048}),0,0,81
3,1,OFPMatch(oxm_fields={'eth_dst': '00:00:00:00:00:03'; 'in_port': 3}),561,62226,82
4,1,OFPMatch(oxm_fields={'eth_dst': '00:00:00:00:00:01'; 'in_port': 2}),501,122642,82
5,1,OFPMatch(oxm_fields={'eth_dst': '00:00:00:00:00:02'; 'in_port': 3}),409,123970,82
6,1,OFPMatch(oxm_fields={'eth_dst': '00:00:00:00:00:01'; 'in_port': 1}),593,52338,82
0,1,OFPMatch(oxm_fields={}),159,25018,82
1,1,OFPMatch(oxm_fields={'ip_proto': 17; 'udp_dst': 6789; 'eth_type': 2048}),0,0,82
2,1,OFPMatch(oxm_fields={'ip_proto': 17; 'udp_src': 2152; 'udp_dst': 2152; 'eth_type': 2048}),0,0,82
3,1,OFPMatch(oxm_fields={'eth_dst': '00:00:00:00:00:03'; 'in_port': 3}),561,62226,83
4,1,OFPMatch(oxm_fields={'eth_dst': '00:00:00:00:00:01'; 'in_port': 2}),501,122642,83
5,1,OFPMatch(oxm_fields={'eth_dst': '00:00:00:00:00:02'; 'in_port': 3}),409,123970,83
6,1,OFPMatch(oxm_fields={'eth_dst': '00:00:00:00:00:01'; 'in_port': 1}),593,52338,83
0,1,OFPMatch(oxm_fields={}),159,25018,83
1,1,OFPMatch(oxm_fields={'ip_proto': 17; 'udp_dst': 6789; 'eth_type': 2048}),0,0,83
2,1,OFPMatch(oxm_fields={'ip_proto': 17; 'udp_src': 2152; 'udp_dst': 2152; 'eth_type': 2048}),0,0,83
3,1,OFPMatch(oxm_fields={'eth_dst': '00:00:00:00:00:03'; 'in_port': 3}),561,62226,84
4,1,OFPMatch(oxm_fields={'eth_dst': '00:00:00:00:00:01'; 'in_port': 2}),501,122642,84
5,1,OFPMatch(oxm_fields={'eth_dst': '00:00:00:00:00:02'; 'in_port': 3}),409,123970,84
6,1,OFPMatch(oxm_fields={'eth_dst': '00:00:00:00:00:01'; 'in_port': 1}),593,52338,84
0,1,OFPMatch(oxm_fields={}),160,25360,84
1,1,OFPMatch(oxm_fields={'ip_proto': 17; 'udp_dst': 6789; 'eth_type': 2048}),0,0,84
2,1,OFPMatch(oxm_fields={'ip_proto': 17; 'udp_src': 2152; 'udp_dst': 2152; 'eth_type': 2048}),0,0,84
3,1,OFPMatch(oxm_fields={'eth_dst': '00:00:00:00:00:03'; 'in_port': 3}),561,62226,85
4,1,OFPMatch(oxm_fields={'eth_dst': '00:00:00:00:00:01'; 'in_port': 2}),501,122642,85
5,1,OFPMatch(oxm_fields={'eth_dst': '00:00:00:00:00:02'; 'in_port': 3}),409,123970,85
6,1,OFPMatch(oxm_fields={'eth_dst': '00:00:00:00:00:01'; 'in_port': 1}),593,52338,85
0,1,OFPMatch(oxm_fields={}),161,25702,85
1,1,OFPMatch(oxm_fields={'ip_proto': 17; 'udp_dst': 6789; 'eth_type': 2048}),0,0,85
2,1,OFPMatch(oxm_fields={'ip_proto': 17; 'udp_src': 2152; 'udp_dst': 2152; 'eth_type': 2048}),0,0,85
3,1,OFPMatch(oxm_fields={'eth_dst': '00:00:00:00:00:03'; 'in_port': 3}),561,62226,86
4,1,OFPMatch(oxm_fields={'eth_dst': '00:00:00:00:00:01'; 'in_port': 2}),501,122642,86
5,1,OFPMatch(oxm_fields={'eth_dst': '00:00:00:00:00:02'; 'in_port': 3}),409,123970,86
6,1,OFPMatch(oxm_fields={'eth_dst': '00:00:00:00:00:01'; 'in_port': 1}),593,52338,86
0,1,OFPMatch(oxm_fields={}),161,25702,86
1,1,OFPMatch(oxm_fields={'ip_proto': 17; 'udp_dst': 6789; 'eth_type': 2048}),0,0,86
2,1,OFPMatch(oxm_fields={'ip_proto': 17; 'udp_src': 2152; 'udp_dst': 2152; 'eth_type': 2048}),0,0,86
3,1,OFPMatch(oxm_fields={'eth_dst': '00:00:00:00:00:03'; 'in_port': 3}),561,62226,87
4,1,OFPMatch(oxm_fields={'eth_dst': '00:00:00:00:00:01'; 'in_port': 2}),501,122642,87
5,1,OFPMatch(oxm_fields={'eth_dst': '00:00:00:00:00:02'; 'in_port': 3}),409,123970,87
6,1,OFPMatch(oxm_fields={'eth_dst': '00:00:00:00:00:01'; 'in_port': 1}),593,52338,87
0,1,OFPMatch(oxm_fields={}),161,25702,87
1,1,OFPMatch(oxm_fields={'ip_proto': 17; 'udp_dst': 6789; 'eth_type': 2048}),0,0,87
2,1,OFPMatch(oxm_fields={'ip_proto': 17; 'udp_src': 2152; 'udp_dst': 2152; 'eth_type': 2048}),0,0,87
3,1,OFPMatch(oxm_fields={'eth_dst': '00:00:00:00:00:03'; 'in_port': 3}),561,62226,88
4,1,OFPMatch(oxm_fields={'eth_dst': '00:00:00:00:00:01'; 'in_port': 2}),501,122642,88
5,1,OFPMatch(oxm_fields={'eth_dst': '00:00:00:00:00:02'; 'in_port': 3}),409,123970,88
6,1,OFPMatch(oxm_fields={'eth_dst': '00:00:00:00:00:01'; 'in_port': 1}),593,52338,88
0,1,OFPMatch(oxm_fields={}),161,25702,88
1,1,OFPMatch(oxm_fields={'ip_proto': 17; 'udp_dst': 6789; 'eth_type': 2048}),0,0,88
2,1,OFPMatch(oxm_fields={'ip_proto': 17; 'udp_src': 2152; 'udp_dst': 2152; 'eth_type': 2048}),0,0,88
3,1,OFPMatch(oxm_fields={'eth_dst': '00:00:00:00:00:03'; 'in_port': 3}),561,62226,89
4,1,OFPMatch(oxm_fields={'eth_dst': '00:00:00:00:00:01'; 'in_port': 2}),501,122642,89
5,1,OFPMatch(oxm_fields={'eth_dst': '00:00:00:00:00:02'; 'in_port': 3}),409,123970,89
6,1,OFPMatch(oxm_fields={'eth_dst': '00:00:00:00:00:01'; 'in_port': 1}),593,52338,89
0,1,OFPMatch(oxm_fields={}),161,25702,89
1,1,OFPMatch(oxm_fields={'ip_proto': 17; 'udp_dst': 6789; 'eth_type': 2048}),0,0,89
2,1,OFPMatch(oxm_fields={'ip_proto': 17; 'udp_src': 2152; 'udp_dst': 2152; 'eth_type': 2048}),0,0,89
3,1,OFPMatch(oxm_fields={'eth_dst': '00:00:00:00:00:03'; 'in_port': 3}),561,62226,90
4,1,OFPMatch(oxm_fields={'eth_dst': '00:00:00:00:00:01'; 'in_port': 2}),501,122642,90
5,1,OFPMatch(oxm_fields={'eth_dst': '00:00:00:00:00:02'; 'in_port': 3}),409,123970,90
6,1,OFPMatch(oxm_fields={'eth_dst': '00:00:00:00:00:01'; 'in_port': 1}),593,52338,90
0,1,OFPMatch(oxm_fields={}),161,25702,90
1,1,OFPMatch(oxm_fields={'ip_proto': 17; 'udp_dst': 6789; 'eth_type': 2048}),0,0,90
2,1,OFPMatch(oxm_fields={'ip_proto': 17; 'udp_src': 2152; 'udp_dst': 2152; 'eth_type': 2048}),0,0,90
3,1,OFPMatch(oxm_fields={'eth_dst': '00:00:00:00:00:03'; 'in_port': 3}),561,62226,91
4,1,OFPMatch(oxm_fields={'eth_dst': '00:00:00:00:00:01'; 'in_port': 2}),501,122642,91
5,1,OFPMatch(oxm_fields={'eth_dst': '00:00:00:00:00:02'; 'in_port': 3}),409,123970,91
6,1,OFPMatch(oxm_fields={'eth_dst': '00:00:00:00:00:01'; 'in_port': 1}),593,52338,91
0,1,OFPMatch(oxm_fields={}),162,26044,91
1,1,OFPMatch(oxm_fields={'ip_proto': 17; 'udp_dst': 6789; 'eth_type': 2048}),0,0,91
2,1,OFPMatch(oxm_fields={'ip_proto': 17; 'udp_src': 2152; 'udp_dst': 2152; 'eth_type': 2048}),0,0,91
3,1,OFPMatch(oxm_fields={'eth_dst': '00:00:00:00:00:03'; 'in_port': 3}),561,62226,92
4,1,OFPMatch(oxm_fields={'eth_dst': '00:00:00:00:00:01'; 'in_port': 2}),501,122642,92
5,1,OFPMatch(oxm_fields={'eth_dst': '00:00:00:00:00:02'; 'in_port': 3}),409,123970,92
6,1,OFPMatch(oxm_fields={'eth_dst': '00:00:00:00:00:01'; 'in_port': 1}),593,52338,92
0,1,OFPMatch(oxm_fields={}),162,26044,92
1,1,OFPMatch(oxm_fields={'ip_proto': 17; 'udp_dst': 6789; 'eth_type': 2048}),0,0,92
2,1,OFPMatch(oxm_fields={'ip_proto': 17; 'udp_src': 2152; 'udp_dst': 2152; 'eth_type': 2048}),0,0,92
3,1,OFPMatch(oxm_fields={'eth_dst': '00:00:00:00:00:03'; 'in_port': 3}),561,62226,93
4,1,OFPMatch(oxm_fields={'eth_dst': '00:00:00:00:00:01'; 'in_port': 2}),501,122642,93
5,1,OFPMatch(oxm_fields={'eth_dst': '00:00:00:00:00:02'; 'in_port': 3}),409,123970,93
6,1,OFPMatch(oxm_fields={'eth_dst': '00:00:00:00:00:01'; 'in_port': 1}),593,52338,93
0,1,OFPMatch(oxm_fields={}),163,26386,93
1,1,OFPMatch(oxm_fields={'ip_proto': 17; 'udp_dst': 6789; 'eth_type': 2048}),0,0,93
2,1,OFPMatch(oxm_fields={'ip_proto': 17; 'udp_src': 2152; 'udp_dst': 2152; 'eth_type': 2048}),0,0,93
3,1,OFPMatch(oxm_fields={'eth_dst': '00:00:00:00:00:03'; 'in_port': 3}),561,62226,94
4,1,OFPMatch(oxm_fields={'eth_dst': '00:00:00:00:00:01'; 'in_port': 2}),501,122642,94
5,1,OFPMatch(oxm_fields={'eth_dst': '00:00:00:00:00:02'; 'in_port': 3}),409,123970,94
6,1,OFPMatch(oxm_fields={'eth_dst': '00:00:00:00:00:01'; 'in_port': 1}),593,52338,94
0,1,OFPMatch(oxm_fields={}),163,26386,94
1,1,OFPMatch(oxm_fields={'ip_proto': 17; 'udp_dst': 6789; 'eth_type': 2048}),0,0,94
2,1,OFPMatch(oxm_fields={'ip_proto': 17; 'udp_src': 2152; 'udp_dst': 2152; 'eth_type': 2048}),0,0,94
3,1,OFPMatch(oxm_fields={'eth_dst': '00:00:00:00:00:03'; 'in_port': 3}),561,62226,95
4,1,OFPMatch(oxm_fields={'eth_dst': '00:00:00:00:00:01'; 'in_port': 2}),501,122642,95
5,1,OFPMatch(oxm_fields={'eth_dst': '00:00:00:00:00:02'; 'in_port': 3}),409,123970,95
6,1,OFPMatch(oxm_fields={'eth_dst': '00:00:00:00:00:01'; 'in_port': 1}),593,52338,95
0,1,OFPMatch(oxm_fields={}),163,26386,95
1,1,OFPMatch(oxm_fields={'ip_proto': 17; 'udp_dst': 6789; 'eth_type': 2048}),0,0,95
2,1,OFPMatch(oxm_fields={'ip_proto': 17; 'udp_src': 2152; 'udp_dst': 2152; 'eth_type': 2048}),0,0,95
3,1,OFPMatch(oxm_fields={'eth_dst': '00:00:00:00:00:03'; 'in_port': 3}),561,62226,96
4,1,OFPMatch(oxm_fields={'eth_dst': '00:00:00:00:00:01'; 'in_port': 2}),501,122642,96
5,1,OFPMatch(oxm_fields={'eth_dst': '00:00:00:00:00:02'; 'in_port': 3}),409,123970,96
6,1,OFPMatch(oxm_fields={'eth_dst': '00:00:00:00:00:01'; 'in_port': 1}),593,52338,96
0,1,OFPMatch(oxm_fields={}),163,26386,96
1,1,OFPMatch(oxm_fields={'ip_proto': 17; 'udp_dst': 6789; 'eth_type': 2048}),0,0,96
2,1,OFPMatch(oxm_fields={'ip_proto': 17; 'udp_src': 2152; 'udp_dst': 2152; 'eth_type': 2048}),0,0,96
3,1,OFPMatch(oxm_fields={'eth_dst': '00:00:00:00:00:03'; 'in_port': 3}),561,62226,97
4,1,OFPMatch(oxm_fields={'eth_dst': '00:00:00:00:00:01'; 'in_port': 2}),501,122642,97
5,1,OFPMatch(oxm_fields={'eth_dst': '00:00:00:00:00:02'; 'in_port': 3}),409,123970,97
6,1,OFPMatch(oxm_fields={'eth_dst': '00:00:00:00:00:01'; 'in_port': 1}),593,52338,97
0,1,OFPMatch(oxm_fields={}),163,26386,97
1,1,OFPMatch(oxm_fields={'ip_proto': 17; 'udp_dst': 6789; 'eth_type': 2048}),0,0,97
2,1,OFPMatch(oxm_fields={'ip_proto': 17; 'udp_src': 2152; 'udp_dst': 2152; 'eth_type': 2048}),0,0,97
3,1,OFPMatch(oxm_fields={'eth_dst': '00:00:00:00:00:03'; 'in_port': 3}),561,62226,98
4,1,OFPMatch(oxm_fields={'eth_dst': '00:00:00:00:00:01'; 'in_port': 2}),501,122642,98
5,1,OFPMatch(oxm_fields={'eth_dst': '00:00:00:00:00:02'; 'in_port': 3}),409,123970,98
6,1,OFPMatch(oxm_fields={'eth_dst': '00:00:00:00:00:01'; 'in_port': 1}),593,52338,98
0,1,OFPMatch(oxm_fields={}),163,26386,98
1,1,OFPMatch(oxm_fields={'ip_proto': 17; 'udp_dst': 6789; 'eth_type': 2048}),0,0,98
2,1,OFPMatch(oxm_fields={'ip_proto': 17; 'udp_src': 2152; 'udp_dst': 2152; 'eth_type': 2048}),0,0,98
3,1,OFPMatch(oxm_fields={'eth_dst': '00:00:00:00:00:03'; 'in_port': 3}),561,62226,99
4,1,OFPMatch(oxm_fields={'eth_dst': '00:00:00:00:00:01'; 'in_port': 2}),501,122642,99
5,1,OFPMatch(oxm_fields={'eth_dst': '00:00:00:00:00:02'; 'in_port': 3}),409,123970,99
6,1,OFPMatch(oxm_fields={'eth_dst': '00:00:00:00:00:01'; 'in_port': 1}),593,52338,99
0,1,OFPMatch(oxm_fields={}),165,26606,99
1,1,OFPMatch(oxm_fields={'ip_proto': 17; 'udp_dst': 6789; 'eth_type': 2048}),0,0,99
2,1,OFPMatch(oxm_fields={'ip_proto': 17; 'udp_src': 2152; 'udp_dst': 2152; 'eth_type': 2048}),0,0,99
3,1,OFPMatch(oxm_fields={'eth_dst': '00:00:00:00:00:03'; 'in_port': 3}),561,62226,100
4,1,OFPMatch(oxm_fields={'eth_dst': '00:00:00:00:00:01'; 'in_port': 2}),501,122642,100
5,1,OFPMatch(oxm_fields={'eth_dst': '00:00:00:00:00:02'; 'in_port': 3}),409,123970,100
6,1,OFPMatch(oxm_fields={'eth_dst': '00:00:00:00:00:01'; 'in_port': 1}),593,52338,100
0,1,OFPMatch(oxm_fields={}),171,27666,100
1