0,1,OFPMatch(oxm_fields={}),0,0,0
1,1,OFPMatch(oxm_fields={'ip_proto': 17; 'udp_dst': 6789; 'eth_type': 2048}),0,0,0
2,1,OFPMatch(oxm_fields={'ip_proto': 17; 'udp_src': 2152; 'udp_dst': 2152; 'eth_type': 2048}),0,0,0
0,1,OFPMatch(oxm_fields={}),32,3046,1
1,1,OFPMatch(oxm_fields={'ip_proto': 17; 'udp_dst': 6789; 'eth_type': 2048}),0,0,1
2,1,OFPMatch(oxm_fields={'ip_proto': 17; 'udp_src': 2152; 'udp_dst': 2152; 'eth_type': 2048}),0,0,1
0,1,OFPMatch(oxm_fields={}),53,6888,2
1,1,OFPMatch(oxm_fields={'ip_proto': 17; 'udp_dst': 6789; 'eth_type': 2048}),0,0,2
2,1,OFPMatch(oxm_fields={'ip_proto': 17; 'udp_src': 2152; 'udp_dst': 2152; 'eth_type': 2048}),0,0,2
0,1,OFPMatch(oxm_fields={}),56,7716,3
1,1,OFPMatch(oxm_fields={'ip_proto': 17; 'udp_dst': 6789; 'eth_type': 2048}),0,0,3
2,1,OFPMatch(oxm_fields={'ip_proto': 17; 'udp_src': 2152; 'udp_dst': 2152; 'eth_type': 2048}),0,0,3
0,1,OFPMatch(oxm_fields={}),58,8322,4
1,1,OFPMatch(oxm_fields={'ip_proto': 17; 'udp_dst': 6789; 'eth_type': 2048}),0,0,4
2,1,OFPMatch(oxm_fields={'ip_proto': 17; 'udp_src': 2152; 'udp_dst': 2152; 'eth_type': 2048}),0,0,4
0,1,OFPMatch(oxm_fields={}),66,9129,5
1,1,OFPMatch(oxm_fields={'ip_proto': 17; 'udp_dst': 6789; 'eth_type': 2048}),0,0,5
2,1,OFPMatch(oxm_fields={'ip_proto': 17; 'udp_src': 2152; 'udp_dst': 2152; 'eth_type': 2048}),0,0,5
0,1,OFPMatch(oxm_fields={}),75,10670,6
1,1,OFPMatch(oxm_fields={'ip_proto': 17; 'udp_dst': 6789; 'eth_type': 2048}),0,0,6
2,1,OFPMatch(oxm_fields={'ip_proto': 17; 'udp_src': 2152; 'udp_dst': 2152; 'eth_type': 2048}),0,0,6
0,1,OFPMatch(oxm_fields={}),75,10670,7
1,1,OFPMatch(oxm_fields={'ip_proto': 17; 'udp_dst': 6789; 'eth_type': 2048}),0,0,7
2,1,OFPMatch(oxm_fields={'ip_proto': 17; 'udp_src': 2152; 'udp_dst': 2152; 'eth_type': 2048}),0,0,7
0,1,OFPMatch(oxm_fields={}),77,10884,8
1,1,OFPMatch(oxm_fields={'ip_proto': 17; 'udp_dst': 6789; 'eth_type': 2048}),0,0,8
2,1,OFPMatch(oxm_fields={'ip_proto': 17; 'udp_src': 2152; 'udp_dst': 2152; 'eth_type': 2048}),0,0,8
0,1,OFPMatch(oxm_fields={}),86,11786,9
1,1,OFPMatch(oxm_fields={'ip_proto': 17; 'udp_dst': 6789; 'eth_type': 2048}),0,0,9
2,1,OFPMatch(oxm_fields={'ip_proto': 17; 'udp_src': 2152; 'udp_dst': 2152; 'eth_type': 2048}),0,0,9
0,1,OFPMatch(oxm_fields={}),88,11926,10
1,1,OFPMatch(oxm_fields={'ip_proto': 17; 'udp_dst': 6789; 'eth_type': 2048}),0,0,10
2,1,OFPMatch(oxm_fields={'ip_proto': 17; 'udp_src': 2152; 'udp_dst': 2152; 'eth_type': 2048}),0,0,10
0,1,OFPMatch(oxm_fields={}),88,11926,11
1,1,OFPMatch(oxm_fields={'ip_proto': 17; 'udp_dst': 6789; 'eth_type': 2048}),0,0,11
2,1,OFPMatch(oxm_fields={'ip_proto': 17; 'udp_src': 2152; 'udp_dst': 2152; 'eth_type': 2048}),0,0,11
0,1,OFPMatch(oxm_fields={}),88,11926,12
1,1,OFPMatch(oxm_fields={'ip_proto': 17; 'udp_dst': 6789; 'eth_type': 2048}),0,0,12
2,1,OFPMatch(oxm_fields={'ip_proto': 17; 'udp_src': 2152; 'udp_dst': 2152; 'eth_type': 2048}),0,0,12
0,1,OFPMatch(oxm_fields={}),89,12268,13
1,1,OFPMatch(oxm_fields={'ip_proto': 17; 'udp_dst': 6789; 'eth_type': 2048}),0,0,13
2,1,OFPMatch(oxm_fields={'ip_proto': 17; 'udp_src': 2152; 'udp_dst': 2152; 'eth_type': 2048}),0,0,13
0,1,OFPMatch(oxm_fields={}),89,12268,14
1,1,OFPMatch(oxm_fields={'ip_proto': 17; 'udp_dst': 6789; 'eth_type': 2048}),0,0,14
2,1,OFPMatch(oxm_fields={'ip_proto': 17; 'udp_src': 2152; 'udp_dst': 2152; 'eth_type': 2048}),0,0,14
0,1,OFPMatch(oxm_fields={}),89,12268,15
1,1,OFPMatch(oxm_fields={'ip_proto': 17; 'udp_dst': 6789; 'eth_type': 2048}),0,0,15
2,1,OFPMatch(oxm_fields={'ip_proto': 17; 'udp_src': 2152; 'udp_dst': 2152; 'eth_type': 2048}),0,0,15
0,1,OFPMatch(oxm_fields={}),91,12482,16
1,1,OFPMatch(oxm_fields={'ip_proto': 17; 'udp_dst': 6789; 'eth_type': 2048}),0,0,16
2,1,OFPMatch(oxm_fields={'ip_proto': 17; 'udp_src': 2152; 'udp_dst': 2152; 'eth_type': 2048}),0,0,16
0,1,OFPMatch(oxm_fields={}),91,12482,17
1,1,OFPMatch(oxm_fields={'ip_proto': 17; 'udp_dst': 6789; 'eth_type': 2048}),0,0,17
2,1,OFPMatch(oxm_fields={'ip_proto': 17; 'udp_src': 2152; 'udp_dst': 2152; 'eth_type': 2048}),0,0,17
0,1,OFPMatch(oxm_fields={}),92,12824,18
1,1,OFPMatch(oxm_fields={'ip_proto': 17; 'udp_dst': 6789; 'eth_type': 2048}),0,0,18
2,1,OFPMatch(oxm_fields={'ip_proto': 17; 'udp_src': 2152; 'udp_dst': 2152; 'eth_type': 2048}),0,0,18
0,1,OFPMatch(oxm_fields={}),92,12824,19
1,1,OFPMatch(oxm_fields={'ip_proto': 17; 'udp_dst': 6789; 'eth_type': 2048}),0,0,19
2,1,OFPMatch(oxm_fields={'ip_proto': 17; 'udp_src': 2152; 'udp_dst': 2152; 'eth_type': 2048}),0,0,19
0,1,OFPMatch(oxm_fields={}),92,12824,20
1,1,OFPMatch(oxm_fields={'ip_proto': 17; 'udp_dst': 6789; 'eth_type': 2048}),0,0,20
2,1,OFPMatch(oxm_fields={'ip_proto': 17; 'udp_src': 2152; 'udp_dst': 2152; 'eth_type': 2048}),0,0,20
0,1,OFPMatch(oxm_fields={}),92,12824,21
1,1,OFPMatch(oxm_fields={'ip_proto': 17; 'udp_dst': 6789; 'eth_type': 2048}),0,0,21
2,1,OFPMatch(oxm_fields={'ip_proto': 17; 'udp_src': 2152; 'udp_dst': 2152; 'eth_type': 2048}),0,0,21
0,1,OFPMatch(oxm_fields={}),92,12824,22
1,1,OFPMatch(oxm_fields={'ip_proto': 17; 'udp_dst': 6789; 'eth_type': 2048}),0,0,22
2,1,OFPMatch(oxm_fields={'ip_proto': 17; 'udp_src': 2152; 'udp_dst': 2152; 'eth_type': 2048}),0,0,22
0,1,OFPMatch(oxm_fields={}),93,13166,23
1,1,OFPMatch(oxm_fields={'ip_proto': 17; 'udp_dst': 6789; 'eth_type': 2048}),0,0,23
2,1,OFPMatch(oxm_fields={'ip_proto': 17; 'udp_src': 2152; 'udp_dst': 2152; 'eth_type': 2048}),0,0,23
0,1,OFPMatch(oxm_fields={}),93,13166,24
1,1,OFPMatch(oxm_fields={'ip_proto': 17; 'udp_dst': 6789; 'eth_type': 2048}),0,0,24
2,1,OFPMatch(oxm_fields={'ip_proto': 17; 'udp_src': 2152; 'udp_dst': 2152; 'eth_type': 2048}),0,0,24
0,1,OFPMatch(oxm_fields={}),93,13166,25
1,1,OFPMatch(oxm_fields={'ip_proto': 17; 'udp_dst': 6789; 'eth_type': 2048}),0,0,25
2,1,OFPMatch(oxm_fields={'ip_proto': 17; 'udp_src': 2152; 'udp_dst': 2152; 'eth_type': 2048}),0,0,25
0,1,OFPMatch(oxm_fields={}),93,13166,26
1,1,OFPMatch(oxm_fields={'ip_proto': 17; 'udp_dst': 6789; 'eth_type': 2048}),0,0,26
2,1,OFPMatch(oxm_fields={'ip_proto': 17; 'udp_src': 2152; 'udp_dst': 2152; 'eth_type': 2048}),0,0,26
0,1,OFPMatch(oxm_fields={}),93,13166,27
1,1,OFPMatch(oxm_fields={'ip_proto': 17; 'udp_dst': 6789; 'eth_type': 2048}),0,0,27
2,1,OFPMatch(oxm_fields={'ip_proto': 17; 'udp_src': 2152; 'udp_dst': 2152; 'eth_type': 2048}),0,0,27
0,1,OFPMatch(oxm_fields={}),93,13166,28
1,1,OFPMatch(oxm_fields={'ip_proto': 17; 'udp_dst': 6789; 'eth_type': 2048}),0,0,28
2,1,OFPMatch(oxm_fields={'ip_proto': 17; 'udp_src': 2152; 'udp_dst': 2152; 'eth_type': 2048}),0,0,28
0,1,OFPMatch(oxm_fields={}),93,13166,29
1,1,OFPMatch(oxm_fields={'ip_proto': 17; 'udp_dst': 6789; 'eth_type': 2048}),0,0,29
2,1,OFPMatch(oxm_fields={'ip_proto': 17; 'udp_src': 2152; 'udp_dst': 2152; 'eth_type': 2048}),0,0,29
0,1,OFPMatch(oxm_fields={}),94,13508,30
1,1,OFPMatch(oxm_fields={'ip_proto': 17; 'udp_dst': 6789; 'eth_type': 2048}),0,0,30
2,1,OFPMatch(oxm_fields={'ip_proto': 17; 'udp_src': 2152; 'udp_dst': 2152; 'eth_type': 2048}),0,0,30
0,1,OFPMatch(oxm_fields={}),94,13508,31
1,1,OFPMatch(oxm_fields={'ip_proto': 17; 'udp_dst': 6789; 'eth_type': 2048}),0,0,31
2,1,OFPMatch(oxm_fields={'ip_proto': 17; 'udp_src': 2152; 'udp_dst': 2152; 'eth_type': 2048}),0,0,31
0,1,OFPMatch(oxm_fields={}),96,13722,32
1,1,OFPMatch(oxm_fields={'ip_proto': 17; 'udp_dst': 6789; 'eth_type': 2048}),0,0,32
2,1,OFPMatch(oxm_fields={'ip_proto': 17; 'udp_src': 2152; 'udp_dst': 2152; 'eth_type': 2048}),0,0,32
0,1,OFPMatch(oxm_fields={}),96,13722,33
1,1,OFPMatch(oxm_fields={'ip_proto': 17; 'udp_dst': 6789; 'eth_type': 2048}),0,0,33
2,1,OFPMatch(oxm_fields={'ip_proto': 17; 'udp_src': 2152; 'udp_dst': 2152; 'eth_type': 2048}),0,0,33
0,1,OFPMatch(oxm_fields={}),96,13722,34
1,1,OFPMatch(oxm_fields={'ip_proto': 17; 'udp_dst': 6789; 'eth_type': 2048}),0,0,34
2,1,OFPMatch(oxm_fields={'ip_proto': 17; 'udp_src': 2152; 'udp_dst': 2152; 'eth_type': 2048}),0,0,34
0,1,OFPMatch(oxm_fields={}),96,13722,35
1,1,OFPMatch(oxm_fields={'ip_proto': 17; 'udp_dst': 6789; 'eth_type': 2048}),0,0,35
2,1,OFPMatch(oxm_fields={'ip_proto': 17; 'udp_src': 2152; 'udp_dst': 2152; 'eth_type': 2048}),0,0,35
0,1,OFPMatch(oxm_fields={}),96,13722,36
1,1,OFPMatch(oxm_fields={'ip_proto': 17; 'udp_dst': 6789; 'eth_type': 2048}),0,0,36
2,1,OFPMatch(oxm_fields={'ip_proto': 17; 'udp_src': 2152; 'udp_dst': 2152; 'eth_type': 2048}),0,0,36
0,1,OFPMatch(oxm_fields={}),96,13722,37
1,1,OFPMatch(oxm_fields={'ip_proto': 17; 'udp_dst': 6789; 'eth_type': 2048}),0,0,37
2,1,OFPMatch(oxm_fields={'ip_proto': 17; 'udp_src': 2152; 'udp_dst': 2152; 'eth_type': 2048}),0,0,37
0,1,OFPMatch(oxm_fields={}),96,13722,38
1,1,OFPMatch(oxm_fields={'ip_proto': 17; 'udp_dst': 6789; 'eth_type': 2048}),0,0,38
2,1,OFPMatch(oxm_fields={'ip_proto': 17; 'udp_src': 2152; 'udp_dst': 2152; 'eth_type': 2048}),0,0,38
0,1,OFPMatch(oxm_fields={}),97,14064,39
1,1,OFPMatch(oxm_fields={'ip_proto': 17; 'udp_dst': 6789; 'eth_type': 2048}),0,0,39
2,1,OFPMatch(oxm_fields={'ip_proto': 17; 'udp_src': 2152; 'udp_dst': 2152; 'eth_type': 2048}),0,0,39
0,1,OFPMatch(oxm_fields={}),97,14064,40
1,1,OFPMatch(oxm_fields={'ip_proto': 17; 'udp_dst': 6789; 'eth_type': 2048}),0,0,40
2,1,OFPMatch(oxm_fields={'ip_proto': 17; 'udp_src': 2152; 'udp_dst': 2152; 'eth_type': 2048}),0,0,40
0,1,OFPMatch(oxm_fields={}),97,14064,41
1,1,OFPMatch(oxm_fields={'ip_proto': 17; 'udp_dst': 6789; 'eth_type': 2048}),0,0,41
2,1,OFPMatch(oxm_fields={'ip_proto': 17; 'udp_src': 2152; 'udp_dst': 2152; 'eth_type': 2048}),0,0,41
0,1,OFPMatch(oxm_fields={}),97,14064,42
1,1,OFPMatch(oxm_fields={'ip_proto': 17; 'udp_dst': 6789; 'eth_type': 2048}),0,0,42
2,1,OFPMatch(oxm_fields={'ip_proto': 17; 'udp_src': 2152; 'udp_dst': 2152; 'eth_type': 2048}),0,0,42
0,1,OFPMatch(oxm_fields={}),97,14064,43
1,1,OFPMatch(oxm_fields={'ip_proto': 17; 'udp_dst': 6789; 'eth_type': 2048}),0,0,43
2,1,OFPMatch(oxm_fields={'ip_proto': 17; 'udp_src': 2152; 'udp_dst': 2152; 'eth_type': 2048}),0,0,43
0,1,OFPMatch(oxm_fields={}),98,14406,44
1,1,OFPMatch(oxm_fields={'ip_proto': 17; 'udp_dst': 6789; 'eth_type': 2048}),0,0,44
2,1,OFPMatch(oxm_fields={'ip_proto': 17; 'udp_src': 2152; 'udp_dst': 2152; 'eth_type': 2048}),0,0,44
0,1,OFPMatch(oxm_fields={}),98,14406,45
1,1,OFPMatch(oxm_fields={'ip_proto': 17; 'udp_dst': 6789; 'eth_type': 2048}),0,0,45
2,1,OFPMatch(oxm_fields={'ip_proto': 17; 'udp_src': 2152; 'udp_dst': 2152; 'eth_type': 2048}),0,0,45
0,1,OFPMatch(oxm_fields={}),98,14406,46
1,1,OFPMatch(oxm_fields={'ip_proto': 17; 'udp_dst': 6789; 'eth_type': 2048}),0,0,46
2,1,OFPMatch(oxm_fields={'ip_proto': 17; 'udp_src': 2152; 'udp_dst': 2152; 'eth_type': 2048}),0,0,46
0,1,OFPMatch(oxm_fields={}),98,14406,47
1,1,OFPMatch(oxm_fields={'ip_proto': 17; 'udp_dst': 6789; 'eth_type': 2048}),0,0,47
2,1,OFPMatch(oxm_fields={'ip_proto': 17; 'udp_src': 2152; 'udp_dst': 2152; 'eth_type': 2048}),0,0,47
0,1,OFPMatch(oxm_fields={}),98,14406,48
1,1,OFPMatch(oxm_fields={'ip_proto': 17; 'udp_dst': 6789; 'eth_type': 2048}),0,0,48
2,1,OFPMatch(oxm_fields={'ip_proto': 17; 'udp_src': 2152; 'udp_dst': 2152; 'eth_type': 2048}),0,0,48
0,1,OFPMatch(oxm_fields={}),98,14406,49
1,1,OFPMatch(oxm_fields={'ip_proto': 17; 'udp_dst': 6789; 'eth_type': 2048}),0,0,49
2,1,OFPMatch(oxm_fields={'ip_proto': 17; 'udp_src': 2152; 'udp_dst': 2152; 'eth_type': 2048}),0,0,49
0,1,OFPMatch(oxm_fields={}),104,15466,50
1,1,OFPMatch(oxm_fields={'ip_proto': 17; 'udp_dst': 6789; 'eth_type': 2048}),0,0,50
2,1,OFPMatch(oxm_fields={'ip_proto': 17; 'udp_src': 2152; 'udp_dst': 2152; 'eth_type': 2048}),0,0,50
0,1,OFPMatch(oxm_fields={}),114,16739,51
1,1,OFPMatch(oxm_fields={'ip_proto': 17; 'udp_dst': 6789; 'eth_type': 2048}),0,0,51
2,1,OFPMatch(oxm_fields={'ip_proto': 17; 'udp_src': 2152; 'udp_dst': 2152; 'eth_type': 2048}),0,0,51
0,1,OFPMatch(oxm_fields={}),127,19397,52
1,1,OFPMatch(oxm_fields={'ip_proto': 17; 'udp_dst': 6789; 'eth_type': 2048}),0,0,52
2,1,OFPMatch(oxm_fields={'ip_proto': 17; 'udp_src': 2152; 'udp_dst': 2152; 'eth_type': 2048}),0,0,52
0,1,OFPMatch(oxm_fields={}),135,21369,53
1,1,OFPMatch(oxm_fields={'ip_proto': 17; 'udp_dst': 6789; 'eth_type': 2048}),0,0,53
2,1,OFPMatch(oxm_fields={'ip_proto': 17; 'udp_src': 2152; 'udp_dst': 2152; 'eth_type': 2048}),0,0,53
0,1,OFPMatch(oxm_fields={}),137,21779,54
1,1,OFPMatch(oxm_fields={'ip_proto': 17; 'udp_dst': 6789; 'eth_type': 2048}),0,0,54
2,1,OFPMatch(oxm_fields={'ip_proto': 17; 'udp_src': 2152; 'udp_dst': 2152; 'eth_type': 2048}),0,0,54
0,1,OFPMatch(oxm_fields={}),140,22199,55
1,1,OFPMatch(oxm_fields={'ip_proto': 17; 'udp_dst': 6789; 'eth_type': 2048}),0,0,55
2,1,OFPMatch(oxm_fields={'ip_proto': 17; 'udp_src': 2152; 'udp_dst': 2152; 'eth_type': 2048}),0,0,55
0,1,OFPMatch(oxm_fields={}),145,23460,56
1,1,OFPMatch(oxm_fields={'ip_proto': 17; 'udp_dst': 6789; 'eth_type': 2048}),0,0,56
2,1,OFPMatch(oxm_fields={'ip_proto': 17; 'udp_src': 2152; 'udp_dst': 2152; 'eth_type': 2048}),0,0,56
0,1,OFPMatch(oxm_fields={}),145,23460,57
1,1,OFPMatch(oxm_fields={'ip_proto': 17; 'udp_dst': 6789; 'eth_type': 2048}),0,0,57
2,1,OFPMatch(oxm_fields={'ip_proto': 17; 'udp_src': 2152; 'udp_dst': 2152; 'eth_type': 2048}),0,0,57
0,1,OFPMatch(oxm_fields={}),146,23567,58
1,1,OFPMatch(oxm_fields={'ip_proto': 17; 'udp_dst': 6789; 'eth_type': 2048}),0,0,58
2,1,OFPMatch(oxm_fields={'ip_proto': 17; 'udp_src': 2152; 'udp_dst': 2152; 'eth_type': 2048}),0,0,58
3,1,OFPMatch(oxm_fields={'eth_dst': '00:00:00:00:00:03'; 'in_port': 3}),11,1238,59
4,1,OFPMatch(oxm_fields={'eth_dst': '00:00:00:00:00:01'; 'in_port': 2}),11,2494,59
5,1,OFPMatch(oxm_fields={'eth_dst': '00:00:00:00:00:02'; 'in_port': 3}),11,2650,59
6,1,OFPMatch(oxm_fields={'eth_dst': '00:00:00:00:00:01'; 'in_port': 1}),15,1386,59
0,1,OFPMatch(oxm_fields={}),156,24172,59
1,1,OFPMatch(oxm_fields={'ip_proto': 17; 'udp_dst': 6789; 'eth_type': 2048}),0,0,59
2,1,OFPMatch(oxm_fields={'ip_proto': 17; 'udp_src': 2152; 'udp_dst': 2152; 'eth_type': 2048}),0,0,59
3,1,OFPMatch(oxm_fields={'eth_dst': '00:00:00:00:00:03'; 'in_port': 3}),37,4214,60
4,1,OFPMatch(oxm_fields={'eth_dst': '00:00:00:00:00:01'; 'in_port': 2}),35,8558,60
5,1,OFPMatch(oxm_fields={'eth_dst': '00:00:00:00:00:02'; 'in_port': 3}),31,8820,60
6,1,OFPMatch(oxm_fields={'eth_dst': '00:00:00:00:00:01'; 'in_port': 1}),45,4026,60
0,1,OFPMatch(oxm_fields={}),157,24514,60
1,1,OFPMatch(oxm_fields={'ip_proto': 17; 'udp_dst': 6789; 'eth_type': 2048}),0,0,60
2,1,OFPMatch(oxm_fields={'ip_proto': 17; 'udp_src': 2152; 'udp_dst': 2152; 'eth_type': 2048}),0,0,60
3,1,OFPMatch(oxm_fields={'eth_dst': '00:00:00:00:00:03'; 'in_port': 3}),66,7388,61
4,1,OFPMatch(oxm_fields={'eth_dst': '00:00:00:00:00:01'; 'in_port': 2}),60,14688,61
5,1,OFPMatch(oxm_fields={'eth_dst': '00:00:00:00:00:02'; 'in_port': 3}),52,15056,61
6,1,OFPMatch(oxm_fields={'eth_dst': '00:00:00:00:00:01'; 'in_port': 1}),74,6600,61
0,1,OFPMatch(oxm_fields={}),157,24514,61
1,1,OFPMatch(oxm_fields={'ip_proto': 17; 'udp_dst': 6789; 'eth_type': 2048}),0,0,61
2,1,OFPMatch(oxm_fields={'ip_proto': 17; 'udp_src': 2152; 'udp_dst': 2152; 'eth_type': 2048}),0,0,61
3,1,OFPMatch(oxm_fields={'eth_dst': '00:00:00:00:00:03'; 'in_port': 3}),92,10364,62
4,1,OFPMatch(oxm_fields={'eth_dst': '00:00:00:00:00:01'; 'in_port': 2}),85,20818,62
5,1,OFPMatch(oxm_fields={'eth_dst': '00:00:00:00:00:02'; 'in_port': 3}),72,21226,62
6,1,OFPMatch(oxm_fields={'eth_dst': '00:00:00:00:00:01'; 'in_port': 1}),104,9240,62
0,1,OFPMatch(oxm_fields={}),157,24514,62
1,1,OFPMatch(oxm_fields={'ip_proto': 17; 'udp_dst': 6789; 'eth_type': 2048}),0,0,62
2,1,OFPMatch(oxm_fields={'ip_proto': 17; 'udp_src': 2152; 'udp_dst': 2152; 'eth_type': 2048}),0,0,62
3,1,OFPMatch(oxm_fields={'eth_dst': '00:00:00:00:00:03'; 'in_port': 3}),119,13406,63
4,1,OFPMatch(oxm_fields={'eth_dst': '00:00:00:00:00:01'; 'in_port': 2}),110,26948,63
5,1,OFPMatch(oxm_fields={'eth_dst': '00:00:00:00:00:02'; 'in_port': 3}),92,27396,63
6,1,OFPMatch(oxm_fields={'eth_dst': '00:00:00:00:00:01'; 'in_port': 1}),134,11880,63
0,1,OFPMatch(oxm_fields={}),158,24856,63
1,1,OFPMatch(oxm_fields={'ip_proto': 17; 'udp_dst': 6789; 'eth_type': 2048}),0,0,63
2,1,OFPMatch(oxm_fields={'ip_proto': 17; 'udp_src': 2152; 'udp_dst': 2152; 'eth_type': 2048}),0,0,63
3,1,OFPMatch(oxm_fields={'eth_dst': '00:00:00:00:00:03'; 'in_port': 3}),146,16440,64
4,1,OFPMatch(oxm_fields={'eth_dst': '00:00:00:00:00:01'; 'in_port': 2}),135,33078,64
5,1,OFPMatch(oxm_fields={'eth_dst': '00:00:00:00:00:02'; 'in_port': 3}),112,33566,64
6,1,OFPMatch(oxm_fields={'eth_dst': '00:00:00:00:00:01'; 'in_port': 1}),164,14520,64
0,1,OFPMatch(oxm_fields={}),158,24856,64
1,1,OFPMatch(oxm_fields={'ip_proto': 17; 'udp_dst': 6789; 'eth_type': 2048}),0,0,64
2,1,OFPMatch(oxm_fields={'ip_proto': 17; 'udp_src': 2152; 'udp_dst': 2152; 'eth_type': 2048}),0,0,64
3,1,OFPMatch(oxm_fields={'eth_dst': '00:00:00:00:00:03'; 'in_port': 3}),174,19548,65
4,1,OFPMatch(oxm_fields={'eth_dst': '00:00:00:00:00:01'; 'in_port': 2}),160,39208,65
5,1,OFPMatch(oxm_fields={'eth_dst': '00:00:00:00:00:02'; 'in_port': 3}),128,38502,65
6,1,OFPMatch(oxm_fields={'eth_dst': '00:00:00:00:00:01'; 'in_port': 1}),188,16632,65
0,1,OFPMatch(oxm_fields={}),158,24856,65
1,1,OFPMatch(oxm_fields={'ip_proto': 17; 'udp_dst': 6789; 'eth_type': 2048}),0,0,65
2,1,OFPMatch(oxm_fields={'ip_proto': 17; 'udp_src': 2152; 'udp_dst': 2152; 'eth_type': 2048}),0,0,65
3,1,OFPMatch(oxm_fields={'eth_dst': '00:00:00:00:00:03'; 'in_port': 3}),199,22458,66
4,1,OFPMatch(oxm_fields={'eth_dst': '00:00:00:00:00:01'; 'in_port': 2}),182,44252,66
5,1,OFPMatch(oxm_fields={'eth_dst': '00:00:00:00:00:02'; 'in_port': 3}),148,44672,66
6,1,OFPMatch(oxm_fields={'eth_dst': '00:00:00:00:00:01'; 'in_port': 1}),218,19272,66
0,1,OFPMatch(oxm_fields={}),159,24963,66
1,1,OFPMatch(oxm_fields={'ip_proto': 17; 'udp_dst': 6789; 'eth_type': 2048}),0,0,66
2,1,OFPMatch(oxm_fields={'ip_proto': 17; 'udp_src': 2152; 'udp_dst': 2152; 'eth_type': 2048}),0,0,66
3,1,OFPMatch(oxm_fields={'eth_dst': '00:00:00:00:00:03'; 'in_port': 3}),226,25500,67
4,1,OFPMatch(oxm_fields={'eth_dst': '00:00:00:00:00:01'; 'in_port': 2}),207,50382,67
5,1,OFPMatch(oxm_fields={'eth_dst': '00:00:00:00:00:02'; 'in_port': 3}),169,50908,67
6,1,OFPMatch(oxm_fields={'eth_dst': '00:00:00:00:00:01'; 'in_port': 1}),247,21846,67
0,1,OFPMatch(oxm_fields={}),160,25070,67
1,1,OFPMatch(oxm_fields={'ip_proto': 17; 'udp_dst': 6789; 'eth_type': 2048}),0,0,67
2,1,OFPMatch(oxm_fields={'ip_proto': 17; 'udp_src': 2152; 'udp_dst': 2152; 'eth_type': 2048}),0,0,67
3,1,OFPMatch(oxm_fields={'eth_dst': '00:00:00:00:00:03'; 'in_port': 3}),252,28476,68
4,1,OFPMatch(oxm_fields={'eth_dst': '00:00:00:00:00:01'; 'in_port': 2}),232,56512,68
5,1,OFPMatch(oxm_fields={'eth_dst': '00:00:00:00:00:02'; 'in_port': 3}),189,57078,68
6,1,OFPMatch(oxm_fields={'eth_dst': '00:00:00:00:00:01'; 'in_port': 1}),277,24486,68
0,1,OFPMatch(oxm_fields={}),160,25070,68
1,1,OFPMatch(oxm_fields={'ip_proto': 17; 'udp_dst': 6789; 'eth_type': 2048}),0,0,68
2,1,OFPMatch(oxm_fields={'ip_proto': 17; 'udp_src': 2152; 'udp_dst': 2152; 'eth_type': 2048}),0,0,68
3,1,OFPMatch(oxm_fields={'eth_dst': '00:00:00:00:00:03'; 'in_port': 3}),282,31716,69
4,1,OFPMatch(oxm_fields={'eth_dst': '00:00:00:00:00:01'; 'in_port': 2}),257,62642,69
5,1,OFPMatch(oxm_fields={'eth_dst': '00:00:00:00:00:02'; 'in_port': 3}),209,63248,69
6,1,OFPMatch(oxm_fields={'eth_dst': '00:00:00:00:00:01'; 'in_port': 1}),307,27126,69
0,1,OFPMatch(oxm_fields={}),160,25070,69
1,1,OFPMatch(oxm_fields={'ip_proto': 17; 'udp_dst': 6789; 'eth_type': 2048}),0,0,69
2,1,OFPMatch(oxm_fields={'ip_proto': 17; 'udp_src': 2152; 'udp_dst': 2152; 'eth_type': 2048}),0,0,69
3,1,OFPMatch(oxm_fields={'eth_dst': '00:00:00:00:00:03'; 'in_port': 3}),310,34824,70
4,1,OFPMatch(oxm_fields={'eth_dst': '00:00:00:00:00:01'; 'in_port': 2}),282,68772,70
5,1,OFPMatch(oxm_fields={'eth_dst': '00:00:00:00:00:02'; 'in_port': 3}),229,69418,70
6,1,OFPMatch(oxm_fields={'eth_dst': '00:00:00:00:00:01'; 'in_port': 1}),337,29766,70
0,1,OFPMatch(oxm_fields={}),160,25070,70
1,1,OFPMatch(oxm_fields={'ip_proto': 17; 'udp_dst': 6789; 'eth_type': 2048}),0,0,70
2,1,OFPMatch(oxm_fields={'ip_proto': 17; 'udp_src': 2152; 'udp_dst': 2152; 'eth_type': 2048}),0,0,70
3,1,OFPMatch(oxm_fields={'eth_dst': '00:00:00:00:00:03'; 'in_port': 3}),337,37866,71
4,1,OFPMatch(oxm_fields={'eth_dst': '00:00:00:00:00:01'; 'in_port': 2}),307,74902,71
5,1,OFPMatch(oxm_fields={'eth_dst': '00:00:00:00:00:02'; 'in_port': 3}),250,75654,71
6,1,OFPMatch(oxm_fields={'eth_dst': '00:00:00:00:00:01'; 'in_port': 1}),366,32340,71
0,1,OFPMatch(oxm_fields={}),160,25070,71
1,1,OFPMatch(oxm_fields={'ip_proto': 17; 'udp_dst': 6789; 'eth_type': 2048}),0,0,71
2,1,OFPMatch(oxm_fields={'ip_proto': 17; 'udp_src': 2152; 'udp_dst': 2152; 'eth_type': 2048}),0,0,71
3,1,OFPMatch(oxm_fields={'eth_dst': '00:00:00:00:00:03'; 'in_port': 3}),365,40974,72
4,1,OFPMatch(oxm_fields={'eth_dst': '00:00:00:00:00:01'; 'in_port': 2}),332,81032,72
5,1,OFPMatch(oxm_fields={'eth_dst': '00:00:00:00:00:02'; 'in_port': 3}),270,81824,72
6,1,OFPMatch(oxm_fields={'eth_dst': '00:00:00:00:00:01'; 'in_port': 1}),396,34980,72
0,1,OFPMatch(oxm_fields={}),160,25070,72
1,1,OFPMatch(oxm_fields={'ip_proto': 17; 'udp_dst': 6789; 'eth_type': 2048}),0,0,72
2,1,OFPMatch(oxm_fields={'ip_proto': 17; 'udp_src': 2152; 'udp_dst': 2152; 'eth_type': 2048}),0,0,72
3,1,OFPMatch(oxm_fields={'eth_dst': '00:00:00:00:00:03'; 'in_port': 3}),394,44148,73
4,1,OFPMatch(oxm_fields={'eth_dst': '00:00:00:00:00:01'; 'in_port': 2}),357,87162,73
5,1,OFPMatch(oxm_fields={'eth_dst': '00:00:00:00:00:02'; 'in_port': 3}),291,88060,73
6,1,OFPMatch(oxm_fields={'eth_dst': '00:00:00:00:00:01'; 'in_port': 1}),426,37620,73
0,1,OFPMatch(oxm_fields={}),160,25070,73
1,1,OFPMatch(oxm_fields={'ip_proto': 17; 'udp_dst': 6789; 'eth_type': 2048}),0,0,73
2,1,OFPMatch(oxm_fields={'ip_proto': 17; 'udp_src': 2152; 'udp_dst': 2152; 'eth_type': 2048}),0,0,73
3,1,OFPMatch(oxm_fields={'eth_dst': '00:00:00:00:00:03'; 'in_port': 3}),418,46748,74
4,1,OFPMatch(oxm_fields={'eth_dst': '00:00:00:00:00:01'; 'in_port': 2}),381,93218,74
5,1,OFPMatch(oxm_fields={'eth_dst': '00:00:00:00:00:02'; 'in_port': 3}),312,94296,74
6,1,OFPMatch(oxm_fields={'eth_dst': '00:00:00:00:00:01'; 'in_port': 1}),455,40194,74
0,1,OFPMatch(oxm_fields={}),160,25070,74
1,1,OFPMatch(oxm_fields={'ip_proto': 17; 'udp_dst': 6789; 'eth_type': 2048}),0,0,74
2,1,OFPMatch(oxm_fields={'ip_proto': 17; 'udp_src': 2152; 'udp_dst': 2152; 'eth_type': 2048}),0,0,74
3,1,OFPMatch(oxm_fields={'eth_dst': '00:00:00:00:00:03'; 'in_port': 3}),445,49790,75
4,1,OFPMatch(oxm_fields={'eth_dst': '00:00:00:00:00:01'; 'in_port': 2}),406,99348,75
5,1,OFPMatch(oxm_fields={'eth_dst': '00:00:00:00:00:02'; 'in_port': 3}),332,100466,75
6,1,OFPMatch(oxm_fields={'eth_dst': '00:00:00:00:00:01'; 'in_port': 1}),485,42834,75
0,1,OFPMatch(oxm_fields={}),161,25412,75
1,1,OFPMatch(oxm_fields={'ip_proto': 17; 'udp_dst': 6789; 'eth_type': 2048}),0,0,75
2,1,OFPMatch(oxm_fields={'ip_proto': 17; 'udp_src': 2152; 'udp_dst': 2152; 'eth_type': 2048}),0,0,75
3,1,OFPMatch(oxm_fields={'eth_dst': '00:00:00:00:00:03'; 'in_port': 3}),471,52766,76
4,1,OFPMatch(oxm_fields={'eth_dst': '00:00:00:00:00:01'; 'in_port': 2}),431,105478,76
5,1,OFPMatch(oxm_fields={'eth_dst': '00:00:00:00:00:02'; 'in_port': 3}),353,106702,76
6,1,OFPMatch(oxm_fields={'eth_dst': '00:00:00:00:00:01'; 'in_port': 1}),514,45408,76
0,1,OFPMatch(oxm_fields={}),162,25754,76
1,1,OFPMatch(oxm_fields={'ip_proto': 17; 'udp_dst': 6789; 'eth_type': 2048}),0,0,76
2,1,OFPMatch(oxm_fields={'ip_proto': 17; 'udp_src': 2152; 'udp_dst': 2152; 'eth_type': 2048}),0,0,76
3,1,OFPMatch(oxm_fields={'eth_dst': '00:00:00:00:00:03'; 'in_port': 3}),498,55808,77
4,1,OFPMatch(oxm_fields={'eth_dst': '00:00:00:00:00:01'; 'in_port': 2}),455,111542,77
5,1,OFPMatch(oxm_fields={'eth_dst': '00:00:00:00:00:02'; 'in_port': 3}),373,112872,77
6,1,OFPMatch(oxm_fields={'eth_dst': '00:00:00:00:00:01'; 'in_port': 1}),544,48048,77
0,1,OFPMatch(oxm_fields={}),162,25754,77
1,1,OFPMatch(oxm_fields={'ip_proto': 17; 'udp_dst': 6789; 'eth_type': 2048}),0,0,77
2,1,OFPMatch(oxm_fields={'ip_proto': 17; 'udp_src': 2152; 'udp_dst': 2152; 'eth_type': 2048}),0,0,77
3,1,OFPMatch(oxm_fields={'eth_dst': '00:00:00:00:00:03'; 'in_port': 3}),518,58128,78
4,1,OFPMatch(oxm_fields={'eth_dst': '00:00:00:00:00:01'; 'in_port': 2}),476,116512,78
5,1,OFPMatch(oxm_fields={'eth_dst': '00:00:00:00:00:02'; 'in_port': 3}),387,117668,78
6,1,OFPMatch(oxm_fields={'eth_dst': '00:00:00:00:00:01'; 'in_port': 1}),565,49830,78
0,1,OFPMatch(oxm_fields={}),162,25754,78
1,1,OFPMatch(oxm_fields={'ip_proto': 17; 'udp_dst': 6789; 'eth_type': 2048}),0,0,78
2,1,OFPMatch(oxm_fields={'ip_proto': 17; 'udp_src': 2152; 'udp_dst': 2152; 'eth_type': 2048}),0,0,78
3,1,OFPMatch(oxm_fields={'eth_dst': '00:00:00:00:00:03'; 'in_port': 3}),518,58128,79
4,1,OFPMatch(oxm_fields={'eth_dst': '00:00:00:00:00:01'; 'in_port': 2}),476,116512,79
5,1,OFPMatch(oxm_fields={'eth_dst': '00:00:00:00:00:02'; 'in_port': 3}),387,117668,79
6,1,OFPMatch(oxm_fields={'eth_dst': '00:00:00:00:00:01'; 'in_port': 1}),565,49830,79
0,1,OFPMatch(oxm_fields={}),162,25754,79
1,1,OFPMatch(oxm_fields={'ip_proto': 17; 'udp_dst': 6789; 'eth_type': 2048}),0,0,79
2,1,OFPMatch(oxm_fields={'ip_proto': 17; 'udp_src': 2152; 'udp_dst': 2152; 'eth_type': 2048}),0,0,79
3,1,OFPMatch(oxm_fields={'eth_dst': '00:00:00:00:00:03'; 'in_port': 3}),518,58128,80
4,1,OFPMatch(oxm_fields={'eth_dst': '00:00:00:00:00:01'; 'in_port': 2}),476,116512,80
5,1,OFPMatch(oxm_fields={'eth_dst': '00:00:00:00:00:02'; 'in_port': 3}),387,117668,80
6,1,OFPMatch(oxm_fields={'eth_dst': '00:00:00:00:00:01'; 'in_port': 1}),565,49830,80
0,1,OFPMatch(oxm_fields={}),162,25754,80
1,1,OFPMatch(oxm_fields={'ip_proto': 17; 'udp_dst': 6789; 'eth_type': 2048}),0,0,80
2,1,OFPMatch(oxm_fields={'ip_proto': 17; 'udp_src': 2152; 'udp_dst': 2152; 'eth_type': 2048}),0,0,80
3,1,OFPMatch(oxm_fields={'eth_dst': '00:00:00:00:00:03'; 'in_port': 3}),518,58128,81
4,1,OFPMatch(oxm_fields={'eth_dst': '00:00:00:00:00:01'; 'in_port': 2}),476,116512,81
5,1,OFPMatch(oxm_fields={'eth_dst': '00:00:00:00:00:02'; 'in_port': 3}),387,117668,81
6,1,OFPMatch(oxm_fields={'eth_dst': '00:00:00:00:00:01'; 'in_port': 1}),565,49830,81
0,1,OFPMatch(oxm_fields={}),162,25754,81
1,1,OFPMatch(oxm_fields={'ip_proto': 17; 'udp_dst': 6789; 'eth_type': 2048}),0,0,81
2,1,OFPMatch(oxm_fields={'ip_proto': 17; 'udp_src': 2152; 'udp_dst': 2152; 'eth_type': 2048}),0,0,81
3,1,OFPMatch(oxm_fields={'eth_dst': '00:00:00:00:00:03'; 'in_port': 3}),518,58128,82
4,1,OFPMatch(oxm_fields={'eth_dst': '00:00:00:00:00:01'; 'in_port': 2}),476,116512,82
5,1,OFPMatch(oxm_fields={'eth_dst': '00:00:00:00:00:02'; 'in_port': 3}),387,117668,82
6,1,OFPMatch(oxm_fields={'eth_dst': '00:00:00:00:00:01'; 'in_port': 1}),565,49830,82
0,1,OFPMatch(oxm_fields={}),163,25861,82
1,1,OFPMatch(oxm_fields={'ip_proto': 17; 'udp_dst': 6789; 'eth_type': 2048}),0,0,82
2,1,OFPMatch(oxm_fields={'ip_proto': 17; 'udp_src': 2152; 'udp_dst': 2152; 'eth_type': 2048}),0,0,82
3,1,OFPMatch(oxm_fields={'eth_dst': '00:00:00:00:00:03'; 'in_port': 3}),518,58128,83
4,1,OFPMatch(oxm_fields={'eth_dst': '00:00:00:00:00:01'; 'in_port': 2}),476,116512,83
5,1,OFPMatch(oxm_fields={'eth_dst': '00:00:00:00:00:02'; 'in_port': 3}),387,117668,83
6,1,OFPMatch(oxm_fields={'eth_dst': '00:00:00:00:00:01'; 'in_port': 1}),565,49830,83
0,1,OFPMatch(oxm_fields={}),164,25968,83
1,1,OFPMatch(oxm_fields={'ip_proto': 17; 'udp_dst': 6789; 'eth_type': 2048}),0,0,83
2,1,OFPMatch(oxm_fields={'ip_proto': 17; 'udp_src': 2152; 'udp_dst': 2152; 'eth_type': 2048}),0,0,83
3,1,OFPMatch(oxm_fields={'eth_dst': '00:00:00:00:00:03'; 'in_port': 3}),518,58128,84
4,1,OFPMatch(oxm_fields={'eth_dst': '00:00:00:00:00:01'; 'in_port': 2}),476,116512,84
5,1,OFPMatch(oxm_fields={'eth_dst': '00:00:00:00:00:02'; 'in_port': 3}),387,117668,84
6,1,OFPMatch(oxm_fields={'eth_dst': '00:00:00:00:00:01'; 'in_port': 1}),565,49830,84
0,1,OFPMatch(oxm_fields={}),164,25968,84
1,1,OFPMatch(oxm_fields={'ip_proto': 17; 'udp_dst': 6789; 'eth_type': 2048}),0,0,84
2,1,OFPMatch(oxm_fields={'ip_proto': 17; 'udp_src': 2152; 'udp_dst': 2152; 'eth_type': 2048}),0,0,84
3,1,OFPMatch(oxm_fields={'eth_dst': '00:00:00:00:00:03'; 'in_port': 3}),518,58128,85
4,1,OFPMatch(oxm_fields={'eth_dst': '00:00:00:00:00:01'; 'in_port': 2}),476,116512,85
5,1,OFPMatch(oxm_fields={'eth_dst': '00:00:00:00:00:02'; 'in_port': 3}),387,117668,85
6,1,OFPMatch(oxm_fields={'eth_dst': '00:00:00:00:00:01'; 'in_port': 1}),565,49830,85
0,1,OFPMatch(oxm_fields={}),164,25968,85
1,1,OFPMatch(oxm_fields={'ip_proto': 17; 'udp_dst': 6789; 'eth_type': 2048}),0,0,85
2,1,OFPMatch(oxm_fields={'ip_proto': 17; 'udp_src': 2152; 'udp_dst': 2152; 'eth_type': 2048}),0,0,85
3,1,OFPMatch(oxm_fields={'eth_dst': '00:00:00:00:00:03'; 'in_port': 3}),518,58128,86
4,1,OFPMatch(oxm_fields={'eth_dst': '00:00:00:00:00:01'; 'in_port': 2}),476,116512,86
5,1,OFPMatch(oxm_fields={'eth_dst': '00:00:00:00:00:02'; 'in_port': 3}),387,117668,86
6,1,OFPMatch(oxm_fields={'eth_dst': '00:00:00:00:00:01'; 'in_port': 1}),565,49830,86
0,1,OFPMatch(oxm_fields={}),164,25968,86
1,1,OFPMatch(oxm_fields={'ip_proto': 17; 'udp_dst': 6789; 'eth_type': 2048}),0,0,86
2,1,OFPMatch(oxm_fields={'ip_proto': 17; 'udp_src': 2152; 'udp_dst': 2152; 'eth_type': 2048}),0,0,86
3,1,OFPMatch(oxm_fields={'eth_dst': '00:00:00:00:00:03'; 'in_port': 3}),518,58128,87
4,1,OFPMatch(oxm_fields={'eth_dst': '00:00:00:00:00:01'; 'in_port': 2}),476,116512,87
5,1,OFPMatch(oxm_fields={'eth_dst': '00:00:00:00:00:02'; 'in_port': 3}),387,117668,87
6,1,OFPMatch(oxm_fields={'eth_dst': '00:00:00:00:00:01'; 'in_port': 1}),565,49830,87
0,1,OFPMatch(oxm_fields={}),164,25968,87
1,1,OFPMatch(oxm_fields={'ip_proto': 17; 'udp_dst': 6789; 'eth_type': 2048}),0,0,87
2,1,OFPMatch(oxm_fields={'ip_proto': 17; 'udp_src': 2152; 'udp_dst': 2152; 'eth_type': 2048}),0,0,87
3,1,OFPMatch(oxm_fields={'eth_dst': '00:00:00:00:00:03'; 'in_port': 3}),518,58128,88
4,1,OFPMatch(oxm_fields={'eth_dst': '00:00:00:00:00:01'; 'in_port': 2}),476,116512,88
5,1,OFPMatch(oxm_fields={'eth_dst': '00:00:00:00:00:02'; 'in_port': 3}),387,117668,88
6,1,OFPMatch(oxm_fields={'eth_dst': '00:00:00:00:00:01'; 'in_port': 1}),565,49830,88
0,1,OFPMatch(oxm_fields={}),164,25968,88
1,1,OFPMatch(oxm_fields={'ip_proto': 17; 'udp_dst': 6789; 'eth_type': 2048}),0,0,88
2,1,OFPMatch(oxm_fields={'ip_proto': 17; 'udp_src': 2152; 'udp_dst': 2152; 'eth_type': 2048}),0,0,88
3,1,OFPMatch(oxm_fields={'eth_dst': '00:00:00:00:00:03'; 'in_port': 3}),518,58128,89
4,1,OFPMatch(oxm_fields={'eth_dst': '00:00:00:00:00:01'; 'in_port': 2}),476,116512,89
5,1,OFPMatch(oxm_fields={'eth_dst': '00:00:00:00:00:02'; 'in_port': 3}),387,117668,89
6,1,OFPMatch(oxm_fields={'eth_dst': '00:00:00:00:00:01'; 'in_port': 1}),565,49830,89
0,1,OFPMatch(oxm_fields={}),164,25968,89
1,1,OFPMatch(oxm_fields={'ip_proto': 17; 'udp_dst': 6789; 'eth_type': 2048}),0,0,89
2,1,OFPMatch(oxm_fields={'ip_proto': 17; 'udp_src': 2152; 'udp_dst': 2152; 'eth_type': 2048}),0,0,89
3,1,OFPMatch(oxm_fields={'eth_dst': '00:00:00:00:00:03'; 'in_port': 3}),518,58128,90
4,1,OFPMatch(oxm_fields={'eth_dst': '00:00:00:00:00:01'; 'in_port': 2}),476,116512,90
5,1,OFPMatch(oxm_fields={'eth_dst': '00:00:00:00:00:02'; 'in_port': 3}),387,117668,90
6,1,OFPMatch(oxm_fields={'eth_dst': '00:00:00:00:00:01'; 'in_port': 1}),565,49830,90
0,1,OFPMatch(oxm_fields={}),164,25968,90
1,1,OFPMatch(oxm_fields={'ip_proto': 17; 'udp_dst': 6789; 'eth_type': 2048}),0,0,90
2,1,OFPMatch(oxm_fields={'ip_proto': 17; 'udp_src': 2152; 'udp_dst': 2152; 'eth_type': 2048}),0,0,90
3,1,OFPMatch(oxm_fields={'eth_dst': '00:00:00:00:00:03'; 'in_port': 3}),518,58128,91
4,1,OFPMatch(oxm_fields={'eth_dst': '00:00:00:00:00:01'; 'in_port': 2}),476,116512,91
5,1,OFPMatch(oxm_fields={'eth_dst': '00:00:00:00:00:02'; 'in_port': 3}),387,117668,91
6,1,OFPMatch(oxm_fields={'eth_dst': '00:00:00:00:00:01'; 'in_port': 1}),565,49830,91
0,1,OFPMatch(oxm_fields={}),165,26310,91
1,1,OFPMatch(oxm_fields={'ip_proto': 17; 'udp_dst': 6789; 'eth_type': 2048}),0,0,91
2,1,OFPMatch(oxm_fields={'ip_proto': 17; 'udp_src': 2152; 'udp_dst': 2152; 'eth_type': 2048}),0,0,91
3,1,OFPMatch(oxm_fields={'eth_dst': '00:00:00:00:00:03'; 'in_port': 3}),518,58128,92
4,1,OFPMatch(oxm_fields={'eth_dst': '00:00:00:00:00:01'; 'in_port': 2}),476,116512,92
5,1,OFPMatch(oxm_fields={'eth_dst': '00:00:00:00:00:02'; 'in_port': 3}),387,117668,92
6,1,OFPMatch(oxm_fields={'eth_dst': '00:00:00:00:00:01'; 'in_port': 1}),565,49830,92
0,1,OFPMatch(oxm_fields={}),165,26310,92
1,1,OFPMatch(oxm_fields={'ip_proto': 17; 'udp_dst': 6789; 'eth_type': 2048}),0,0,92
2,1,OFPMatch(oxm_fields={'ip_proto': 17; 'udp_src': 2152; 'udp_dst': 2152; 'eth_type': 2048}),0,0,92
3,1,OFPMatch(oxm_fields={'eth_dst': '00:00:00:00:00:03'; 'in_port': 3}),518,58128,93
4,1,OFPMatch(oxm_fields={'eth_dst': '00:00:00:00:00:01'; 'in_port': 2}),476,116512,93
5,1,OFPMatch(oxm_fields={'eth_dst': '00:00:00:00:00:02'; 'in_port': 3}),387,117668,93
6,1,OFPMatch(oxm_fields={'eth_dst': '00:00:00:00:00:01'; 'in_port': 1}),565,49830,93
0,1,OFPMatch(oxm_fields={}),165,26310,93
1,1,OFPMatch(oxm_fields={'ip_proto': 17; 'udp_dst': 6789; 'eth_type': 2048}),0,0,93
2,1,OFPMatch(oxm_fields={'ip_proto': 17; 'udp_src': 2152; 'udp_dst': 2152; 'eth_type': 2048}),0,0,93
3,1,OFPMatch(oxm_fields={'eth_dst': '00:00:00:00:00:03'; 'in_port': 3}),518,58128,94
4,1,OFPMatch(oxm_fields={'eth_dst': '00:00:00:00:00:01'; 'in_port': 2}),476,116512,94
5,1,OFPMatch(oxm_fields={'eth_dst': '00:00:00:00:00:02'; 'in_port': 3}),387,117668,94
6,1,OFPMatch(oxm_fields={'eth_dst': '00:00:00:00:00:01'; 'in_port': 1}),565,49830,94
0,1,OFPMatch(oxm_fields={}),165,26310,94
1,1,OFPMatch(oxm_fields={'ip_proto': 17; 'udp_dst': 6789; 'eth_type': 2048}),0,0,94
2,1,OFPMatch(oxm_fields={'ip_proto': 17; 'udp_src': 2152; 'udp_dst': 2152; 'eth_type': 2048}),0,0,94
3,1,OFPMatch(oxm_fields={'eth_dst': '00:00:00:00:00:03'; 'in_port': 3}),518,58128,95
4,1,OFPMatch(oxm_fields={'eth_dst': '00:00:00:00:00:01'; 'in_port': 2}),476,116512,95
5,1,OFPMatch(oxm_fields={'eth_dst': '00:00:00:00:00:02'; 'in_port': 3}),387,117668,95
6,1,OFPMatch(oxm_fields={'eth_dst': '00:00:00:00:00:01'; 'in_port': 1}),565,49830,95
0,1,OFPMatch(oxm_fields={}),165,26310,95
1,1,OFPMatch(oxm_fields={'ip_proto': 17; 'udp_dst': 6789; 'eth_type': 2048}),0,0,95
2,1,OFPMatch(oxm_fields={'ip_proto': 17; 'udp_src': 2152; 'udp_dst': 2152; 'eth_type': 2048}),0,0,95
3,1,OFPMatch(oxm_fields={'eth_dst': '00:00:00:00:00:03'; 'in_port': 3}),518,58128,96
4,1,OFPMatch(oxm_fields={'eth_dst': '00:00:00:00:00:01'; 'in_port': 2}),476,116512,96
5,1,OFPMatch(oxm_fields={'eth_dst': '00:00:00:00:00:02'; 'in_port': 3}),387,117668,96
6,1,OFPMatch(oxm_fields={'eth_dst': '00:00:00:00:00:01'; 'in_port': 1}),565,49830,96
0,1,OFPMatch(oxm_fields={}),165,26310,96
1,1,OFPMatch(oxm_fields={'ip_proto': 17; 'udp_dst': 6789; 'eth_type': 2048}),0,0,96
2,1,OFPMatch(oxm_fields={'ip_proto': 17; 'udp_src': 2152; 'udp_dst': 2152; 'eth_type': 2048}),0,0,96
3,1,OFPMatch(oxm_fields={'eth_dst': '00:00:00:00:00:03'; 'in_port': 3}),518,58128,97
4,1,OFPMatch(oxm_fields={'eth_dst': '00:00:00:00:00:01'; 'in_port': 2}),476,116512,97
5,1,OFPMatch(oxm_fields={'eth_dst': '00:00:00:00:00:02'; 'in_port': 3}),387,117668,97
6,1,OFPMatch(oxm_fields={'eth_dst': '00:00:00:00:00:01'; 'in_port': 1}),565,49830,97
0,1,OFPMatch(oxm_fields={}),165,26310,97
1,1,OFPMatch(oxm_fields={'ip_proto': 17; 'udp_dst': 6789; 'eth_type': 2048}),0,0,97
2,1,OFPMatch(oxm_fields={'ip_proto': 17; 'udp_src': 2152; 'udp_dst': 2152; 'eth_type': 2048}),0,0,97
3,1,OFPMatch(oxm_fields={'eth_dst': '00:00:00:00:00:03'; 'in_port': 3}),518,58128,98
4,1,OFPMatch(oxm_fields={'eth_dst': '00:00:00:00:00:01'; 'in_port': 2}),476,116512,98
5,1,OFPMatch(oxm_fields={'eth_dst': '00:00:00:00:00:02'; 'in_port': 3}),387,117668,98
6,1,OFPMatch(oxm_fields={'eth_dst': '00:00:00:00:00:01'; 'in_port': 1}),565,49830,98
0,1,OFPMatch(oxm_fields={}),165,26310,98
1,1,OFPMatch(oxm_fields={'ip_proto': 17; 'udp_dst': 6789; 'eth_type': 2048}),0,0,98
2,1,OFPMatch(oxm_fields={'ip_proto': 17; 'udp_src': 2152; 'udp_dst': 2152; 'eth_type': 2048}),0,0,98
3,1,OFPMatch(oxm_fields={'eth_dst': '00:00:00:00:00:03'; 'in_port': 3}),518,58128,99
4,1,OFPMatch(oxm_fields={'eth_dst': '00:00:00:00:00:01'; 'in_port': 2}),476,116512,99
5,1,OFPMatch(oxm_fields={'eth_dst': '00:00:00:00:00:02'; 'in_port': 3}),387,117668,99
6,1,OFPMatch(oxm_fields={'eth_dst': '00:00:00:00:00:01'; 'in_port': 1}),565,49830,99
0,1,OFPMatch(oxm_fields={}),168,26872,99
1,1,OFPMatch(oxm_fields={'ip_proto': 17; 'udp_dst': 6789; 'eth_type': 2048}),0,0,99
2,1,OFPMatch(oxm_fields={'ip_proto': 17; 'udp_src': 2152; 'udp_dst': 2152; 'eth_type': 2048}),0,0,99
3,1,OFPMatch(oxm_fields={'eth_dst': '00:00:00:00:00:03'; 'in_port': 3}),518,58128,100
4,1,OFPMatch(oxm_fields={'eth_dst': '00:00:00:00:00:01'; 'in_port': 2}),476,116512,100
5,1,OFPMatch(oxm_fields={'eth_dst': '00:00:00:00:00:02'; 'in_port': 3}),387,117668,100
6,1,OFPMatch(oxm_fields={'eth_dst': '00:00:00:00:00:01'; 'in_port': 1}),565,49830,100
0,1,OFPMatch(oxm_fields={}),173,27590,100
1,1,