0,3,OFPMatch(oxm_fields={}),0,0,0
1,3,OFPMatch(oxm_fields={'ip_proto': 17; 'udp_dst': 6789; 'eth_type': 2048}),0,0,0
2,3,OFPMatch(oxm_fields={'ip_proto': 17; 'udp_src': 2152; 'udp_dst': 2152; 'eth_type': 2048}),0,0,0
0,3,OFPMatch(oxm_fields={}),11,906,1
1,3,OFPMatch(oxm_fields={'ip_proto': 17; 'udp_dst': 6789; 'eth_type': 2048}),0,0,1
2,3,OFPMatch(oxm_fields={'ip_proto': 17; 'udp_src': 2152; 'udp_dst': 2152; 'eth_type': 2048}),0,0,1
0,3,OFPMatch(oxm_fields={}),47,5888,2
1,3,OFPMatch(oxm_fields={'ip_proto': 17; 'udp_dst': 6789; 'eth_type': 2048}),0,0,2
2,3,OFPMatch(oxm_fields={'ip_proto': 17; 'udp_src': 2152; 'udp_dst': 2152; 'eth_type': 2048}),0,0,2
0,3,OFPMatch(oxm_fields={}),56,7464,3
1,3,OFPMatch(oxm_fields={'ip_proto': 17; 'udp_dst': 6789; 'eth_type': 2048}),0,0,3
2,3,OFPMatch(oxm_fields={'ip_proto': 17; 'udp_src': 2152; 'udp_dst': 2152; 'eth_type': 2048}),0,0,3
0,3,OFPMatch(oxm_fields={}),59,8412,4
1,3,OFPMatch(oxm_fields={'ip_proto': 17; 'udp_dst': 6789; 'eth_type': 2048}),0,0,4
2,3,OFPMatch(oxm_fields={'ip_proto': 17; 'udp_src': 2152; 'udp_dst': 2152; 'eth_type': 2048}),0,0,4
0,3,OFPMatch(oxm_fields={}),66,9322,5
1,3,OFPMatch(oxm_fields={'ip_proto': 17; 'udp_dst': 6789; 'eth_type': 2048}),0,0,5
2,3,OFPMatch(oxm_fields={'ip_proto': 17; 'udp_src': 2152; 'udp_dst': 2152; 'eth_type': 2048}),0,0,5
0,3,OFPMatch(oxm_fields={}),75,10418,6
1,3,OFPMatch(oxm_fields={'ip_proto': 17; 'udp_dst': 6789; 'eth_type': 2048}),0,0,6
2,3,OFPMatch(oxm_fields={'ip_proto': 17; 'udp_src': 2152; 'udp_dst': 2152; 'eth_type': 2048}),0,0,6
0,3,OFPMatch(oxm_fields={}),76,10760,7
1,3,OFPMatch(oxm_fields={'ip_proto': 17; 'udp_dst': 6789; 'eth_type': 2048}),0,0,7
2,3,OFPMatch(oxm_fields={'ip_proto': 17; 'udp_src': 2152; 'udp_dst': 2152; 'eth_type': 2048}),0,0,7
0,3,OFPMatch(oxm_fields={}),77,10867,8
1,3,OFPMatch(oxm_fields={'ip_proto': 17; 'udp_dst': 6789; 'eth_type': 2048}),0,0,8
2,3,OFPMatch(oxm_fields={'ip_proto': 17; 'udp_src': 2152; 'udp_dst': 2152; 'eth_type': 2048}),0,0,8
0,3,OFPMatch(oxm_fields={}),82,11526,9
1,3,OFPMatch(oxm_fields={'ip_proto': 17; 'udp_dst': 6789; 'eth_type': 2048}),0,0,9
2,3,OFPMatch(oxm_fields={'ip_proto': 17; 'udp_src': 2152; 'udp_dst': 2152; 'eth_type': 2048}),0,0,9
0,3,OFPMatch(oxm_fields={}),89,12016,10
1,3,OFPMatch(oxm_fields={'ip_proto': 17; 'udp_dst': 6789; 'eth_type': 2048}),0,0,10
2,3,OFPMatch(oxm_fields={'ip_proto': 17; 'udp_src': 2152; 'udp_dst': 2152; 'eth_type': 2048}),0,0,10
0,3,OFPMatch(oxm_fields={}),89,12016,11
1,3,OFPMatch(oxm_fields={'ip_proto': 17; 'udp_dst': 6789; 'eth_type': 2048}),0,0,11
2,3,OFPMatch(oxm_fields={'ip_proto': 17; 'udp_src': 2152; 'udp_dst': 2152; 'eth_type': 2048}),0,0,11
0,3,OFPMatch(oxm_fields={}),89,12016,12
1,3,OFPMatch(oxm_fields={'ip_proto': 17; 'udp_dst': 6789; 'eth_type': 2048}),0,0,12
2,3,OFPMatch(oxm_fields={'ip_proto': 17; 'udp_src': 2152; 'udp_dst': 2152; 'eth_type': 2048}),0,0,12
0,3,OFPMatch(oxm_fields={}),90,12358,13
1,3,OFPMatch(oxm_fields={'ip_proto': 17; 'udp_dst': 6789; 'eth_type': 2048}),0,0,13
2,3,OFPMatch(oxm_fields={'ip_proto': 17; 'udp_src': 2152; 'udp_dst': 2152; 'eth_type': 2048}),0,0,13
0,3,OFPMatch(oxm_fields={}),90,12358,14
1,3,OFPMatch(oxm_fields={'ip_proto': 17; 'udp_dst': 6789; 'eth_type': 2048}),0,0,14
2,3,OFPMatch(oxm_fields={'ip_proto': 17; 'udp_src': 2152; 'udp_dst': 2152; 'eth_type': 2048}),0,0,14
0,3,OFPMatch(oxm_fields={}),90,12358,15
1,3,OFPMatch(oxm_fields={'ip_proto': 17; 'udp_dst': 6789; 'eth_type': 2048}),0,0,15
2,3,OFPMatch(oxm_fields={'ip_proto': 17; 'udp_src': 2152; 'udp_dst': 2152; 'eth_type': 2048}),0,0,15
0,3,OFPMatch(oxm_fields={}),91,12465,16
1,3,OFPMatch(oxm_fields={'ip_proto': 17; 'udp_dst': 6789; 'eth_type': 2048}),0,0,16
2,3,OFPMatch(oxm_fields={'ip_proto': 17; 'udp_src': 2152; 'udp_dst': 2152; 'eth_type': 2048}),0,0,16
0,3,OFPMatch(oxm_fields={}),92,12572,17
1,3,OFPMatch(oxm_fields={'ip_proto': 17; 'udp_dst': 6789; 'eth_type': 2048}),0,0,17
2,3,OFPMatch(oxm_fields={'ip_proto': 17; 'udp_src': 2152; 'udp_dst': 2152; 'eth_type': 2048}),0,0,17
0,3,OFPMatch(oxm_fields={}),93,12914,18
1,3,OFPMatch(oxm_fields={'ip_proto': 17; 'udp_dst': 6789; 'eth_type': 2048}),0,0,18
2,3,OFPMatch(oxm_fields={'ip_proto': 17; 'udp_src': 2152; 'udp_dst': 2152; 'eth_type': 2048}),0,0,18
0,3,OFPMatch(oxm_fields={}),93,12914,19
1,3,OFPMatch(oxm_fields={'ip_proto': 17; 'udp_dst': 6789; 'eth_type': 2048}),0,0,19
2,3,OFPMatch(oxm_fields={'ip_proto': 17; 'udp_src': 2152; 'udp_dst': 2152; 'eth_type': 2048}),0,0,19
0,3,OFPMatch(oxm_fields={}),93,12914,20
1,3,OFPMatch(oxm_fields={'ip_proto': 17; 'udp_dst': 6789; 'eth_type': 2048}),0,0,20
2,3,OFPMatch(oxm_fields={'ip_proto': 17; 'udp_src': 2152; 'udp_dst': 2152; 'eth_type': 2048}),0,0,20
0,3,OFPMatch(oxm_fields={}),94,13256,21
1,3,OFPMatch(oxm_fields={'ip_proto': 17; 'udp_dst': 6789; 'eth_type': 2048}),0,0,21
2,3,OFPMatch(oxm_fields={'ip_proto': 17; 'udp_src': 2152; 'udp_dst': 2152; 'eth_type': 2048}),0,0,21
0,3,OFPMatch(oxm_fields={}),94,13256,22
1,3,OFPMatch(oxm_fields={'ip_proto': 17; 'udp_dst': 6789; 'eth_type': 2048}),0,0,22
2,3,OFPMatch(oxm_fields={'ip_proto': 17; 'udp_src': 2152; 'udp_dst': 2152; 'eth_type': 2048}),0,0,22
0,3,OFPMatch(oxm_fields={}),94,13256,23
1,3,OFPMatch(oxm_fields={'ip_proto': 17; 'udp_dst': 6789; 'eth_type': 2048}),0,0,23
2,3,OFPMatch(oxm_fields={'ip_proto': 17; 'udp_src': 2152; 'udp_dst': 2152; 'eth_type': 2048}),0,0,23
0,3,OFPMatch(oxm_fields={}),94,13256,24
1,3,OFPMatch(oxm_fields={'ip_proto': 17; 'udp_dst': 6789; 'eth_type': 2048}),0,0,24
2,3,OFPMatch(oxm_fields={'ip_proto': 17; 'udp_src': 2152; 'udp_dst': 2152; 'eth_type': 2048}),0,0,24
0,3,OFPMatch(oxm_fields={}),94,13256,25
1,3,OFPMatch(oxm_fields={'ip_proto': 17; 'udp_dst': 6789; 'eth_type': 2048}),0,0,25
2,3,OFPMatch(oxm_fields={'ip_proto': 17; 'udp_src': 2152; 'udp_dst': 2152; 'eth_type': 2048}),0,0,25
0,3,OFPMatch(oxm_fields={}),94,13256,26
1,3,OFPMatch(oxm_fields={'ip_proto': 17; 'udp_dst': 6789; 'eth_type': 2048}),0,0,26
2,3,OFPMatch(oxm_fields={'ip_proto': 17; 'udp_src': 2152; 'udp_dst': 2152; 'eth_type': 2048}),0,0,26
0,3,OFPMatch(oxm_fields={}),94,13256,27
1,3,OFPMatch(oxm_fields={'ip_proto': 17; 'udp_dst': 6789; 'eth_type': 2048}),0,0,27
2,3,OFPMatch(oxm_fields={'ip_proto': 17; 'udp_src': 2152; 'udp_dst': 2152; 'eth_type': 2048}),0,0,27
0,3,OFPMatch(oxm_fields={}),94,13256,28
1,3,OFPMatch(oxm_fields={'ip_proto': 17; 'udp_dst': 6789; 'eth_type': 2048}),0,0,28
2,3,OFPMatch(oxm_fields={'ip_proto': 17; 'udp_src': 2152; 'udp_dst': 2152; 'eth_type': 2048}),0,0,28
0,3,OFPMatch(oxm_fields={}),94,13256,29
1,3,OFPMatch(oxm_fields={'ip_proto': 17; 'udp_dst': 6789; 'eth_type': 2048}),0,0,29
2,3,OFPMatch(oxm_fields={'ip_proto': 17; 'udp_src': 2152; 'udp_dst': 2152; 'eth_type': 2048}),0,0,29
0,3,OFPMatch(oxm_fields={}),95,13598,30
1,3,OFPMatch(oxm_fields={'ip_proto': 17; 'udp_dst': 6789; 'eth_type': 2048}),0,0,30
2,3,OFPMatch(oxm_fields={'ip_proto': 17; 'udp_src': 2152; 'udp_dst': 2152; 'eth_type': 2048}),0,0,30
0,3,OFPMatch(oxm_fields={}),95,13598,31
1,3,OFPMatch(oxm_fields={'ip_proto': 17; 'udp_dst': 6789; 'eth_type': 2048}),0,0,31
2,3,OFPMatch(oxm_fields={'ip_proto': 17; 'udp_src': 2152; 'udp_dst': 2152; 'eth_type': 2048}),0,0,31
0,3,OFPMatch(oxm_fields={}),97,14047,32
1,3,OFPMatch(oxm_fields={'ip_proto': 17; 'udp_dst': 6789; 'eth_type': 2048}),0,0,32
2,3,OFPMatch(oxm_fields={'ip_proto': 17; 'udp_src': 2152; 'udp_dst': 2152; 'eth_type': 2048}),0,0,32
0,3,OFPMatch(oxm_fields={}),98,14154,33
1,3,OFPMatch(oxm_fields={'ip_proto': 17; 'udp_dst': 6789; 'eth_type': 2048}),0,0,33
2,3,OFPMatch(oxm_fields={'ip_proto': 17; 'udp_src': 2152; 'udp_dst': 2152; 'eth_type': 2048}),0,0,33
0,3,OFPMatch(oxm_fields={}),98,14154,34
1,3,OFPMatch(oxm_fields={'ip_proto': 17; 'udp_dst': 6789; 'eth_type': 2048}),0,0,34
2,3,OFPMatch(oxm_fields={'ip_proto': 17; 'udp_src': 2152; 'udp_dst': 2152; 'eth_type': 2048}),0,0,34
0,3,OFPMatch(oxm_fields={}),98,14154,35
1,3,OFPMatch(oxm_fields={'ip_proto': 17; 'udp_dst': 6789; 'eth_type': 2048}),0,0,35
2,3,OFPMatch(oxm_fields={'ip_proto': 17; 'udp_src': 2152; 'udp_dst': 2152; 'eth_type': 2048}),0,0,35
0,3,OFPMatch(oxm_fields={}),98,14154,36
1,3,OFPMatch(oxm_fields={'ip_proto': 17; 'udp_dst': 6789; 'eth_type': 2048}),0,0,36
2,3,OFPMatch(oxm_fields={'ip_proto': 17; 'udp_src': 2152; 'udp_dst': 2152; 'eth_type': 2048}),0,0,36
0,3,OFPMatch(oxm_fields={}),98,14154,37
1,3,OFPMatch(oxm_fields={'ip_proto': 17; 'udp_dst': 6789; 'eth_type': 2048}),0,0,37
2,3,OFPMatch(oxm_fields={'ip_proto': 17; 'udp_src': 2152; 'udp_dst': 2152; 'eth_type': 2048}),0,0,37
0,3,OFPMatch(oxm_fields={}),98,14154,38
1,3,OFPMatch(oxm_fields={'ip_proto': 17; 'udp_dst': 6789; 'eth_type': 2048}),0,0,38
2,3,OFPMatch(oxm_fields={'ip_proto': 17; 'udp_src': 2152; 'udp_dst': 2152; 'eth_type': 2048}),0,0,38
0,3,OFPMatch(oxm_fields={}),99,14496,39
1,3,OFPMatch(oxm_fields={'ip_proto': 17; 'udp_dst': 6789; 'eth_type': 2048}),0,0,39
2,3,OFPMatch(oxm_fields={'ip_proto': 17; 'udp_src': 2152; 'udp_dst': 2152; 'eth_type': 2048}),0,0,39
0,3,OFPMatch(oxm_fields={}),99,14496,40
1,3,OFPMatch(oxm_fields={'ip_proto': 17; 'udp_dst': 6789; 'eth_type': 2048}),0,0,40
2,3,OFPMatch(oxm_fields={'ip_proto': 17; 'udp_src': 2152; 'udp_dst': 2152; 'eth_type': 2048}),0,0,40
0,3,OFPMatch(oxm_fields={}),99,14496,41
1,3,OFPMatch(oxm_fields={'ip_proto': 17; 'udp_dst': 6789; 'eth_type': 2048}),0,0,41
2,3,OFPMatch(oxm_fields={'ip_proto': 17; 'udp_src': 2152; 'udp_dst': 2152; 'eth_type': 2048}),0,0,41
0,3,OFPMatch(oxm_fields={}),99,14496,42
1,3,OFPMatch(oxm_fields={'ip_proto': 17; 'udp_dst': 6789; 'eth_type': 2048}),0,0,42
2,3,OFPMatch(oxm_fields={'ip_proto': 17; 'udp_src': 2152; 'udp_dst': 2152; 'eth_type': 2048}),0,0,42
0,3,OFPMatch(oxm_fields={}),99,14496,43
1,3,OFPMatch(oxm_fields={'ip_proto': 17; 'udp_dst': 6789; 'eth_type': 2048}),0,0,43
2,3,OFPMatch(oxm_fields={'ip_proto': 17; 'udp_src': 2152; 'udp_dst': 2152; 'eth_type': 2048}),0,0,43
0,3,OFPMatch(oxm_fields={}),99,14496,44
1,3,OFPMatch(oxm_fields={'ip_proto': 17; 'udp_dst': 6789; 'eth_type': 2048}),0,0,44
2,3,OFPMatch(oxm_fields={'ip_proto': 17; 'udp_src': 2152; 'udp_dst': 2152; 'eth_type': 2048}),0,0,44
0,3,OFPMatch(oxm_fields={}),100,14838,45
1,3,OFPMatch(oxm_fields={'ip_proto': 17; 'udp_dst': 6789; 'eth_type': 2048}),0,0,45
2,3,OFPMatch(oxm_fields={'ip_proto': 17; 'udp_src': 2152; 'udp_dst': 2152; 'eth_type': 2048}),0,0,45
0,3,OFPMatch(oxm_fields={}),100,14838,46
1,3,OFPMatch(oxm_fields={'ip_proto': 17; 'udp_dst': 6789; 'eth_type': 2048}),0,0,46
2,3,OFPMatch(oxm_fields={'ip_proto': 17; 'udp_src': 2152; 'udp_dst': 2152; 'eth_type': 2048}),0,0,46
0,3,OFPMatch(oxm_fields={}),100,14838,47
1,3,OFPMatch(oxm_fields={'ip_proto': 17; 'udp_dst': 6789; 'eth_type': 2048}),0,0,47
2,3,OFPMatch(oxm_fields={'ip_proto': 17; 'udp_src': 2152; 'udp_dst': 2152; 'eth_type': 2048}),0,0,47
0,3,OFPMatch(oxm_fields={}),100,14838,48
1,3,OFPMatch(oxm_fields={'ip_proto': 17; 'udp_dst': 6789; 'eth_type': 2048}),0,0,48
2,3,OFPMatch(oxm_fields={'ip_proto': 17; 'udp_src': 2152; 'udp_dst': 2152; 'eth_type': 2048}),0,0,48
0,3,OFPMatch(oxm_fields={}),100,14838,49
1,3,OFPMatch(oxm_fields={'ip_proto': 17; 'udp_dst': 6789; 'eth_type': 2048}),0,0,49
2,3,OFPMatch(oxm_fields={'ip_proto': 17; 'udp_src': 2152; 'udp_dst': 2152; 'eth_type': 2048}),0,0,49
0,3,OFPMatch(oxm_fields={}),105,15820,50
1,3,OFPMatch(oxm_fields={'ip_proto': 17; 'udp_dst': 6789; 'eth_type': 2048}),0,0,50
2,3,OFPMatch(oxm_fields={'ip_proto': 17; 'udp_src': 2152; 'udp_dst': 2152; 'eth_type': 2048}),0,0,50
0,3,OFPMatch(oxm_fields={}),111,16368,51
1,3,OFPMatch(oxm_fields={'ip_proto': 17; 'udp_dst': 6789; 'eth_type': 2048}),0,0,51
2,3,OFPMatch(oxm_fields={'ip_proto': 17; 'udp_src': 2152; 'udp_dst': 2152; 'eth_type': 2048}),0,0,51
0,3,OFPMatch(oxm_fields={}),128,19722,52
1,3,OFPMatch(oxm_fields={'ip_proto': 17; 'udp_dst': 6789; 'eth_type': 2048}),0,0,52
2,3,OFPMatch(oxm_fields={'ip_proto': 17; 'udp_src': 2152; 'udp_dst': 2152; 'eth_type': 2048}),0,0,52
0,3,OFPMatch(oxm_fields={}),136,21498,53
1,3,OFPMatch(oxm_fields={'ip_proto': 17; 'udp_dst': 6789; 'eth_type': 2048}),0,0,53
2,3,OFPMatch(oxm_fields={'ip_proto': 17; 'udp_src': 2152; 'udp_dst': 2152; 'eth_type': 2048}),0,0,53
0,3,OFPMatch(oxm_fields={}),138,22104,54
1,3,OFPMatch(oxm_fields={'ip_proto': 17; 'udp_dst': 6789; 'eth_type': 2048}),0,0,54
2,3,OFPMatch(oxm_fields={'ip_proto': 17; 'udp_src': 2152; 'udp_dst': 2152; 'eth_type': 2048}),0,0,54
0,3,OFPMatch(oxm_fields={}),142,22631,55
1,3,OFPMatch(oxm_fields={'ip_proto': 17; 'udp_dst': 6789; 'eth_type': 2048}),0,0,55
2,3,OFPMatch(oxm_fields={'ip_proto': 17; 'udp_src': 2152; 'udp_dst': 2152; 'eth_type': 2048}),0,0,55
0,3,OFPMatch(oxm_fields={}),147,23892,56
1,3,OFPMatch(oxm_fields={'ip_proto': 17; 'udp_dst': 6789; 'eth_type': 2048}),0,0,56
2,3,OFPMatch(oxm_fields={'ip_proto': 17; 'udp_src': 2152; 'udp_dst': 2152; 'eth_type': 2048}),0,0,56
0,3,OFPMatch(oxm_fields={}),147,23892,57
1,3,OFPMatch(oxm_fields={'ip_proto': 17; 'udp_dst': 6789; 'eth_type': 2048}),0,0,57
2,3,OFPMatch(oxm_fields={'ip_proto': 17; 'udp_src': 2152; 'udp_dst': 2152; 'eth_type': 2048}),0,0,57
0,3,OFPMatch(oxm_fields={}),149,24341,58
1,3,OFPMatch(oxm_fields={'ip_proto': 17; 'udp_dst': 6789; 'eth_type': 2048}),0,0,58
2,3,OFPMatch(oxm_fields={'ip_proto': 17; 'udp_src': 2152; 'udp_dst': 2152; 'eth_type': 2048}),0,0,58
3,3,OFPMatch(oxm_fields={'eth_dst': '00:00:00:00:00:01'; 'in_port': 2}),11,2494,59
4,3,OFPMatch(oxm_fields={'eth_dst': '00:00:00:00:00:03'; 'in_port': 3}),238,15692,59
5,3,OFPMatch(oxm_fields={'eth_dst': '00:00:00:00:00:03'; 'in_port': 1}),11,1238,59
6,3,OFPMatch(oxm_fields={'eth_dst': '00:00:00:00:00:04'; 'in_port': 2}),244,818328,59
0,3,OFPMatch(oxm_fields={}),158,24876,59
1,3,OFPMatch(oxm_fields={'ip_proto': 17; 'udp_dst': 6789; 'eth_type': 2048}),0,0,59
2,3,OFPMatch(oxm_fields={'ip_proto': 17; 'udp_src': 2152; 'udp_dst': 2152; 'eth_type': 2048}),0,0,59
3,3,OFPMatch(oxm_fields={'eth_dst': '00:00:00:00:00:01'; 'in_port': 2}),35,8558,60
4,3,OFPMatch(oxm_fields={'eth_dst': '00:00:00:00:00:03'; 'in_port': 3}),649,42818,60
5,3,OFPMatch(oxm_fields={'eth_dst': '00:00:00:00:00:03'; 'in_port': 1}),37,4214,60
6,3,OFPMatch(oxm_fields={'eth_dst': '00:00:00:00:00:04'; 'in_port': 2}),655,2035710,60
0,3,OFPMatch(oxm_fields={}),159,24946,60
1,3,OFPMatch(oxm_fields={'ip_proto': 17; 'udp_dst': 6789; 'eth_type': 2048}),0,0,60
2,3,OFPMatch(oxm_fields={'ip_proto': 17; 'udp_src': 2152; 'udp_dst': 2152; 'eth_type': 2048}),0,0,60
3,3,OFPMatch(oxm_fields={'eth_dst': '00:00:00:00:00:01'; 'in_port': 2}),60,14688,61
4,3,OFPMatch(oxm_fields={'eth_dst': '00:00:00:00:00:03'; 'in_port': 3}),1061,70010,61
5,3,OFPMatch(oxm_fields={'eth_dst': '00:00:00:00:00:03'; 'in_port': 1}),66,7388,61
6,3,OFPMatch(oxm_fields={'eth_dst': '00:00:00:00:00:04'; 'in_port': 2}),1067,3256054,61
0,3,OFPMatch(oxm_fields={}),159,24946,61
1,3,OFPMatch(oxm_fields={'ip_proto': 17; 'udp_dst': 6789; 'eth_type': 2048}),0,0,61
2,3,OFPMatch(oxm_fields={'ip_proto': 17; 'udp_src': 2152; 'udp_dst': 2152; 'eth_type': 2048}),0,0,61
3,3,OFPMatch(oxm_fields={'eth_dst': '00:00:00:00:00:01'; 'in_port': 2}),85,20818,62
4,3,OFPMatch(oxm_fields={'eth_dst': '00:00:00:00:00:03'; 'in_port': 3}),1472,97136,62
5,3,OFPMatch(oxm_fields={'eth_dst': '00:00:00:00:00:03'; 'in_port': 1}),92,10364,62
6,3,OFPMatch(oxm_fields={'eth_dst': '00:00:00:00:00:04'; 'in_port': 2}),1478,4473436,62
0,3,OFPMatch(oxm_fields={}),159,24946,62
1,3,OFPMatch(oxm_fields={'ip_proto': 17; 'udp_dst': 6789; 'eth_type': 2048}),0,0,62
2,3,OFPMatch(oxm_fields={'ip_proto': 17; 'udp_src': 2152; 'udp_dst': 2152; 'eth_type': 2048}),0,0,62
3,3,OFPMatch(oxm_fields={'eth_dst': '00:00:00:00:00:01'; 'in_port': 2}),110,26948,63
4,3,OFPMatch(oxm_fields={'eth_dst': '00:00:00:00:00:03'; 'in_port': 3}),1883,124262,63
5,3,OFPMatch(oxm_fields={'eth_dst': '00:00:00:00:00:03'; 'in_port': 1}),119,13406,63
6,3,OFPMatch(oxm_fields={'eth_dst': '00:00:00:00:00:04'; 'in_port': 2}),1891,5696742,63
0,3,OFPMatch(oxm_fields={}),160,25288,63
1,3,OFPMatch(oxm_fields={'ip_proto': 17; 'udp_dst': 6789; 'eth_type': 2048}),0,0,63
2,3,OFPMatch(oxm_fields={'ip_proto': 17; 'udp_src': 2152; 'udp_dst': 2152; 'eth_type': 2048}),0,0,63
3,3,OFPMatch(oxm_fields={'eth_dst': '00:00:00:00:00:01'; 'in_port': 2}),135,33078,64
4,3,OFPMatch(oxm_fields={'eth_dst': '00:00:00:00:00:03'; 'in_port': 3}),2296,151496,64
5,3,OFPMatch(oxm_fields={'eth_dst': '00:00:00:00:00:03'; 'in_port': 1}),146,16440,64
6,3,OFPMatch(oxm_fields={'eth_dst': '00:00:00:00:00:04'; 'in_port': 2}),2302,6911204,64
0,3,OFPMatch(oxm_fields={}),160,25288,64
1,3,OFPMatch(oxm_fields={'ip_proto': 17; 'udp_dst': 6789; 'eth_type': 2048}),0,0,64
2,3,OFPMatch(oxm_fields={'ip_proto': 17; 'udp_src': 2152; 'udp_dst': 2152; 'eth_type': 2048}),0,0,64
3,3,OFPMatch(oxm_fields={'eth_dst': '00:00:00:00:00:01'; 'in_port': 2}),160,39208,65
4,3,OFPMatch(oxm_fields={'eth_dst': '00:00:00:00:00:03'; 'in_port': 3}),2708,178688,65
5,3,OFPMatch(oxm_fields={'eth_dst': '00:00:00:00:00:03'; 'in_port': 1}),174,19548,65
6,3,OFPMatch(oxm_fields={'eth_dst': '00:00:00:00:00:04'; 'in_port': 2}),2714,8131548,65
0,3,OFPMatch(oxm_fields={}),160,25288,65
1,3,OFPMatch(oxm_fields={'ip_proto': 17; 'udp_dst': 6789; 'eth_type': 2048}),0,0,65
2,3,OFPMatch(oxm_fields={'ip_proto': 17; 'udp_src': 2152; 'udp_dst': 2152; 'eth_type': 2048}),0,0,65
3,3,OFPMatch(oxm_fields={'eth_dst': '00:00:00:00:00:01'; 'in_port': 2}),182,44252,66
4,3,OFPMatch(oxm_fields={'eth_dst': '00:00:00:00:00:03'; 'in_port': 3}),3120,205880,66
5,3,OFPMatch(oxm_fields={'eth_dst': '00:00:00:00:00:03'; 'in_port': 1}),199,22458,66
6,3,OFPMatch(oxm_fields={'eth_dst': '00:00:00:00:00:04'; 'in_port': 2}),3126,9351892,66
0,3,OFPMatch(oxm_fields={}),161,25395,66
1,3,OFPMatch(oxm_fields={'ip_proto': 17; 'udp_dst': 6789; 'eth_type': 2048}),0,0,66
2,3,OFPMatch(oxm_fields={'ip_proto': 17; 'udp_src': 2152; 'udp_dst': 2152; 'eth_type': 2048}),0,0,66
3,3,OFPMatch(oxm_fields={'eth_dst': '00:00:00:00:00:01'; 'in_port': 2}),207,50382,67
4,3,OFPMatch(oxm_fields={'eth_dst': '00:00:00:00:00:03'; 'in_port': 3}),3532,233072,67
5,3,OFPMatch(oxm_fields={'eth_dst': '00:00:00:00:00:03'; 'in_port': 1}),226,25500,67
6,3,OFPMatch(oxm_fields={'eth_dst': '00:00:00:00:00:04'; 'in_port': 2}),3538,10572236,67
0,3,OFPMatch(oxm_fields={}),162,25502,67
1,3,OFPMatch(oxm_fields={'ip_proto': 17; 'udp_dst': 6789; 'eth_type': 2048}),0,0,67
2,3,OFPMatch(oxm_fields={'ip_proto': 17; 'udp_src': 2152; 'udp_dst': 2152; 'eth_type': 2048}),0,0,67
3,3,OFPMatch(oxm_fields={'eth_dst': '00:00:00:00:00:01'; 'in_port': 2}),232,56512,68
4,3,OFPMatch(oxm_fields={'eth_dst': '00:00:00:00:00:03'; 'in_port': 3}),3943,260198,68
5,3,OFPMatch(oxm_fields={'eth_dst': '00:00:00:00:00:03'; 'in_port': 1}),252,28476,68
6,3,OFPMatch(oxm_fields={'eth_dst': '00:00:00:00:00:04'; 'in_port': 2}),3949,11789618,68
0,3,OFPMatch(oxm_fields={}),163,25844,68
1,3,OFPMatch(oxm_fields={'ip_proto': 17; 'udp_dst': 6789; 'eth_type': 2048}),0,0,68
2,3,OFPMatch(oxm_fields={'ip_proto': 17; 'udp_src': 2152; 'udp_dst': 2152; 'eth_type': 2048}),0,0,68
3,3,OFPMatch(oxm_fields={'eth_dst': '00:00:00:00:00:01'; 'in_port': 2}),257,62642,69
4,3,OFPMatch(oxm_fields={'eth_dst': '00:00:00:00:00:03'; 'in_port': 3}),4354,287324,69
5,3,OFPMatch(oxm_fields={'eth_dst': '00:00:00:00:00:03'; 'in_port': 1}),282,31716,69
6,3,OFPMatch(oxm_fields={'eth_dst': '00:00:00:00:00:04'; 'in_port': 2}),4360,13007000,69
0,3,OFPMatch(oxm_fields={}),163,25844,69
1,3,OFPMatch(oxm_fields={'ip_proto': 17; 'udp_dst': 6789; 'eth_type': 2048}),0,0,69
2,3,OFPMatch(oxm_fields={'ip_proto': 17; 'udp_src': 2152; 'udp_dst': 2152; 'eth_type': 2048}),0,0,69
3,3,OFPMatch(oxm_fields={'eth_dst': '00:00:00:00:00:01'; 'in_port': 2}),282,68772,70
4,3,OFPMatch(oxm_fields={'eth_dst': '00:00:00:00:00:03'; 'in_port': 3}),4765,314450,70
5,3,OFPMatch(oxm_fields={'eth_dst': '00:00:00:00:00:03'; 'in_port': 1}),310,34824,70
6,3,OFPMatch(oxm_fields={'eth_dst': '00:00:00:00:00:04'; 'in_port': 2}),4771,14224382,70
0,3,OFPMatch(oxm_fields={}),163,25844,70
1,3,OFPMatch(oxm_fields={'ip_proto': 17; 'udp_dst': 6789; 'eth_type': 2048}),0,0,70
2,3,OFPMatch(oxm_fields={'ip_proto': 17; 'udp_src': 2152; 'udp_dst': 2152; 'eth_type': 2048}),0,0,70
3,3,OFPMatch(oxm_fields={'eth_dst': '00:00:00:00:00:01'; 'in_port': 2}),307,74902,71
4,3,OFPMatch(oxm_fields={'eth_dst': '00:00:00:00:00:03'; 'in_port': 3}),5177,341642,71
5,3,OFPMatch(oxm_fields={'eth_dst': '00:00:00:00:00:03'; 'in_port': 1}),337,37866,71
6,3,OFPMatch(oxm_fields={'eth_dst': '00:00:00:00:00:04'; 'in_port': 2}),5183,15444726,71
0,3,OFPMatch(oxm_fields={}),163,25844,71
1,3,OFPMatch(oxm_fields={'ip_proto': 17; 'udp_dst': 6789; 'eth_type': 2048}),0,0,71
2,3,OFPMatch(oxm_fields={'ip_proto': 17; 'udp_src': 2152; 'udp_dst': 2152; 'eth_type': 2048}),0,0,71
3,3,OFPMatch(oxm_fields={'eth_dst': '00:00:00:00:00:01'; 'in_port': 2}),332,81032,72
4,3,OFPMatch(oxm_fields={'eth_dst': '00:00:00:00:00:03'; 'in_port': 3}),5588,368768,72
5,3,OFPMatch(oxm_fields={'eth_dst': '00:00:00:00:00:03'; 'in_port': 1}),365,40974,72
6,3,OFPMatch(oxm_fields={'eth_dst': '00:00:00:00:00:04'; 'in_port': 2}),5595,16665070,72
0,3,OFPMatch(oxm_fields={}),163,25844,72
1,3,OFPMatch(oxm_fields={'ip_proto': 17; 'udp_dst': 6789; 'eth_type': 2048}),0,0,72
2,3,OFPMatch(oxm_fields={'ip_proto': 17; 'udp_src': 2152; 'udp_dst': 2152; 'eth_type': 2048}),0,0,72
3,3,OFPMatch(oxm_fields={'eth_dst': '00:00:00:00:00:01'; 'in_port': 2}),357,87162,73
4,3,OFPMatch(oxm_fields={'eth_dst': '00:00:00:00:00:03'; 'in_port': 3}),6000,395960,73
5,3,OFPMatch(oxm_fields={'eth_dst': '00:00:00:00:00:03'; 'in_port': 1}),394,44148,73
6,3,OFPMatch(oxm_fields={'eth_dst': '00:00:00:00:00:04'; 'in_port': 2}),6006,17882452,73
0,3,OFPMatch(oxm_fields={}),163,25844,73
1,3,OFPMatch(oxm_fields={'ip_proto': 17; 'udp_dst': 6789; 'eth_type': 2048}),0,0,73
2,3,OFPMatch(oxm_fields={'ip_proto': 17; 'udp_src': 2152; 'udp_dst': 2152; 'eth_type': 2048}),0,0,73
3,3,OFPMatch(oxm_fields={'eth_dst': '00:00:00:00:00:01'; 'in_port': 2}),381,93218,74
4,3,OFPMatch(oxm_fields={'eth_dst': '00:00:00:00:00:03'; 'in_port': 3}),6412,423152,74
5,3,OFPMatch(oxm_fields={'eth_dst': '00:00:00:00:00:03'; 'in_port': 1}),418,46748,74
6,3,OFPMatch(oxm_fields={'eth_dst': '00:00:00:00:00:04'; 'in_port': 2}),6418,19102796,74
0,3,OFPMatch(oxm_fields={}),163,25844,74
1,3,OFPMatch(oxm_fields={'ip_proto': 17; 'udp_dst': 6789; 'eth_type': 2048}),0,0,74
2,3,OFPMatch(oxm_fields={'ip_proto': 17; 'udp_src': 2152; 'udp_dst': 2152; 'eth_type': 2048}),0,0,74
3,3,OFPMatch(oxm_fields={'eth_dst': '00:00:00:00:00:01'; 'in_port': 2}),406,99348,75
4,3,OFPMatch(oxm_fields={'eth_dst': '00:00:00:00:00:03'; 'in_port': 3}),6823,450278,75
5,3,OFPMatch(oxm_fields={'eth_dst': '00:00:00:00:00:03'; 'in_port': 1}),445,49790,75
6,3,OFPMatch(oxm_fields={'eth_dst': '00:00:00:00:00:04'; 'in_port': 2}),6829,20320178,75
0,3,OFPMatch(oxm_fields={}),163,25844,75
1,3,OFPMatch(oxm_fields={'ip_proto': 17; 'udp_dst': 6789; 'eth_type': 2048}),0,0,75
2,3,OFPMatch(oxm_fields={'ip_proto': 17; 'udp_src': 2152; 'udp_dst': 2152; 'eth_type': 2048}),0,0,75
3,3,OFPMatch(oxm_fields={'eth_dst': '00:00:00:00:00:01'; 'in_port': 2}),431,105478,76
4,3,OFPMatch(oxm_fields={'eth_dst': '00:00:00:00:00:03'; 'in_port': 3}),7234,477404,76
5,3,OFPMatch(oxm_fields={'eth_dst': '00:00:00:00:00:03'; 'in_port': 1}),471,52766,76
6,3,OFPMatch(oxm_fields={'eth_dst': '00:00:00:00:00:04'; 'in_port': 2}),7241,21540522,76
0,3,OFPMatch(oxm_fields={}),164,26186,76
1,3,OFPMatch(oxm_fields={'ip_proto': 17; 'udp_dst': 6789; 'eth_type': 2048}),0,0,76
2,3,OFPMatch(oxm_fields={'ip_proto': 17; 'udp_src': 2152; 'udp_dst': 2152; 'eth_type': 2048}),0,0,76
3,3,OFPMatch(oxm_fields={'eth_dst': '00:00:00:00:00:01'; 'in_port': 2}),455,111542,77
4,3,OFPMatch(oxm_fields={'eth_dst': '00:00:00:00:00:03'; 'in_port': 3}),7646,504596,77
5,3,OFPMatch(oxm_fields={'eth_dst': '00:00:00:00:00:03'; 'in_port': 1}),498,55808,77
6,3,OFPMatch(oxm_fields={'eth_dst': '00:00:00:00:00:04'; 'in_port': 2}),7652,22757904,77
0,3,OFPMatch(oxm_fields={}),164,26186,77
1,3,OFPMatch(oxm_fields={'ip_proto': 17; 'udp_dst': 6789; 'eth_type': 2048}),0,0,77
2,3,OFPMatch(oxm_fields={'ip_proto': 17; 'udp_src': 2152; 'udp_dst': 2152; 'eth_type': 2048}),0,0,77
3,3,OFPMatch(oxm_fields={'eth_dst': '00:00:00:00:00:01'; 'in_port': 2}),476,116512,78
4,3,OFPMatch(oxm_fields={'eth_dst': '00:00:00:00:00:03'; 'in_port': 3}),8058,531788,78
5,3,OFPMatch(oxm_fields={'eth_dst': '00:00:00:00:00:03'; 'in_port': 1}),518,58128,78
6,3,OFPMatch(oxm_fields={'eth_dst': '00:00:00:00:00:04'; 'in_port': 2}),8064,23978248,78
0,3,OFPMatch(oxm_fields={}),164,26186,78
1,3,OFPMatch(oxm_fields={'ip_proto': 17; 'udp_dst': 6789; 'eth_type': 2048}),0,0,78
2,3,OFPMatch(oxm_fields={'ip_proto': 17; 'udp_src': 2152; 'udp_dst': 2152; 'eth_type': 2048}),0,0,78
3,3,OFPMatch(oxm_fields={'eth_dst': '00:00:00:00:00:01'; 'in_port': 2}),476,116512,79
4,3,OFPMatch(oxm_fields={'eth_dst': '00:00:00:00:00:03'; 'in_port': 3}),8471,559046,79
5,3,OFPMatch(oxm_fields={'eth_dst': '00:00:00:00:00:03'; 'in_port': 1}),518,58128,79
6,3,OFPMatch(oxm_fields={'eth_dst': '00:00:00:00:00:04'; 'in_port': 2}),8478,25204516,79
0,3,OFPMatch(oxm_fields={}),165,26528,79
1,3,OFPMatch(oxm_fields={'ip_proto': 17; 'udp_dst': 6789; 'eth_type': 2048}),0,0,79
2,3,OFPMatch(oxm_fields={'ip_proto': 17; 'udp_src': 2152; 'udp_dst': 2152; 'eth_type': 2048}),0,0,79
3,3,OFPMatch(oxm_fields={'eth_dst': '00:00:00:00:00:01'; 'in_port': 2}),476,116512,80
4,3,OFPMatch(oxm_fields={'eth_dst': '00:00:00:00:00:03'; 'in_port': 3}),8885,586370,80
5,3,OFPMatch(oxm_fields={'eth_dst': '00:00:00:00:00:03'; 'in_port': 1}),518,58128,80
6,3,OFPMatch(oxm_fields={'eth_dst': '00:00:00:00:00:04'; 'in_port': 2}),8892,26430784,80
0,3,OFPMatch(oxm_fields={}),165,26528,80
1,3,OFPMatch(oxm_fields={'ip_proto': 17; 'udp_dst': 6789; 'eth_type': 2048}),0,0,80
2,3,OFPMatch(oxm_fields={'ip_proto': 17; 'udp_src': 2152; 'udp_dst': 2152; 'eth_type': 2048}),0,0,80
3,3,OFPMatch(oxm_fields={'eth_dst': '00:00:00:00:00:01'; 'in_port': 2}),476,116512,81
4,3,OFPMatch(oxm_fields={'eth_dst': '00:00:00:00:00:03'; 'in_port': 3}),9299,613694,81
5,3,OFPMatch(oxm_fields={'eth_dst': '00:00:00:00:00:03'; 'in_port': 1}),518,58128,81
6,3,OFPMatch(oxm_fields={'eth_dst': '00:00:00:00:00:04'; 'in_port': 2}),9306,27657052,81
0,3,OFPMatch(oxm_fields={}),165,26528,81
1,3,OFPMatch(oxm_fields={'ip_proto': 17; 'udp_dst': 6789; 'eth_type': 2048}),0,0,81
2,3,OFPMatch(oxm_fields={'ip_proto': 17; 'udp_src': 2152; 'udp_dst': 2152; 'eth_type': 2048}),0,0,81
3,3,OFPMatch(oxm_fields={'eth_dst': '00:00:00:00:00:01'; 'in_port': 2}),476,116512,82
4,3,OFPMatch(oxm_fields={'eth_dst': '00:00:00:00:00:03'; 'in_port': 3}),9713,641018,82
5,3,OFPMatch(oxm_fields={'eth_dst': '00:00:00:00:00:03'; 'in_port': 1}),518,58128,82
6,3,OFPMatch(oxm_fields={'eth_dst': '00:00:00:00:00:04'; 'in_port': 2}),9719,28880358,82
0,3,OFPMatch(oxm_fields={}),166,26635,82
1,3,OFPMatch(oxm_fields={'ip_proto': 17; 'udp_dst': 6789; 'eth_type': 2048}),0,0,82
2,3,OFPMatch(oxm_fields={'ip_proto': 17; 'udp_src': 2152; 'udp_dst': 2152; 'eth_type': 2048}),0,0,82
3,3,OFPMatch(oxm_fields={'eth_dst': '00:00:00:00:00:01'; 'in_port': 2}),476,116512,83
4,3,OFPMatch(oxm_fields={'eth_dst': '00:00:00:00:00:03'; 'in_port': 3}),10126,668276,83
5,3,OFPMatch(oxm_fields={'eth_dst': '00:00:00:00:00:03'; 'in_port': 1}),518,58128,83
6,3,OFPMatch(oxm_fields={'eth_dst': '00:00:00:00:00:04'; 'in_port': 2}),10133,30106626,83
0,3,OFPMatch(oxm_fields={}),167,26742,83
1,3,OFPMatch(oxm_fields={'ip_proto': 17; 'udp_dst': 6789; 'eth_type': 2048}),0,0,83
2,3,OFPMatch(oxm_fields={'ip_proto': 17; 'udp_src': 2152; 'udp_dst': 2152; 'eth_type': 2048}),0,0,83
3,3,OFPMatch(oxm_fields={'eth_dst': '00:00:00:00:00:01'; 'in_port': 2}),476,116512,84
4,3,OFPMatch(oxm_fields={'eth_dst': '00:00:00:00:00:03'; 'in_port': 3}),10536,695312,84
5,3,OFPMatch(oxm_fields={'eth_dst': '00:00:00:00:00:03'; 'in_port': 1}),518,58128,84
6,3,OFPMatch(oxm_fields={'eth_dst': '00:00:00:00:00:04'; 'in_port': 2}),10544,31321088,84
0,3,OFPMatch(oxm_fields={}),167,26742,84
1,3,OFPMatch(oxm_fields={'ip_proto': 17; 'udp_dst': 6789; 'eth_type': 2048}),0,0,84
2,3,OFPMatch(oxm_fields={'ip_proto': 17; 'udp_src': 2152; 'udp_dst': 2152; 'eth_type': 2048}),0,0,84
3,3,OFPMatch(oxm_fields={'eth_dst': '00:00:00:00:00:01'; 'in_port': 2}),476,116512,85
4,3,OFPMatch(oxm_fields={'eth_dst': '00:00:00:00:00:03'; 'in_port': 3}),10950,722636,85
5,3,OFPMatch(oxm_fields={'eth_dst': '00:00:00:00:00:03'; 'in_port': 1}),518,58128,85
6,3,OFPMatch(oxm_fields={'eth_dst': '00:00:00:00:00:04'; 'in_port': 2}),10958,32547356,85
0,3,OFPMatch(oxm_fields={}),167,26742,85
1,3,OFPMatch(oxm_fields={'ip_proto': 17; 'udp_dst': 6789; 'eth_type': 2048}),0,0,85
2,3,OFPMatch(oxm_fields={'ip_proto': 17; 'udp_src': 2152; 'udp_dst': 2152; 'eth_type': 2048}),0,0,85
3,3,OFPMatch(oxm_fields={'eth_dst': '00:00:00:00:00:01'; 'in_port': 2}),476,116512,86
4,3,OFPMatch(oxm_fields={'eth_dst': '00:00:00:00:00:03'; 'in_port': 3}),11364,749960,86
5,3,OFPMatch(oxm_fields={'eth_dst': '00:00:00:00:00:03'; 'in_port': 1}),518,58128,86
6,3,OFPMatch(oxm_fields={'eth_dst': '00:00:00:00:00:04'; 'in_port': 2}),11371,33770662,86
0,3,OFPMatch(oxm_fields={}),167,26742,86
1,3,OFPMatch(oxm_fields={'ip_proto': 17; 'udp_dst': 6789; 'eth_type': 2048}),0,0,86
2,3,OFPMatch(oxm_fields={'ip_proto': 17; 'udp_src': 2152; 'udp_dst': 2152; 'eth_type': 2048}),0,0,86
3,3,OFPMatch(oxm_fields={'eth_dst': '00:00:00:00:00:01'; 'in_port': 2}),476,116512,87
4,3,OFPMatch(oxm_fields={'eth_dst': '00:00:00:00:00:03'; 'in_port': 3}),11777,777218,87
5,3,OFPMatch(oxm_fields={'eth_dst': '00:00:00:00:00:03'; 'in_port': 1}),518,58128,87
6,3,OFPMatch(oxm_fields={'eth_dst': '00:00:00:00:00:04'; 'in_port': 2}),11785,34996930,87
0,3,OFPMatch(oxm_fields={}),167,26742,87
1,3,OFPMatch(oxm_fields={'ip_proto': 17; 'udp_dst': 6789; 'eth_type': 2048}),0,0,87
2,3,OFPMatch(oxm_fields={'ip_proto': 17; 'udp_src': 2152; 'udp_dst': 2152; 'eth_type': 2048}),0,0,87
3,3,OFPMatch(oxm_fields={'eth_dst': '00:00:00:00:00:01'; 'in_port': 2}),476,116512,88
4,3,OFPMatch(oxm_fields={'eth_dst': '00:00:00:00:00:03'; 'in_port': 3}),12191,804542,88
5,3,OFPMatch(oxm_fields={'eth_dst': '00:00:00:00:00:03'; 'in_port': 1}),518,58128,88
6,3,OFPMatch(oxm_fields={'eth_dst': '00:00:00:00:00:04'; 'in_port': 2}),12199,36223198,88
0,3,OFPMatch(oxm_fields={}),167,26742,88
1,3,OFPMatch(oxm_fields={'ip_proto': 17; 'udp_dst': 6789; 'eth_type': 2048}),0,0,88
2,3,OFPMatch(oxm_fields={'ip_proto': 17; 'udp_src': 2152; 'udp_dst': 2152; 'eth_type': 2048}),0,0,88
3,3,OFPMatch(oxm_fields={'eth_dst': '00:00:00:00:00:01'; 'in_port': 2}),476,116512,89
4,3,OFPMatch(oxm_fields={'eth_dst': '00:00:00:00:00:03'; 'in_port': 3}),12605,831866,89
5,3,OFPMatch(oxm_fields={'eth_dst': '00:00:00:00:00:03'; 'in_port': 1}),518,58128,89
6,3,OFPMatch(oxm_fields={'eth_dst': '00:00:00:00:00:04'; 'in_port': 2}),12612,37446504,89
0,3,OFPMatch(oxm_fields={}),167,26742,89
1,3,OFPMatch(oxm_fields={'ip_proto': 17; 'udp_dst': 6789; 'eth_type': 2048}),0,0,89
2,3,OFPMatch(oxm_fields={'ip_proto': 17; 'udp_src': 2152; 'udp_dst': 2152; 'eth_type': 2048}),0,0,89
3,3,OFPMatch(oxm_fields={'eth_dst': '00:00:00:00:00:01'; 'in_port': 2}),476,116512,90
4,3,OFPMatch(oxm_fields={'eth_dst': '00:00:00:00:00:03'; 'in_port': 3}),13018,859124,90
5,3,OFPMatch(oxm_fields={'eth_dst': '00:00:00:00:00:03'; 'in_port': 1}),518,58128,90
6,3,OFPMatch(oxm_fields={'eth_dst': '00:00:00:00:00:04'; 'in_port': 2}),13026,38672772,90
0,3,OFPMatch(oxm_fields={}),167,26742,90
1,3,OFPMatch(oxm_fields={'ip_proto': 17; 'udp_dst': 6789; 'eth_type': 2048}),0,0,90
2,3,OFPMatch(oxm_fields={'ip_proto': 17; 'udp_src': 2152; 'udp_dst': 2152; 'eth_type': 2048}),0,0,90
3,3,OFPMatch(oxm_fields={'eth_dst': '00:00:00:00:00:01'; 'in_port': 2}),476,116512,91
4,3,OFPMatch(oxm_fields={'eth_dst': '00:00:00:00:00:03'; 'in_port': 3}),13226,872852,91
5,3,OFPMatch(oxm_fields={'eth_dst': '00:00:00:00:00:03'; 'in_port': 1}),518,58128,91
6,3,OFPMatch(oxm_fields={'eth_dst': '00:00:00:00:00:04'; 'in_port': 2}),13233,39285906,91
0,3,OFPMatch(oxm_fields={}),168,27084,91
1,3,OFPMatch(oxm_fields={'ip_proto': 17; 'udp_dst': 6789; 'eth_type': 2048}),0,0,91
2,3,OFPMatch(oxm_fields={'ip_proto': 17; 'udp_src': 2152; 'udp_dst': 2152; 'eth_type': 2048}),0,0,91
3,3,OFPMatch(oxm_fields={'eth_dst': '00:00:00:00:00:01'; 'in_port': 2}),476,116512,92
4,3,OFPMatch(oxm_fields={'eth_dst': '00:00:00:00:00:03'; 'in_port': 3}),13639,900110,92
5,3,OFPMatch(oxm_fields={'eth_dst': '00:00:00:00:00:03'; 'in_port': 1}),518,58128,92
6,3,OFPMatch(oxm_fields={'eth_dst': '00:00:00:00:00:04'; 'in_port': 2}),13647,40512174,92
0,3,OFPMatch(oxm_fields={}),168,27084,92
1,3,OFPMatch(oxm_fields={'ip_proto': 17; 'udp_dst': 6789; 'eth_type': 2048}),0,0,92
2,3,OFPMatch(oxm_fields={'ip_proto': 17; 'udp_src': 2152; 'udp_dst': 2152; 'eth_type': 2048}),0,0,92
3,3,OFPMatch(oxm_fields={'eth_dst': '00:00:00:00:00:01'; 'in_port': 2}),476,116512,93
4,3,OFPMatch(oxm_fields={'eth_dst': '00:00:00:00:00:03'; 'in_port': 3}),14052,927368,93
5,3,OFPMatch(oxm_fields={'eth_dst': '00:00:00:00:00:03'; 'in_port': 1}),518,58128,93
6,3,OFPMatch(oxm_fields={'eth_dst': '00:00:00:00:00:04'; 'in_port': 2}),14060,41735480,93
0,3,OFPMatch(oxm_fields={}),169,27426,93
1,3,OFPMatch(oxm_fields={'ip_proto': 17; 'udp_dst': 6789; 'eth_type': 2048}),0,0,93
2,3,OFPMatch(oxm_fields={'ip_proto': 17; 'udp_src': 2152; 'udp_dst': 2152; 'eth_type': 2048}),0,0,93
3,3,OFPMatch(oxm_fields={'eth_dst': '00:00:00:00:00:01'; 'in_port': 2}),476,116512,94
4,3,OFPMatch(oxm_fields={'eth_dst': '00:00:00:00:00:03'; 'in_port': 3}),14466,954692,94
5,3,OFPMatch(oxm_fields={'eth_dst': '00:00:00:00:00:03'; 'in_port': 1}),518,58128,94
6,3,OFPMatch(oxm_fields={'eth_dst': '00:00:00:00:00:04'; 'in_port': 2}),14473,42958786,94
0,3,OFPMatch(oxm_fields={}),169,27426,94
1,3,OFPMatch(oxm_fields={'ip_proto': 17; 'udp_dst': 6789; 'eth_type': 2048}),0,0,94
2,3,OFPMatch(oxm_fields={'ip_proto': 17; 'udp_src': 2152; 'udp_dst': 2152; 'eth_type': 2048}),0,0,94
3,3,OFPMatch(oxm_fields={'eth_dst': '00:00:00:00:00:01'; 'in_port': 2}),476,116512,95
4,3,OFPMatch(oxm_fields={'eth_dst': '00:00:00:00:00:03'; 'in_port': 3}),14880,982016,95
5,3,OFPMatch(oxm_fields={'eth_dst': '00:00:00:00:00:03'; 'in_port': 1}),518,58128,95
6,3,OFPMatch(oxm_fields={'eth_dst': '00:00:00:00:00:04'; 'in_port': 2}),14887,44185054,95
0,3,OFPMatch(oxm_fields={}),169,27426,95
1,3,OFPMatch(oxm_fields={'ip_proto': 17; 'udp_dst': 6789; 'eth_type': 2048}),0,0,95
2,3,OFPMatch(oxm_fields={'ip_proto': 17; 'udp_src': 2152; 'udp_dst': 2152; 'eth_type': 2048}),0,0,95
3,3,OFPMatch(oxm_fields={'eth_dst': '00:00:00:00:00:01'; 'in_port': 2}),476,116512,96
4,3,OFPMatch(oxm_fields={'eth_dst': '00:00:00:00:00:03'; 'in_port': 3}),15293,1009274,96
5,3,OFPMatch(oxm_fields={'eth_dst': '00:00:00:00:00:03'; 'in_port': 1}),518,58128,96
6,3,OFPMatch(oxm_fields={'eth_dst': '00:00:00:00:00:04'; 'in_port': 2}),15300,45408360,96
0,3,OFPMatch(oxm_fields={}),169,27426,96
1,3,OFPMatch(oxm_fields={'ip_proto': 17; 'udp_dst': 6789; 'eth_type': 2048}),0,0,96
2,3,OFPMatch(oxm_fields={'ip_proto': 17; 'udp_src': 2152; 'udp_dst': 2152; 'eth_type': 2048}),0,0,96
3,3,OFPMatch(oxm_fields={'eth_dst': '00:00:00:00:00:01'; 'in_port': 2}),476,116512,97
4,3,OFPMatch(oxm_fields={'eth_dst': '00:00:00:00:00:03'; 'in_port': 3}),15707,1036598,97
5,3,OFPMatch(oxm_fields={'eth_dst': '00:00:00:00:00:03'; 'in_port': 1}),518,58128,97
6,3,OFPMatch(oxm_fields={'eth_dst': '00:00:00:00:00:04'; 'in_port': 2}),15714,46634628,97
0,3,OFPMatch(oxm_fields={}),169,27426,97
1,3,OFPMatch(oxm_fields={'ip_proto': 17; 'udp_dst': 6789; 'eth_type': 2048}),0,0,97
2,3,OFPMatch(oxm_fields={'ip_proto': 17; 'udp_src': 2152; 'udp_dst': 2152; 'eth_type': 2048}),0,0,97
3,3,OFPMatch(oxm_fields={'eth_dst': '00:00:00:00:00:01'; 'in_port': 2}),476,116512,98
4,3,OFPMatch(oxm_fields={'eth_dst': '00:00:00:00:00:03'; 'in_port': 3}),16120,1063856,98
5,3,OFPMatch(oxm_fields={'eth_dst': '00:00:00:00:00:03'; 'in_port': 1}),518,58128,98
6,3,OFPMatch(oxm_fields={'eth_dst': '00:00:00:00:00:04'; 'in_port': 2}),16127,47857934,98
0,3,OFPMatch(oxm_fields={}),169,27426,98
1,3,OFPMatch(oxm_fields={'ip_proto': 17; 'udp_dst': 6789; 'eth_type': 2048}),0,0,98
2,3,OFPMatch(oxm_fields={'ip_proto': 17; 'udp_src': 2152; 'udp_dst': 2152; 'eth_type': 2048}),0,0,98
3,3,OFPMatch(oxm_fields={'eth_dst': '00:00:00:00:00:01'; 'in_port': 2}),476,116512,99
4,3,OFPMatch(oxm_fields={'eth_dst': '00:00:00:00:00:03'; 'in_port': 3}),16533,1091126,99
5,3,OFPMatch(oxm_fields={'eth_dst': '00:00:00:00:00:03'; 'in_port': 1}),518,58128,99
6,3,OFPMatch(oxm_fields={'eth_dst': '00:00:00:00:00:04'; 'in_port': 2}),16540,49081240,99
0,3,OFPMatch(oxm_fields={}),171,27646,99
1,3,OFPMatch(oxm_fields={'ip_proto': 17; 'udp_dst': 6789; 'eth_type': 2048}),0,0,99
2,3,OFPMatch(oxm_fields={'ip_proto': 17; 'udp_src': 2152; 'udp_dst': 2152; 'eth_type': 2048}),0,0,99
3,3,OFPMatch(oxm_fields={'eth_dst': '00:00:00:00:00:01'; 'in_port': 2}),476,116512,100
4,3,OFPMatch(oxm_fields={'eth_dst': '00:00:00