0,1,OFPMatch(oxm_fields={}),0,0,0
1,1,OFPMatch(oxm_fields={'ip_proto': 17; 'udp_dst': 6789; 'eth_type': 2048}),0,0,0
2,1,OFPMatch(oxm_fields={'ip_proto': 17; 'udp_src': 2152; 'udp_dst': 2152; 'eth_type': 2048}),0,0,0
0,1,OFPMatch(oxm_fields={}),26,2513,1
1,1,OFPMatch(oxm_fields={'ip_proto': 17; 'udp_dst': 6789; 'eth_type': 2048}),0,0,1
2,1,OFPMatch(oxm_fields={'ip_proto': 17; 'udp_src': 2152; 'udp_dst': 2152; 'eth_type': 2048}),0,0,1
0,1,OFPMatch(oxm_fields={}),49,5529,2
1,1,OFPMatch(oxm_fields={'ip_proto': 17; 'udp_dst': 6789; 'eth_type': 2048}),0,0,2
2,1,OFPMatch(oxm_fields={'ip_proto': 17; 'udp_src': 2152; 'udp_dst': 2152; 'eth_type': 2048}),0,0,2
0,1,OFPMatch(oxm_fields={}),64,8477,3
1,1,OFPMatch(oxm_fields={'ip_proto': 17; 'udp_dst': 6789; 'eth_type': 2048}),0,0,3
2,1,OFPMatch(oxm_fields={'ip_proto': 17; 'udp_src': 2152; 'udp_dst': 2152; 'eth_type': 2048}),0,0,3
0,1,OFPMatch(oxm_fields={}),66,8887,4
1,1,OFPMatch(oxm_fields={'ip_proto': 17; 'udp_dst': 6789; 'eth_type': 2048}),0,0,4
2,1,OFPMatch(oxm_fields={'ip_proto': 17; 'udp_src': 2152; 'udp_dst': 2152; 'eth_type': 2048}),0,0,4
0,1,OFPMatch(oxm_fields={}),75,10133,5
1,1,OFPMatch(oxm_fields={'ip_proto': 17; 'udp_dst': 6789; 'eth_type': 2048}),0,0,5
2,1,OFPMatch(oxm_fields={'ip_proto': 17; 'udp_src': 2152; 'udp_dst': 2152; 'eth_type': 2048}),0,0,5
0,1,OFPMatch(oxm_fields={}),82,11128,6
1,1,OFPMatch(oxm_fields={'ip_proto': 17; 'udp_dst': 6789; 'eth_type': 2048}),0,0,6
2,1,OFPMatch(oxm_fields={'ip_proto': 17; 'udp_src': 2152; 'udp_dst': 2152; 'eth_type': 2048}),0,0,6
0,1,OFPMatch(oxm_fields={}),82,11128,7
1,1,OFPMatch(oxm_fields={'ip_proto': 17; 'udp_dst': 6789; 'eth_type': 2048}),0,0,7
2,1,OFPMatch(oxm_fields={'ip_proto': 17; 'udp_src': 2152; 'udp_dst': 2152; 'eth_type': 2048}),0,0,7
0,1,OFPMatch(oxm_fields={}),83,11235,8
1,1,OFPMatch(oxm_fields={'ip_proto': 17; 'udp_dst': 6789; 'eth_type': 2048}),0,0,8
2,1,OFPMatch(oxm_fields={'ip_proto': 17; 'udp_src': 2152; 'udp_dst': 2152; 'eth_type': 2048}),0,0,8
0,1,OFPMatch(oxm_fields={}),89,11692,9
1,1,OFPMatch(oxm_fields={'ip_proto': 17; 'udp_dst': 6789; 'eth_type': 2048}),0,0,9
2,1,OFPMatch(oxm_fields={'ip_proto': 17; 'udp_src': 2152; 'udp_dst': 2152; 'eth_type': 2048}),0,0,9
0,1,OFPMatch(oxm_fields={}),95,12384,10
1,1,OFPMatch(oxm_fields={'ip_proto': 17; 'udp_dst': 6789; 'eth_type': 2048}),0,0,10
2,1,OFPMatch(oxm_fields={'ip_proto': 17; 'udp_src': 2152; 'udp_dst': 2152; 'eth_type': 2048}),0,0,10
0,1,OFPMatch(oxm_fields={}),95,12384,11
1,1,OFPMatch(oxm_fields={'ip_proto': 17; 'udp_dst': 6789; 'eth_type': 2048}),0,0,11
2,1,OFPMatch(oxm_fields={'ip_proto': 17; 'udp_src': 2152; 'udp_dst': 2152; 'eth_type': 2048}),0,0,11
0,1,OFPMatch(oxm_fields={}),95,12384,12
1,1,OFPMatch(oxm_fields={'ip_proto': 17; 'udp_dst': 6789; 'eth_type': 2048}),0,0,12
2,1,OFPMatch(oxm_fields={'ip_proto': 17; 'udp_src': 2152; 'udp_dst': 2152; 'eth_type': 2048}),0,0,12
0,1,OFPMatch(oxm_fields={}),96,12726,13
1,1,OFPMatch(oxm_fields={'ip_proto': 17; 'udp_dst': 6789; 'eth_type': 2048}),0,0,13
2,1,OFPMatch(oxm_fields={'ip_proto': 17; 'udp_src': 2152; 'udp_dst': 2152; 'eth_type': 2048}),0,0,13
0,1,OFPMatch(oxm_fields={}),96,12726,14
1,1,OFPMatch(oxm_fields={'ip_proto': 17; 'udp_dst': 6789; 'eth_type': 2048}),0,0,14
2,1,OFPMatch(oxm_fields={'ip_proto': 17; 'udp_src': 2152; 'udp_dst': 2152; 'eth_type': 2048}),0,0,14
0,1,OFPMatch(oxm_fields={}),96,12726,15
1,1,OFPMatch(oxm_fields={'ip_proto': 17; 'udp_dst': 6789; 'eth_type': 2048}),0,0,15
2,1,OFPMatch(oxm_fields={'ip_proto': 17; 'udp_src': 2152; 'udp_dst': 2152; 'eth_type': 2048}),0,0,15
0,1,OFPMatch(oxm_fields={}),97,12833,16
1,1,OFPMatch(oxm_fields={'ip_proto': 17; 'udp_dst': 6789; 'eth_type': 2048}),0,0,16
2,1,OFPMatch(oxm_fields={'ip_proto': 17; 'udp_src': 2152; 'udp_dst': 2152; 'eth_type': 2048}),0,0,16
0,1,OFPMatch(oxm_fields={}),98,12940,17
1,1,OFPMatch(oxm_fields={'ip_proto': 17; 'udp_dst': 6789; 'eth_type': 2048}),0,0,17
2,1,OFPMatch(oxm_fields={'ip_proto': 17; 'udp_src': 2152; 'udp_dst': 2152; 'eth_type': 2048}),0,0,17
0,1,OFPMatch(oxm_fields={}),98,12940,18
1,1,OFPMatch(oxm_fields={'ip_proto': 17; 'udp_dst': 6789; 'eth_type': 2048}),0,0,18
2,1,OFPMatch(oxm_fields={'ip_proto': 17; 'udp_src': 2152; 'udp_dst': 2152; 'eth_type': 2048}),0,0,18
0,1,OFPMatch(oxm_fields={}),99,13282,19
1,1,OFPMatch(oxm_fields={'ip_proto': 17; 'udp_dst': 6789; 'eth_type': 2048}),0,0,19
2,1,OFPMatch(oxm_fields={'ip_proto': 17; 'udp_src': 2152; 'udp_dst': 2152; 'eth_type': 2048}),0,0,19
0,1,OFPMatch(oxm_fields={}),99,13282,20
1,1,OFPMatch(oxm_fields={'ip_proto': 17; 'udp_dst': 6789; 'eth_type': 2048}),0,0,20
2,1,OFPMatch(oxm_fields={'ip_proto': 17; 'udp_src': 2152; 'udp_dst': 2152; 'eth_type': 2048}),0,0,20
0,1,OFPMatch(oxm_fields={}),99,13282,21
1,1,OFPMatch(oxm_fields={'ip_proto': 17; 'udp_dst': 6789; 'eth_type': 2048}),0,0,21
2,1,OFPMatch(oxm_fields={'ip_proto': 17; 'udp_src': 2152; 'udp_dst': 2152; 'eth_type': 2048}),0,0,21
0,1,OFPMatch(oxm_fields={}),99,13282,22
1,1,OFPMatch(oxm_fields={'ip_proto': 17; 'udp_dst': 6789; 'eth_type': 2048}),0,0,22
2,1,OFPMatch(oxm_fields={'ip_proto': 17; 'udp_src': 2152; 'udp_dst': 2152; 'eth_type': 2048}),0,0,22
0,1,OFPMatch(oxm_fields={}),99,13282,23
1,1,OFPMatch(oxm_fields={'ip_proto': 17; 'udp_dst': 6789; 'eth_type': 2048}),0,0,23
2,1,OFPMatch(oxm_fields={'ip_proto': 17; 'udp_src': 2152; 'udp_dst': 2152; 'eth_type': 2048}),0,0,23
0,1,OFPMatch(oxm_fields={}),99,13282,24
1,1,OFPMatch(oxm_fields={'ip_proto': 17; 'udp_dst': 6789; 'eth_type': 2048}),0,0,24
2,1,OFPMatch(oxm_fields={'ip_proto': 17; 'udp_src': 2152; 'udp_dst': 2152; 'eth_type': 2048}),0,0,24
0,1,OFPMatch(oxm_fields={}),99,13282,25
1,1,OFPMatch(oxm_fields={'ip_proto': 17; 'udp_dst': 6789; 'eth_type': 2048}),0,0,25
2,1,OFPMatch(oxm_fields={'ip_proto': 17; 'udp_src': 2152; 'udp_dst': 2152; 'eth_type': 2048}),0,0,25
0,1,OFPMatch(oxm_fields={}),99,13282,26
1,1,OFPMatch(oxm_fields={'ip_proto': 17; 'udp_dst': 6789; 'eth_type': 2048}),0,0,26
2,1,OFPMatch(oxm_fields={'ip_proto': 17; 'udp_src': 2152; 'udp_dst': 2152; 'eth_type': 2048}),0,0,26
0,1,OFPMatch(oxm_fields={}),100,13624,27
1,1,OFPMatch(oxm_fields={'ip_proto': 17; 'udp_dst': 6789; 'eth_type': 2048}),0,0,27
2,1,OFPMatch(oxm_fields={'ip_proto': 17; 'udp_src': 2152; 'udp_dst': 2152; 'eth_type': 2048}),0,0,27
0,1,OFPMatch(oxm_fields={}),100,13624,28
1,1,OFPMatch(oxm_fields={'ip_proto': 17; 'udp_dst': 6789; 'eth_type': 2048}),0,0,28
2,1,OFPMatch(oxm_fields={'ip_proto': 17; 'udp_src': 2152; 'udp_dst': 2152; 'eth_type': 2048}),0,0,28
0,1,OFPMatch(oxm_fields={}),100,13624,29
1,1,OFPMatch(oxm_fields={'ip_proto': 17; 'udp_dst': 6789; 'eth_type': 2048}),0,0,29
2,1,OFPMatch(oxm_fields={'ip_proto': 17; 'udp_src': 2152; 'udp_dst': 2152; 'eth_type': 2048}),0,0,29
0,1,OFPMatch(oxm_fields={}),100,13624,30
1,1,OFPMatch(oxm_fields={'ip_proto': 17; 'udp_dst': 6789; 'eth_type': 2048}),0,0,30
2,1,OFPMatch(oxm_fields={'ip_proto': 17; 'udp_src': 2152; 'udp_dst': 2152; 'eth_type': 2048}),0,0,30
0,1,OFPMatch(oxm_fields={}),101,13966,31
1,1,OFPMatch(oxm_fields={'ip_proto': 17; 'udp_dst': 6789; 'eth_type': 2048}),0,0,31
2,1,OFPMatch(oxm_fields={'ip_proto': 17; 'udp_src': 2152; 'udp_dst': 2152; 'eth_type': 2048}),0,0,31
0,1,OFPMatch(oxm_fields={}),102,14073,32
1,1,OFPMatch(oxm_fields={'ip_proto': 17; 'udp_dst': 6789; 'eth_type': 2048}),0,0,32
2,1,OFPMatch(oxm_fields={'ip_proto': 17; 'udp_src': 2152; 'udp_dst': 2152; 'eth_type': 2048}),0,0,32
0,1,OFPMatch(oxm_fields={}),103,14180,33
1,1,OFPMatch(oxm_fields={'ip_proto': 17; 'udp_dst': 6789; 'eth_type': 2048}),0,0,33
2,1,OFPMatch(oxm_fields={'ip_proto': 17; 'udp_src': 2152; 'udp_dst': 2152; 'eth_type': 2048}),0,0,33
0,1,OFPMatch(oxm_fields={}),103,14180,34
1,1,OFPMatch(oxm_fields={'ip_proto': 17; 'udp_dst': 6789; 'eth_type': 2048}),0,0,34
2,1,OFPMatch(oxm_fields={'ip_proto': 17; 'udp_src': 2152; 'udp_dst': 2152; 'eth_type': 2048}),0,0,34
0,1,OFPMatch(oxm_fields={}),103,14180,35
1,1,OFPMatch(oxm_fields={'ip_proto': 17; 'udp_dst': 6789; 'eth_type': 2048}),0,0,35
2,1,OFPMatch(oxm_fields={'ip_proto': 17; 'udp_src': 2152; 'udp_dst': 2152; 'eth_type': 2048}),0,0,35
0,1,OFPMatch(oxm_fields={}),103,14180,36
1,1,OFPMatch(oxm_fields={'ip_proto': 17; 'udp_dst': 6789; 'eth_type': 2048}),0,0,36
2,1,OFPMatch(oxm_fields={'ip_proto': 17; 'udp_src': 2152; 'udp_dst': 2152; 'eth_type': 2048}),0,0,36
0,1,OFPMatch(oxm_fields={}),103,14180,37
1,1,OFPMatch(oxm_fields={'ip_proto': 17; 'udp_dst': 6789; 'eth_type': 2048}),0,0,37
2,1,OFPMatch(oxm_fields={'ip_proto': 17; 'udp_src': 2152; 'udp_dst': 2152; 'eth_type': 2048}),0,0,37
0,1,OFPMatch(oxm_fields={}),104,14522,38
1,1,OFPMatch(oxm_fields={'ip_proto': 17; 'udp_dst': 6789; 'eth_type': 2048}),0,0,38
2,1,OFPMatch(oxm_fields={'ip_proto': 17; 'udp_src': 2152; 'udp_dst': 2152; 'eth_type': 2048}),0,0,38
0,1,OFPMatch(oxm_fields={}),104,14522,39
1,1,OFPMatch(oxm_fields={'ip_proto': 17; 'udp_dst': 6789; 'eth_type': 2048}),0,0,39
2,1,OFPMatch(oxm_fields={'ip_proto': 17; 'udp_src': 2152; 'udp_dst': 2152; 'eth_type': 2048}),0,0,39
0,1,OFPMatch(oxm_fields={}),104,14522,40
1,1,OFPMatch(oxm_fields={'ip_proto': 17; 'udp_dst': 6789; 'eth_type': 2048}),0,0,40
2,1,OFPMatch(oxm_fields={'ip_proto': 17; 'udp_src': 2152; 'udp_dst': 2152; 'eth_type': 2048}),0,0,40
0,1,OFPMatch(oxm_fields={}),104,14522,41
1,1,OFPMatch(oxm_fields={'ip_proto': 17; 'udp_dst': 6789; 'eth_type': 2048}),0,0,41
2,1,OFPMatch(oxm_fields={'ip_proto': 17; 'udp_src': 2152; 'udp_dst': 2152; 'eth_type': 2048}),0,0,41
0,1,OFPMatch(oxm_fields={}),105,14864,42
1,1,OFPMatch(oxm_fields={'ip_proto': 17; 'udp_dst': 6789; 'eth_type': 2048}),0,0,42
2,1,OFPMatch(oxm_fields={'ip_proto': 17; 'udp_src': 2152; 'udp_dst': 2152; 'eth_type': 2048}),0,0,42
0,1,OFPMatch(oxm_fields={}),105,14864,43
1,1,OFPMatch(oxm_fields={'ip_proto': 17; 'udp_dst': 6789; 'eth_type': 2048}),0,0,43
2,1,OFPMatch(oxm_fields={'ip_proto': 17; 'udp_src': 2152; 'udp_dst': 2152; 'eth_type': 2048}),0,0,43
0,1,OFPMatch(oxm_fields={}),105,14864,44
1,1,OFPMatch(oxm_fields={'ip_proto': 17; 'udp_dst': 6789; 'eth_type': 2048}),0,0,44
2,1,OFPMatch(oxm_fields={'ip_proto': 17; 'udp_src': 2152; 'udp_dst': 2152; 'eth_type': 2048}),0,0,44
0,1,OFPMatch(oxm_fields={}),105,14864,45
1,1,OFPMatch(oxm_fields={'ip_proto': 17; 'udp_dst': 6789; 'eth_type': 2048}),0,0,45
2,1,OFPMatch(oxm_fields={'ip_proto': 17; 'udp_src': 2152; 'udp_dst': 2152; 'eth_type': 2048}),0,0,45
0,1,OFPMatch(oxm_fields={}),105,14864,46
1,1,OFPMatch(oxm_fields={'ip_proto': 17; 'udp_dst': 6789; 'eth_type': 2048}),0,0,46
2,1,OFPMatch(oxm_fields={'ip_proto': 17; 'udp_src': 2152; 'udp_dst': 2152; 'eth_type': 2048}),0,0,46
0,1,OFPMatch(oxm_fields={}),105,14864,47
1,1,OFPMatch(oxm_fields={'ip_proto': 17; 'udp_dst': 6789; 'eth_type': 2048}),0,0,47
2,1,OFPMatch(oxm_fields={'ip_proto': 17; 'udp_src': 2152; 'udp_dst': 2152; 'eth_type': 2048}),0,0,47
0,1,OFPMatch(oxm_fields={}),105,14864,48
1,1,OFPMatch(oxm_fields={'ip_proto': 17; 'udp_dst': 6789; 'eth_type': 2048}),0,0,48
2,1,OFPMatch(oxm_fields={'ip_proto': 17; 'udp_src': 2152; 'udp_dst': 2152; 'eth_type': 2048}),0,0,48
0,1,OFPMatch(oxm_fields={}),105,14864,49
1,1,OFPMatch(oxm_fields={'ip_proto': 17; 'udp_dst': 6789; 'eth_type': 2048}),0,0,49
2,1,OFPMatch(oxm_fields={'ip_proto': 17; 'udp_src': 2152; 'udp_dst': 2152; 'eth_type': 2048}),0,0,49
0,1,OFPMatch(oxm_fields={}),113,16144,50
1,1,OFPMatch(oxm_fields={'ip_proto': 17; 'udp_dst': 6789; 'eth_type': 2048}),0,0,50
2,1,OFPMatch(oxm_fields={'ip_proto': 17; 'udp_src': 2152; 'udp_dst': 2152; 'eth_type': 2048}),0,0,50
0,1,OFPMatch(oxm_fields={}),130,18782,51
1,1,OFPMatch(oxm_fields={'ip_proto': 17; 'udp_dst': 6789; 'eth_type': 2048}),0,0,51
2,1,OFPMatch(oxm_fields={'ip_proto': 17; 'udp_src': 2152; 'udp_dst': 2152; 'eth_type': 2048}),0,0,51
0,1,OFPMatch(oxm_fields={}),139,20840,52
1,1,OFPMatch(oxm_fields={'ip_proto': 17; 'udp_dst': 6789; 'eth_type': 2048}),0,0,52
2,1,OFPMatch(oxm_fields={'ip_proto': 17; 'udp_src': 2152; 'udp_dst': 2152; 'eth_type': 2048}),0,0,52
0,1,OFPMatch(oxm_fields={}),143,22130,53
1,1,OFPMatch(oxm_fields={'ip_proto': 17; 'udp_dst': 6789; 'eth_type': 2048}),0,0,53
2,1,OFPMatch(oxm_fields={'ip_proto': 17; 'udp_src': 2152; 'udp_dst': 2152; 'eth_type': 2048}),0,0,53
0,1,OFPMatch(oxm_fields={}),145,22344,54
1,1,OFPMatch(oxm_fields={'ip_proto': 17; 'udp_dst': 6789; 'eth_type': 2048}),0,0,54
2,1,OFPMatch(oxm_fields={'ip_proto': 17; 'udp_src': 2152; 'udp_dst': 2152; 'eth_type': 2048}),0,0,54
0,1,OFPMatch(oxm_fields={}),151,23576,55
1,1,OFPMatch(oxm_fields={'ip_proto': 17; 'udp_dst': 6789; 'eth_type': 2048}),0,0,55
2,1,OFPMatch(oxm_fields={'ip_proto': 17; 'udp_src': 2152; 'udp_dst': 2152; 'eth_type': 2048}),0,0,55
0,1,OFPMatch(oxm_fields={}),151,23576,56
1,1,OFPMatch(oxm_fields={'ip_proto': 17; 'udp_dst': 6789; 'eth_type': 2048}),0,0,56
2,1,OFPMatch(oxm_fields={'ip_proto': 17; 'udp_src': 2152; 'udp_dst': 2152; 'eth_type': 2048}),0,0,56
0,1,OFPMatch(oxm_fields={}),151,23576,57
1,1,OFPMatch(oxm_fields={'ip_proto': 17; 'udp_dst': 6789; 'eth_type': 2048}),0,0,57
2,1,OFPMatch(oxm_fields={'ip_proto': 17; 'udp_src': 2152; 'udp_dst': 2152; 'eth_type': 2048}),0,0,57
0,1,OFPMatch(oxm_fields={}),154,24132,58
1,1,OFPMatch(oxm_fields={'ip_proto': 17; 'udp_dst': 6789; 'eth_type': 2048}),0,0,58
2,1,OFPMatch(oxm_fields={'ip_proto': 17; 'udp_src': 2152; 'udp_dst': 2152; 'eth_type': 2048}),0,0,58
3,1,OFPMatch(oxm_fields={'eth_dst': '00:00:00:00:00:03'; 'in_port': 3}),2,140,59
4,1,OFPMatch(oxm_fields={'eth_dst': '00:00:00:00:00:01'; 'in_port': 2}),2,116,59
5,1,OFPMatch(oxm_fields={'eth_dst': '00:00:00:00:00:02'; 'in_port': 3}),3,182,59
6,1,OFPMatch(oxm_fields={'eth_dst': '00:00:00:00:00:01'; 'in_port': 1}),3,330,59
0,1,OFPMatch(oxm_fields={}),163,24630,59
1,1,OFPMatch(oxm_fields={'ip_proto': 17; 'udp_dst': 6789; 'eth_type': 2048}),0,0,59
2,1,OFPMatch(oxm_fields={'ip_proto': 17; 'udp_src': 2152; 'udp_dst': 2152; 'eth_type': 2048}),0,0,59
3,1,OFPMatch(oxm_fields={'eth_dst': '00:00:00:00:00:03'; 'in_port': 3}),41,4722,60
4,1,OFPMatch(oxm_fields={'eth_dst': '00:00:00:00:00:01'; 'in_port': 2}),37,8698,60
5,1,OFPMatch(oxm_fields={'eth_dst': '00:00:00:00:00:02'; 'in_port': 3}),32,8886,60
6,1,OFPMatch(oxm_fields={'eth_dst': '00:00:00:00:00:01'; 'in_port': 1}),44,3960,60
0,1,OFPMatch(oxm_fields={}),164,24972,60
1,1,OFPMatch(oxm_fields={'ip_proto': 17; 'udp_dst': 6789; 'eth_type': 2048}),0,0,60
2,1,OFPMatch(oxm_fields={'ip_proto': 17; 'udp_src': 2152; 'udp_dst': 2152; 'eth_type': 2048}),0,0,60
3,1,OFPMatch(oxm_fields={'eth_dst': '00:00:00:00:00:03'; 'in_port': 3}),71,7962,61
4,1,OFPMatch(oxm_fields={'eth_dst': '00:00:00:00:00:01'; 'in_port': 2}),62,14828,61
5,1,OFPMatch(oxm_fields={'eth_dst': '00:00:00:00:00:02'; 'in_port': 3}),52,15056,61
6,1,OFPMatch(oxm_fields={'eth_dst': '00:00:00:00:00:01'; 'in_port': 1}),74,6600,61
0,1,OFPMatch(oxm_fields={}),164,24972,61
1,1,OFPMatch(oxm_fields={'ip_proto': 17; 'udp_dst': 6789; 'eth_type': 2048}),0,0,61
2,1,OFPMatch(oxm_fields={'ip_proto': 17; 'udp_src': 2152; 'udp_dst': 2152; 'eth_type': 2048}),0,0,61
3,1,OFPMatch(oxm_fields={'eth_dst': '00:00:00:00:00:03'; 'in_port': 3}),97,10938,62
4,1,OFPMatch(oxm_fields={'eth_dst': '00:00:00:00:00:01'; 'in_port': 2}),87,20958,62
5,1,OFPMatch(oxm_fields={'eth_dst': '00:00:00:00:00:02'; 'in_port': 3}),72,21226,62
6,1,OFPMatch(oxm_fields={'eth_dst': '00:00:00:00:00:01'; 'in_port': 1}),104,9240,62
0,1,OFPMatch(oxm_fields={}),164,24972,62
1,1,OFPMatch(oxm_fields={'ip_proto': 17; 'udp_dst': 6789; 'eth_type': 2048}),0,0,62
2,1,OFPMatch(oxm_fields={'ip_proto': 17; 'udp_src': 2152; 'udp_dst': 2152; 'eth_type': 2048}),0,0,62
3,1,OFPMatch(oxm_fields={'eth_dst': '00:00:00:00:00:03'; 'in_port': 3}),122,13848,63
4,1,OFPMatch(oxm_fields={'eth_dst': '00:00:00:00:00:01'; 'in_port': 2}),112,27088,63
5,1,OFPMatch(oxm_fields={'eth_dst': '00:00:00:00:00:02'; 'in_port': 3}),92,27396,63
6,1,OFPMatch(oxm_fields={'eth_dst': '00:00:00:00:00:01'; 'in_port': 1}),134,11880,63
0,1,OFPMatch(oxm_fields={}),165,25314,63
1,1,OFPMatch(oxm_fields={'ip_proto': 17; 'udp_dst': 6789; 'eth_type': 2048}),0,0,63
2,1,OFPMatch(oxm_fields={'ip_proto': 17; 'udp_src': 2152; 'udp_dst': 2152; 'eth_type': 2048}),0,0,63
3,1,OFPMatch(oxm_fields={'eth_dst': '00:00:00:00:00:03'; 'in_port': 3}),149,16890,64
4,1,OFPMatch(oxm_fields={'eth_dst': '00:00:00:00:00:01'; 'in_port': 2}),137,33218,64
5,1,OFPMatch(oxm_fields={'eth_dst': '00:00:00:00:00:02'; 'in_port': 3}),112,33566,64
6,1,OFPMatch(oxm_fields={'eth_dst': '00:00:00:00:00:01'; 'in_port': 1}),164,14520,64
0,1,OFPMatch(oxm_fields={}),165,25314,64
1,1,OFPMatch(oxm_fields={'ip_proto': 17; 'udp_dst': 6789; 'eth_type': 2048}),0,0,64
2,1,OFPMatch(oxm_fields={'ip_proto': 17; 'udp_src': 2152; 'udp_dst': 2152; 'eth_type': 2048}),0,0,64
3,1,OFPMatch(oxm_fields={'eth_dst': '00:00:00:00:00:03'; 'in_port': 3}),173,19490,65
4,1,OFPMatch(oxm_fields={'eth_dst': '00:00:00:00:00:01'; 'in_port': 2}),161,39274,65
5,1,OFPMatch(oxm_fields={'eth_dst': '00:00:00:00:00:02'; 'in_port': 3}),132,39736,65
6,1,OFPMatch(oxm_fields={'eth_dst': '00:00:00:00:00:01'; 'in_port': 1}),194,17160,65
0,1,OFPMatch(oxm_fields={}),165,25314,65
1,1,OFPMatch(oxm_fields={'ip_proto': 17; 'udp_dst': 6789; 'eth_type': 2048}),0,0,65
2,1,OFPMatch(oxm_fields={'ip_proto': 17; 'udp_src': 2152; 'udp_dst': 2152; 'eth_type': 2048}),0,0,65
3,1,OFPMatch(oxm_fields={'eth_dst': '00:00:00:00:00:03'; 'in_port': 3}),201,22598,66
4,1,OFPMatch(oxm_fields={'eth_dst': '00:00:00:00:00:01'; 'in_port': 2}),186,45404,66
5,1,OFPMatch(oxm_fields={'eth_dst': '00:00:00:00:00:02'; 'in_port': 3}),152,45906,66
6,1,OFPMatch(oxm_fields={'eth_dst': '00:00:00:00:00:01'; 'in_port': 1}),224,19800,66
0,1,OFPMatch(oxm_fields={}),167,25528,66
1,1,OFPMatch(oxm_fields={'ip_proto': 17; 'udp_dst': 6789; 'eth_type': 2048}),0,0,66
2,1,OFPMatch(oxm_fields={'ip_proto': 17; 'udp_src': 2152; 'udp_dst': 2152; 'eth_type': 2048}),0,0,66
3,1,OFPMatch(oxm_fields={'eth_dst': '00:00:00:00:00:03'; 'in_port': 3}),229,25706,67
4,1,OFPMatch(oxm_fields={'eth_dst': '00:00:00:00:00:01'; 'in_port': 2}),210,51468,67
5,1,OFPMatch(oxm_fields={'eth_dst': '00:00:00:00:00:02'; 'in_port': 3}),172,52076,67
6,1,OFPMatch(oxm_fields={'eth_dst': '00:00:00:00:00:01'; 'in_port': 1}),254,22440,67
0,1,OFPMatch(oxm_fields={}),167,25528,67
1,1,OFPMatch(oxm_fields={'ip_proto': 17; 'udp_dst': 6789; 'eth_type': 2048}),0,0,67
2,1,OFPMatch(oxm_fields={'ip_proto': 17; 'udp_src': 2152; 'udp_dst': 2152; 'eth_type': 2048}),0,0,67
3,1,OFPMatch(oxm_fields={'eth_dst': '00:00:00:00:00:03'; 'in_port': 3}),252,28476,68
4,1,OFPMatch(oxm_fields={'eth_dst': '00:00:00:00:00:01'; 'in_port': 2}),232,56512,68
5,1,OFPMatch(oxm_fields={'eth_dst': '00:00:00:00:00:02'; 'in_port': 3}),188,57012,68
6,1,OFPMatch(oxm_fields={'eth_dst': '00:00:00:00:00:01'; 'in_port': 1}),278,24552,68
0,1,OFPMatch(oxm_fields={}),168,25870,68
1,1,OFPMatch(oxm_fields={'ip_proto': 17; 'udp_dst': 6789; 'eth_type': 2048}),0,0,68
2,1,OFPMatch(oxm_fields={'ip_proto': 17; 'udp_src': 2152; 'udp_dst': 2152; 'eth_type': 2048}),0,0,68
3,1,OFPMatch(oxm_fields={'eth_dst': '00:00:00:00:00:03'; 'in_port': 3}),280,31584,69
4,1,OFPMatch(oxm_fields={'eth_dst': '00:00:00:00:00:01'; 'in_port': 2}),257,62642,69
5,1,OFPMatch(oxm_fields={'eth_dst': '00:00:00:00:00:02'; 'in_port': 3}),208,63182,69
6,1,OFPMatch(oxm_fields={'eth_dst': '00:00:00:00:00:01'; 'in_port': 1}),308,27192,69
0,1,OFPMatch(oxm_fields={}),168,25870,69
1,1,OFPMatch(oxm_fields={'ip_proto': 17; 'udp_dst': 6789; 'eth_type': 2048}),0,0,69
2,1,OFPMatch(oxm_fields={'ip_proto': 17; 'udp_src': 2152; 'udp_dst': 2152; 'eth_type': 2048}),0,0,69
3,1,OFPMatch(oxm_fields={'eth_dst': '00:00:00:00:00:03'; 'in_port': 3}),309,34758,70
4,1,OFPMatch(oxm_fields={'eth_dst': '00:00:00:00:00:01'; 'in_port': 2}),282,68772,70
5,1,OFPMatch(oxm_fields={'eth_dst': '00:00:00:00:00:02'; 'in_port': 3}),228,69352,70
6,1,OFPMatch(oxm_fields={'eth_dst': '00:00:00:00:00:01'; 'in_port': 1}),338,29832,70
0,1,OFPMatch(oxm_fields={}),168,25870,70
1,1,OFPMatch(oxm_fields={'ip_proto': 17; 'udp_dst': 6789; 'eth_type': 2048}),0,0,70
2,1,OFPMatch(oxm_fields={'ip_proto': 17; 'udp_src': 2152; 'udp_dst': 2152; 'eth_type': 2048}),0,0,70
3,1,OFPMatch(oxm_fields={'eth_dst': '00:00:00:00:00:03'; 'in_port': 3}),336,37800,71
4,1,OFPMatch(oxm_fields={'eth_dst': '00:00:00:00:00:01'; 'in_port': 2}),307,74902,71
5,1,OFPMatch(oxm_fields={'eth_dst': '00:00:00:00:00:02'; 'in_port': 3}),248,75522,71
6,1,OFPMatch(oxm_fields={'eth_dst': '00:00:00:00:00:01'; 'in_port': 1}),368,32472,71
0,1,OFPMatch(oxm_fields={}),169,26212,71
1,1,OFPMatch(oxm_fields={'ip_proto': 17; 'udp_dst': 6789; 'eth_type': 2048}),0,0,71
2,1,OFPMatch(oxm_fields={'ip_proto': 17; 'udp_src': 2152; 'udp_dst': 2152; 'eth_type': 2048}),0,0,71
3,1,OFPMatch(oxm_fields={'eth_dst': '00:00:00:00:00:03'; 'in_port': 3}),362,40776,72
4,1,OFPMatch(oxm_fields={'eth_dst': '00:00:00:00:00:01'; 'in_port': 2}),332,81032,72
5,1,OFPMatch(oxm_fields={'eth_dst': '00:00:00:00:00:02'; 'in_port': 3}),268,81692,72
6,1,OFPMatch(oxm_fields={'eth_dst': '00:00:00:00:00:01'; 'in_port': 1}),398,35112,72
0,1,OFPMatch(oxm_fields={}),169,26212,72
1,1,OFPMatch(oxm_fields={'ip_proto': 17; 'udp_dst': 6789; 'eth_type': 2048}),0,0,72
2,1,OFPMatch(oxm_fields={'ip_proto': 17; 'udp_src': 2152; 'udp_dst': 2152; 'eth_type': 2048}),0,0,72
3,1,OFPMatch(oxm_fields={'eth_dst': '00:00:00:00:00:03'; 'in_port': 3}),389,43818,73
4,1,OFPMatch(oxm_fields={'eth_dst': '00:00:00:00:00:01'; 'in_port': 2}),357,87162,73
5,1,OFPMatch(oxm_fields={'eth_dst': '00:00:00:00:00:02'; 'in_port': 3}),288,87862,73
6,1,OFPMatch(oxm_fields={'eth_dst': '00:00:00:00:00:01'; 'in_port': 1}),428,37752,73
0,1,OFPMatch(oxm_fields={}),169,26212,73
1,1,OFPMatch(oxm_fields={'ip_proto': 17; 'udp_dst': 6789; 'eth_type': 2048}),0,0,73
2,1,OFPMatch(oxm_fields={'ip_proto': 17; 'udp_src': 2152; 'udp_dst': 2152; 'eth_type': 2048}),0,0,73
3,1,OFPMatch(oxm_fields={'eth_dst': '00:00:00:00:00:03'; 'in_port': 3}),416,46860,74
4,1,OFPMatch(oxm_fields={'eth_dst': '00:00:00:00:00:01'; 'in_port': 2}),382,93292,74
5,1,OFPMatch(oxm_fields={'eth_dst': '00:00:00:00:00:02'; 'in_port': 3}),308,94032,74
6,1,OFPMatch(oxm_fields={'eth_dst': '00:00:00:00:00:01'; 'in_port': 1}),458,40392,74
0,1,OFPMatch(oxm_fields={}),169,26212,74
1,1,OFPMatch(oxm_fields={'ip_proto': 17; 'udp_dst': 6789; 'eth_type': 2048}),0,0,74
2,1,OFPMatch(oxm_fields={'ip_proto': 17; 'udp_src': 2152; 'udp_dst': 2152; 'eth_type': 2048}),0,0,74
3,1,OFPMatch(oxm_fields={'eth_dst': '00:00:00:00:00:03'; 'in_port': 3}),440,49460,75
4,1,OFPMatch(oxm_fields={'eth_dst': '00:00:00:00:00:01'; 'in_port': 2}),406,99348,75
5,1,OFPMatch(oxm_fields={'eth_dst': '00:00:00:00:00:02'; 'in_port': 3}),328,100202,75
6,1,OFPMatch(oxm_fields={'eth_dst': '00:00:00:00:00:01'; 'in_port': 1}),488,43032,75
0,1,OFPMatch(oxm_fields={}),169,26212,75
1,1,OFPMatch(oxm_fields={'ip_proto': 17; 'udp_dst': 6789; 'eth_type': 2048}),0,0,75
2,1,OFPMatch(oxm_fields={'ip_proto': 17; 'udp_src': 2152; 'udp_dst': 2152; 'eth_type': 2048}),0,0,75
3,1,OFPMatch(oxm_fields={'eth_dst': '00:00:00:00:00:03'; 'in_port': 3}),471,53010,76
4,1,OFPMatch(oxm_fields={'eth_dst': '00:00:00:00:00:01'; 'in_port': 2}),432,105552,76
5,1,OFPMatch(oxm_fields={'eth_dst': '00:00:00:00:00:02'; 'in_port': 3}),348,106372,76
6,1,OFPMatch(oxm_fields={'eth_dst': '00:00:00:00:00:01'; 'in_port': 1}),518,45672,76
0,1,OFPMatch(oxm_fields={}),169,26212,76
1,1,OFPMatch(oxm_fields={'ip_proto': 17; 'udp_dst': 6789; 'eth_type': 2048}),0,0,76
2,1,OFPMatch(oxm_fields={'ip_proto': 17; 'udp_src': 2152; 'udp_dst': 2152; 'eth_type': 2048}),0,0,76
3,1,OFPMatch(oxm_fields={'eth_dst': '00:00:00:00:00:03'; 'in_port': 3}),494,55544,77
4,1,OFPMatch(oxm_fields={'eth_dst': '00:00:00:00:00:01'; 'in_port': 2}),456,111608,77
5,1,OFPMatch(oxm_fields={'eth_dst': '00:00:00:00:00:02'; 'in_port': 3}),368,112542,77
6,1,OFPMatch(oxm_fields={'eth_dst': '00:00:00:00:00:01'; 'in_port': 1}),548,48312,77
0,1,OFPMatch(oxm_fields={}),170,26554,77
1,1,OFPMatch(oxm_fields={'ip_proto': 17; 'udp_dst': 6789; 'eth_type': 2048}),0,0,77
2,1,OFPMatch(oxm_fields={'ip_proto': 17; 'udp_src': 2152; 'udp_dst': 2152; 'eth_type': 2048}),0,0,77
3,1,OFPMatch(oxm_fields={'eth_dst': '00:00:00:00:00:03'; 'in_port': 3}),521,58578,78
4,1,OFPMatch(oxm_fields={'eth_dst': '00:00:00:00:00:01'; 'in_port': 2}),480,117672,78
5,1,OFPMatch(oxm_fields={'eth_dst': '00:00:00:00:00:02'; 'in_port': 3}),386,118572,78
6,1,OFPMatch(oxm_fields={'eth_dst': '00:00:00:00:00:01'; 'in_port': 1}),575,50622,78
0,1,OFPMatch(oxm_fields={}),170,26554,78
1,1,OFPMatch(oxm_fields={'ip_proto': 17; 'udp_dst': 6789; 'eth_type': 2048}),0,0,78
2,1,OFPMatch(oxm_fields={'ip_proto': 17; 'udp_src': 2152; 'udp_dst': 2152; 'eth_type': 2048}),0,0,78
3,1,OFPMatch(oxm_fields={'eth_dst': '00:00:00:00:00:03'; 'in_port': 3}),521,58578,79
4,1,OFPMatch(oxm_fields={'eth_dst': '00:00:00:00:00:01'; 'in_port': 2}),481,117738,79
5,1,OFPMatch(oxm_fields={'eth_dst': '00:00:00:00:00:02'; 'in_port': 3}),386,118572,79
6,1,OFPMatch(oxm_fields={'eth_dst': '00:00:00:00:00:01'; 'in_port': 1}),575,50622,79
0,1,OFPMatch(oxm_fields={}),170,26554,79
1,1,OFPMatch(oxm_fields={'ip_proto': 17; 'udp_dst': 6789; 'eth_type': 2048}),0,0,79
2,1,OFPMatch(oxm_fields={'ip_proto': 17; 'udp_src': 2152; 'udp_dst': 2152; 'eth_type': 2048}),0,0,79
3,1,OFPMatch(oxm_fields={'eth_dst': '00:00:00:00:00:03'; 'in_port': 3}),521,58578,80
4,1,OFPMatch(oxm_fields={'eth_dst': '00:00:00:00:00:01'; 'in_port': 2}),481,117738,80
5,1,OFPMatch(oxm_fields={'eth_dst': '00:00:00:00:00:02'; 'in_port': 3}),386,118572,80
6,1,OFPMatch(oxm_fields={'eth_dst': '00:00:00:00:00:01'; 'in_port': 1}),575,50622,80
0,1,OFPMatch(oxm_fields={}),170,26554,80
1,1,OFPMatch(oxm_fields={'ip_proto': 17; 'udp_dst': 6789; 'eth_type': 2048}),0,0,80
2,1,OFPMatch(oxm_fields={'ip_proto': 17; 'udp_src': 2152; 'udp_dst': 2152; 'eth_type': 2048}),0,0,80
3,1,OFPMatch(oxm_fields={'eth_dst': '00:00:00:00:00:03'; 'in_port': 3}),521,58578,81
4,1,OFPMatch(oxm_fields={'eth_dst': '00:00:00:00:00:01'; 'in_port': 2}),481,117738,81
5,1,OFPMatch(oxm_fields={'eth_dst': '00:00:00:00:00:02'; 'in_port': 3}),386,118572,81
6,1,OFPMatch(oxm_fields={'eth_dst': '00:00:00:00:00:01'; 'in_port': 1}),575,50622,81
0,1,OFPMatch(oxm_fields={}),170,26554,81
1,1,OFPMatch(oxm_fields={'ip_proto': 17; 'udp_dst': 6789; 'eth_type': 2048}),0,0,81
2,1,OFPMatch(oxm_fields={'ip_proto': 17; 'udp_src': 2152; 'udp_dst': 2152; 'eth_type': 2048}),0,0,81
3,1,OFPMatch(oxm_fields={'eth_dst': '00:00:00:00:00:03'; 'in_port': 3}),521,58578,82
4,1,OFPMatch(oxm_fields={'eth_dst': '00:00:00:00:00:01'; 'in_port': 2}),481,117738,82
5,1,OFPMatch(oxm_fields={'eth_dst': '00:00:00:00:00:02'; 'in_port': 3}),386,118572,82
6,1,OFPMatch(oxm_fields={'eth_dst': '00:00:00:00:00:01'; 'in_port': 1}),575,50622,82
0,1,OFPMatch(oxm_fields={}),172,26768,82
1,1,OFPMatch(oxm_fields={'ip_proto': 17; 'udp_dst': 6789; 'eth_type': 2048}),0,0,82
2,1,OFPMatch(oxm_fields={'ip_proto': 17; 'udp_src': 2152; 'udp_dst': 2152; 'eth_type': 2048}),0,0,82
3,1,OFPMatch(oxm_fields={'eth_dst': '00:00:00:00:00:03'; 'in_port': 3}),521,58578,83
4,1,OFPMatch(oxm_fields={'eth_dst': '00:00:00:00:00:01'; 'in_port': 2}),481,117738,83
5,1,OFPMatch(oxm_fields={'eth_dst': '00:00:00:00:00:02'; 'in_port': 3}),386,118572,83
6,1,OFPMatch(oxm_fields={'eth_dst': '00:00:00:00:00:01'; 'in_port': 1}),575,50622,83
0,1,OFPMatch(oxm_fields={}),172,26768,83
1,1,OFPMatch(oxm_fields={'ip_proto': 17; 'udp_dst': 6789; 'eth_type': 2048}),0,0,83
2,1,OFPMatch(oxm_fields={'ip_proto': 17; 'udp_src': 2152; 'udp_dst': 2152; 'eth_type': 2048}),0,0,83
3,1,OFPMatch(oxm_fields={'eth_dst': '00:00:00:00:00:03'; 'in_port': 3}),521,58578,84
4,1,OFPMatch(oxm_fields={'eth_dst': '00:00:00:00:00:01'; 'in_port': 2}),481,117738,84
5,1,OFPMatch(oxm_fields={'eth_dst': '00:00:00:00:00:02'; 'in_port': 3}),386,118572,84
6,1,OFPMatch(oxm_fields={'eth_dst': '00:00:00:00:00:01'; 'in_port': 1}),575,50622,84
0,1,OFPMatch(oxm_fields={}),172,26768,84
1,1,OFPMatch(oxm_fields={'ip_proto': 17; 'udp_dst': 6789; 'eth_type': 2048}),0,0,84
2,1,OFPMatch(oxm_fields={'ip_proto': 17; 'udp_src': 2152; 'udp_dst': 2152; 'eth_type': 2048}),0,0,84
3,1,OFPMatch(oxm_fields={'eth_dst': '00:00:00:00:00:03'; 'in_port': 3}),521,58578,85
4,1,OFPMatch(oxm_fields={'eth_dst': '00:00:00:00:00:01'; 'in_port': 2}),481,117738,85
5,1,OFPMatch(oxm_fields={'eth_dst': '00:00:00:00:00:02'; 'in_port': 3}),386,118572,85
6,1,OFPMatch(oxm_fields={'eth_dst': '00:00:00:00:00:01'; 'in_port': 1}),575,50622,85
0,1,OFPMatch(oxm_fields={}),172,26768,85
1,1,OFPMatch(oxm_fields={'ip_proto': 17; 'udp_dst': 6789; 'eth_type': 2048}),0,0,85
2,1,OFPMatch(oxm_fields={'ip_proto': 17; 'udp_src': 2152; 'udp_dst': 2152; 'eth_type': 2048}),0,0,85
3,1,OFPMatch(oxm_fields={'eth_dst': '00:00:00:00:00:03'; 'in_port': 3}),521,58578,86
4,1,OFPMatch(oxm_fields={'eth_dst': '00:00:00:00:00:01'; 'in_port': 2}),481,117738,86
5,1,OFPMatch(oxm_fields={'eth_dst': '00:00:00:00:00:02'; 'in_port': 3}),386,118572,86
6,1,OFPMatch(oxm_fields={'eth_dst': '00:00:00:00:00:01'; 'in_port': 1}),575,50622,86
0,1,OFPMatch(oxm_fields={}),172,26768,86
1,1,OFPMatch(oxm_fields={'ip_proto': 17; 'udp_dst': 6789; 'eth_type': 2048}),0,0,86
2,1,OFPMatch(oxm_fields={'ip_proto': 17; 'udp_src': 2152; 'udp_dst': 2152; 'eth_type': 2048}),0,0,86
3,1,OFPMatch(oxm_fields={'eth_dst': '00:00:00:00:00:03'; 'in_port': 3}),521,58578,87
4,1,OFPMatch(oxm_fields={'eth_dst': '00:00:00:00:00:01'; 'in_port': 2}),481,117738,87
5,1,OFPMatch(oxm_fields={'eth_dst': '00:00:00:00:00:02'; 'in_port': 3}),386,118572,87
6,1,OFPMatch(oxm_fields={'eth_dst': '00:00:00:00:00:01'; 'in_port': 1}),575,50622,87
0,1,OFPMatch(oxm_fields={}),173,27110,87
1,1,OFPMatch(oxm_fields={'ip_proto': 17; 'udp_dst': 6789; 'eth_type': 2048}),0,0,87
2,1,OFPMatch(oxm_fields={'ip_proto': 17; 'udp_src': 2152; 'udp_dst': 2152; 'eth_type': 2048}),0,0,87
3,1,OFPMatch(oxm_fields={'eth_dst': '00:00:00:00:00:03'; 'in_port': 3}),521,58578,88
4,1,OFPMatch(oxm_fields={'eth_dst': '00:00:00:00:00:01'; 'in_port': 2}),481,117738,88
5,1,OFPMatch(oxm_fields={'eth_dst': '00:00:00:00:00:02'; 'in_port': 3}),386,118572,88
6,1,OFPMatch(oxm_fields={'eth_dst': '00:00:00:00:00:01'; 'in_port': 1}),575,50622,88
0,1,OFPMatch(oxm_fields={}),173,27110,88
1,1,OFPMatch(oxm_fields={'ip_proto': 17; 'udp_dst': 6789; 'eth_type': 2048}),0,0,88
2,1,OFPMatch(oxm_fields={'ip_proto': 17; 'udp_src': 2152; 'udp_dst': 2152; 'eth_type': 2048}),0,0,88
3,1,OFPMatch(oxm_fields={'eth_dst': '00:00:00:00:00:03'; 'in_port': 3}),521,58578,89
4,1,OFPMatch(oxm_fields={'eth_dst': '00:00:00:00:00:01'; 'in_port': 2}),481,117738,89
5,1,OFPMatch(oxm_fields={'eth_dst': '00:00:00:00:00:02'; 'in_port': 3}),386,118572,89
6,1,OFPMatch(oxm_fields={'eth_dst': '00:00:00:00:00:01'; 'in_port': 1}),575,50622,89
0,1,OFPMatch(oxm_fields={}),173,27110,89
1,1,OFPMatch(oxm_fields={'ip_proto': 17; 'udp_dst': 6789; 'eth_type': 2048}),0,0,89
2,1,OFPMatch(oxm_fields={'ip_proto': 17; 'udp_src': 2152; 'udp_dst': 2152; 'eth_type': 2048}),0,0,89
3,1,OFPMatch(oxm_fields={'eth_dst': '00:00:00:00:00:03'; 'in_port': 3}),521,58578,90
4,1,OFPMatch(oxm_fields={'eth_dst': '00:00:00:00:00:01'; 'in_port': 2}),481,117738,90
5,1,OFPMatch(oxm_fields={'eth_dst': '00:00:00:00:00:02'; 'in_port': 3}),386,118572,90
6,1,OFPMatch(oxm_fields={'eth_dst': '00:00:00:00:00:01'; 'in_port': 1}),575,50622,90
0,1,OFPMatch(oxm_fields={}),173,27110,90
1,1,OFPMatch(oxm_fields={'ip_proto': 17; 'udp_dst': 6789; 'eth_type': 2048}),0,0,90
2,1,OFPMatch(oxm_fields={'ip_proto': 17; 'udp_src': 2152; 'udp_dst': 2152; 'eth_type': 2048}),0,0,90
3,1,OFPMatch(oxm_fields={'eth_dst': '00:00:00:00:00:03'; 'in_port': 3}),521,58578,91
4,1,OFPMatch(oxm_fields={'eth_dst': '00:00:00:00:00:01'; 'in_port': 2}),481,117738,91
5,1,OFPMatch(oxm_fields={'eth_dst': '00:00:00:00:00:02'; 'in_port': 3}),386,118572,91
6,1,OFPMatch(oxm_fields={'eth_dst': '00:00:00:00:00:01'; 'in_port': 1}),575,50622,91
0,1,OFPMatch(oxm_fields={}),173,27110,91
1,1,OFPMatch(oxm_fields={'ip_proto': 17; 'udp_dst': 6789; 'eth_type': 2048}),0,0,91
2,1,OFPMatch(oxm_fields={'ip_proto': 17; 'udp_src': 2152; 'udp_dst': 2152; 'eth_type': 2048}),0,0,91
3,1,OFPMatch(oxm_fields={'eth_dst': '00:00:00:00:00:03'; 'in_port': 3}),521,58578,92
4,1,OFPMatch(oxm_fields={'eth_dst': '00:00:00:00:00:01'; 'in_port': 2}),481,117738,92
5,1,OFPMatch(oxm_fields={'eth_dst': '00:00:00:00:00:02'; 'in_port': 3}),386,118572,92
6,1,OFPMatch(oxm_fields={'eth_dst': '00:00:00:00:00:01'; 'in_port': 1}),575,50622,92
0,1,OFPMatch(oxm_fields={}),173,27110,92
1,1,OFPMatch(oxm_fields={'ip_proto': 17; 'udp_dst': 6789; 'eth_type': 2048}),0,0,92
2,1,OFPMatch(oxm_fields={'ip_proto': 17; 'udp_src': 2152; 'udp_dst': 2152; 'eth_type': 2048}),0,0,92
3,1,OFPMatch(oxm_fields={'eth_dst': '00:00:00:00:00:03'; 'in_port': 3}),521,58578,93
4,1,OFPMatch(oxm_fields={'eth_dst': '00:00:00:00:00:01'; 'in_port': 2}),481,117738,93
5,1,OFPMatch(oxm_fields={'eth_dst': '00:00:00:00:00:02'; 'in_port': 3}),386,118572,93
6,1,OFPMatch(oxm_fields={'eth_dst': '00:00:00:00:00:01'; 'in_port': 1}),575,50622,93
0,1,OFPMatch(oxm_fields={}),173,27110,93
1,1,OFPMatch(oxm_fields={'ip_proto': 17; 'udp_dst': 6789; 'eth_type': 2048}),0,0,93
2,1,OFPMatch(oxm_fields={'ip_proto': 17; 'udp_src': 2152; 'udp_dst': 2152; 'eth_type': 2048}),0,0,93
3,1,OFPMatch(oxm_fields={'eth_dst': '00:00:00:00:00:03'; 'in_port': 3}),521,58578,94
4,1,OFPMatch(oxm_fields={'eth_dst': '00:00:00:00:00:01'; 'in_port': 2}),481,117738,94
5,1,OFPMatch(oxm_fields={'eth_dst': '00:00:00:00:00:02'; 'in_port': 3}),386,118572,94
6,1,OFPMatch(oxm_fields={'eth_dst': '00:00:00:00:00:01'; 'in_port': 1}),575,50622,94
0,1,OFPMatch(oxm_fields={}),173,27110,94
1,1,OFPMatch(oxm_fields={'ip_proto': 17; 'udp_dst': 6789; 'eth_type': 2048}),0,0,94
2,1,OFPMatch(oxm_fields={'ip_proto': 17; 'udp_src': 2152; 'udp_dst': 2152; 'eth_type': 2048}),0,0,94
3,1,OFPMatch(oxm_fields={'eth_dst': '00:00:00:00:00:03'; 'in_port': 3}),521,58578,95
4,1,OFPMatch(oxm_fields={'eth_dst': '00:00:00:00:00:01'; 'in_port': 2}),481,117738,95
5,1,OFPMatch(oxm_fields={'eth_dst': '00:00:00:00:00:02'; 'in_port': 3}),386,118572,95
6,1,OFPMatch(oxm_fields={'eth_dst': '00:00:00:00:00:01'; 'in_port': 1}),575,50622,95
0,1,OFPMatch(oxm_fields={}),173,27110,95
1,1,OFPMatch(oxm_fields={'ip_proto': 17; 'udp_dst': 6789; 'eth_type': 2048}),0,0,95
2,1,OFPMatch(oxm_fields={'ip_proto': 17; 'udp_src': 2152; 'udp_dst': 2152; 'eth_type': 2048}),0,0,95
3,1,OFPMatch(oxm_fields={'eth_dst': '00:00:00:00:00:03'; 'in_port': 3}),521,58578,96
4,1,OFPMatch(oxm_fields={'eth_dst': '00:00:00:00:00:01'; 'in_port': 2}),481,117738,96
5,1,OFPMatch(oxm_fields={'eth_dst': '00:00:00:00:00:02'; 'in_port': 3}),386,118572,96
6,1,OFPMatch(oxm_fields={'eth_dst': '00:00:00:00:00:01'; 'in_port': 1}),575,50622,96
0,1,OFPMatch(oxm_fields={}),173,27110,96
1,1,OFPMatch(oxm_fields={'ip_proto': 17; 'udp_dst': 6789; 'eth_type': 2048}),0,0,96
2,1,OFPMatch(oxm_fields={'ip_proto': 17; 'udp_src': 2152; 'udp_dst': 2152; 'eth_type': 2048}),0,0,96
3,1,OFPMatch(oxm_fields={'eth_dst': '00:00:00:00:00:03'; 'in_port': 3}),521,58578,97
4,1,OFPMatch(oxm_fields={'eth_dst': '00:00:00:00:00:01'; 'in_port': 2}),481,117738,97
5,1,OFPMatch(oxm_fields={'eth_dst': '00:00:00:00:00:02'; 'in_port': 3}),386,118572,97
6,1,OFPMatch(oxm_fields={'eth_dst': '00:00:00:00:00:01'; 'in_port': 1}),575,50622,97
0,1,OFPMatch(oxm_fields={}),173,27110,97
1,1,OFPMatch(oxm_fields={'ip_proto': 17; 'udp_dst': 6789; 'eth_type': 2048}),0,0,97
2,1,OFPMatch(oxm_fields={'ip_proto': 17; 'udp_src': 2152; 'udp_dst': 2152; 'eth_type': 2048}),0,0,97
3,1,OFPMatch(oxm_fields={'eth_dst': '00:00:00:00:00:03'; 'in_port': 3}),521,58578,98
4,1,OFPMatch(oxm_fields={'eth_dst': '00:00:00:00:00:01'; 'in_port': 2}),481,117738,98
5,1,OFPMatch(oxm_fields={'eth_dst': '00:00:00:00:00:02'; 'in_port': 3}),386,118572,98
6,1,OFPMatch(oxm_fields={'eth_dst': '00:00:00:00:00:01'; 'in_port': 1}),575,50622,98
0,1,OFPMatch(oxm_fields={}),173,27110,98
1,1,OFPMatch(oxm_fields={'ip_proto': 17; 'udp_dst': 6789; 'eth_type': 2048}),0,0,98
2,1,OFPMatch(oxm_fields={'ip_proto': 17; 'udp_src': 2152; 'udp_dst': 2152; 'eth_type': 2048}),0,0,98
3,1,OFPMatch(oxm_fields={'eth_dst': '00:00:00:00:00:03'; 'in_port': 3}),521,58578,99
4,1,OFPMatch(oxm_fields={'eth_dst': '00:00:00:00:00:01'; 'in_port': 2}),481,117738,99
5,1,OFPMatch(oxm_fields={'eth_dst': '00:00:00:00:00:02'; 'in_port': 3}),386,118572,99
6,1,OFPMatch(oxm_fields={'eth_dst': '00:00:00:00:00:01'; 'in_port': 1}),575,50622,99
0,1,OFPMatch(oxm_fields={}),177,28014,99
1,1,OFPMatch(oxm_fields={'ip_proto': 17; 'udp_dst': 6789; 'eth_type': 2048}),0,0,99
2,1,OFPMatch(oxm_fields={'ip_proto': 17; 'udp_src': 2152; 'udp_dst': 2152; 'eth_type': 2048}),0,0,99
3,1,OFPMatch(oxm_fields={'eth_dst': '00:00:00:00:00:03'; 'in_port': 3}),521,58578,100
4,1,OFPMatch(oxm_fields={'eth_dst': '00:00:00:00:00:01'; 'in_port': 2}),481,117738,100
5,1,OFPMatch(oxm_fields={'eth_dst': '00:00:00:00:00:02'; 'in_port': 3}),386,118572,100
6,1,OFPMatch(oxm_fields={'eth_dst': '00:00:00:00:00:01'; 'in_port': 1}),575,50622,100
0,1,OFPMatch(oxm_fields={}),18