0,1,OFPMatch(oxm_fields={}),0,0,0
1,1,OFPMatch(oxm_fields={'ip_proto': 17; 'udp_dst': 6789; 'eth_type': 2048}),0,0,0
2,1,OFPMatch(oxm_fields={'ip_proto': 17; 'udp_src': 2152; 'udp_dst': 2152; 'eth_type': 2048}),0,0,0
0,1,OFPMatch(oxm_fields={}),35,3782,1
1,1,OFPMatch(oxm_fields={'ip_proto': 17; 'udp_dst': 6789; 'eth_type': 2048}),0,0,1
2,1,OFPMatch(oxm_fields={'ip_proto': 17; 'udp_src': 2152; 'udp_dst': 2152; 'eth_type': 2048}),0,0,1
0,1,OFPMatch(oxm_fields={}),53,6997,2
1,1,OFPMatch(oxm_fields={'ip_proto': 17; 'udp_dst': 6789; 'eth_type': 2048}),0,0,2
2,1,OFPMatch(oxm_fields={'ip_proto': 17; 'udp_src': 2152; 'udp_dst': 2152; 'eth_type': 2048}),0,0,2
0,1,OFPMatch(oxm_fields={}),57,8120,3
1,1,OFPMatch(oxm_fields={'ip_proto': 17; 'udp_dst': 6789; 'eth_type': 2048}),0,0,3
2,1,OFPMatch(oxm_fields={'ip_proto': 17; 'udp_src': 2152; 'udp_dst': 2152; 'eth_type': 2048}),0,0,3
0,1,OFPMatch(oxm_fields={}),57,8120,4
1,1,OFPMatch(oxm_fields={'ip_proto': 17; 'udp_dst': 6789; 'eth_type': 2048}),0,0,4
2,1,OFPMatch(oxm_fields={'ip_proto': 17; 'udp_src': 2152; 'udp_dst': 2152; 'eth_type': 2048}),0,0,4
0,1,OFPMatch(oxm_fields={}),66,9170,5
1,1,OFPMatch(oxm_fields={'ip_proto': 17; 'udp_dst': 6789; 'eth_type': 2048}),0,0,5
2,1,OFPMatch(oxm_fields={'ip_proto': 17; 'udp_src': 2152; 'udp_dst': 2152; 'eth_type': 2048}),0,0,5
0,1,OFPMatch(oxm_fields={}),73,10126,6
1,1,OFPMatch(oxm_fields={'ip_proto': 17; 'udp_dst': 6789; 'eth_type': 2048}),0,0,6
2,1,OFPMatch(oxm_fields={'ip_proto': 17; 'udp_src': 2152; 'udp_dst': 2152; 'eth_type': 2048}),0,0,6
0,1,OFPMatch(oxm_fields={}),74,10468,7
1,1,OFPMatch(oxm_fields={'ip_proto': 17; 'udp_dst': 6789; 'eth_type': 2048}),0,0,7
2,1,OFPMatch(oxm_fields={'ip_proto': 17; 'udp_src': 2152; 'udp_dst': 2152; 'eth_type': 2048}),0,0,7
0,1,OFPMatch(oxm_fields={}),76,10682,8
1,1,OFPMatch(oxm_fields={'ip_proto': 17; 'udp_dst': 6789; 'eth_type': 2048}),0,0,8
2,1,OFPMatch(oxm_fields={'ip_proto': 17; 'udp_src': 2152; 'udp_dst': 2152; 'eth_type': 2048}),0,0,8
0,1,OFPMatch(oxm_fields={}),81,11032,9
1,1,OFPMatch(oxm_fields={'ip_proto': 17; 'udp_dst': 6789; 'eth_type': 2048}),0,0,9
2,1,OFPMatch(oxm_fields={'ip_proto': 17; 'udp_src': 2152; 'udp_dst': 2152; 'eth_type': 2048}),0,0,9
0,1,OFPMatch(oxm_fields={}),88,12066,10
1,1,OFPMatch(oxm_fields={'ip_proto': 17; 'udp_dst': 6789; 'eth_type': 2048}),0,0,10
2,1,OFPMatch(oxm_fields={'ip_proto': 17; 'udp_src': 2152; 'udp_dst': 2152; 'eth_type': 2048}),0,0,10
0,1,OFPMatch(oxm_fields={}),88,12066,11
1,1,OFPMatch(oxm_fields={'ip_proto': 17; 'udp_dst': 6789; 'eth_type': 2048}),0,0,11
2,1,OFPMatch(oxm_fields={'ip_proto': 17; 'udp_src': 2152; 'udp_dst': 2152; 'eth_type': 2048}),0,0,11
0,1,OFPMatch(oxm_fields={}),88,12066,12
1,1,OFPMatch(oxm_fields={'ip_proto': 17; 'udp_dst': 6789; 'eth_type': 2048}),0,0,12
2,1,OFPMatch(oxm_fields={'ip_proto': 17; 'udp_src': 2152; 'udp_dst': 2152; 'eth_type': 2048}),0,0,12
0,1,OFPMatch(oxm_fields={}),88,12066,13
1,1,OFPMatch(oxm_fields={'ip_proto': 17; 'udp_dst': 6789; 'eth_type': 2048}),0,0,13
2,1,OFPMatch(oxm_fields={'ip_proto': 17; 'udp_src': 2152; 'udp_dst': 2152; 'eth_type': 2048}),0,0,13
0,1,OFPMatch(oxm_fields={}),89,12408,14
1,1,OFPMatch(oxm_fields={'ip_proto': 17; 'udp_dst': 6789; 'eth_type': 2048}),0,0,14
2,1,OFPMatch(oxm_fields={'ip_proto': 17; 'udp_src': 2152; 'udp_dst': 2152; 'eth_type': 2048}),0,0,14
0,1,OFPMatch(oxm_fields={}),89,12408,15
1,1,OFPMatch(oxm_fields={'ip_proto': 17; 'udp_dst': 6789; 'eth_type': 2048}),0,0,15
2,1,OFPMatch(oxm_fields={'ip_proto': 17; 'udp_src': 2152; 'udp_dst': 2152; 'eth_type': 2048}),0,0,15
0,1,OFPMatch(oxm_fields={}),91,12622,16
1,1,OFPMatch(oxm_fields={'ip_proto': 17; 'udp_dst': 6789; 'eth_type': 2048}),0,0,16
2,1,OFPMatch(oxm_fields={'ip_proto': 17; 'udp_src': 2152; 'udp_dst': 2152; 'eth_type': 2048}),0,0,16
0,1,OFPMatch(oxm_fields={}),91,12622,17
1,1,OFPMatch(oxm_fields={'ip_proto': 17; 'udp_dst': 6789; 'eth_type': 2048}),0,0,17
2,1,OFPMatch(oxm_fields={'ip_proto': 17; 'udp_src': 2152; 'udp_dst': 2152; 'eth_type': 2048}),0,0,17
0,1,OFPMatch(oxm_fields={}),91,12622,18
1,1,OFPMatch(oxm_fields={'ip_proto': 17; 'udp_dst': 6789; 'eth_type': 2048}),0,0,18
2,1,OFPMatch(oxm_fields={'ip_proto': 17; 'udp_src': 2152; 'udp_dst': 2152; 'eth_type': 2048}),0,0,18
0,1,OFPMatch(oxm_fields={}),91,12622,19
1,1,OFPMatch(oxm_fields={'ip_proto': 17; 'udp_dst': 6789; 'eth_type': 2048}),0,0,19
2,1,OFPMatch(oxm_fields={'ip_proto': 17; 'udp_src': 2152; 'udp_dst': 2152; 'eth_type': 2048}),0,0,19
0,1,OFPMatch(oxm_fields={}),91,12622,20
1,1,OFPMatch(oxm_fields={'ip_proto': 17; 'udp_dst': 6789; 'eth_type': 2048}),0,0,20
2,1,OFPMatch(oxm_fields={'ip_proto': 17; 'udp_src': 2152; 'udp_dst': 2152; 'eth_type': 2048}),0,0,20
0,1,OFPMatch(oxm_fields={}),91,12622,21
1,1,OFPMatch(oxm_fields={'ip_proto': 17; 'udp_dst': 6789; 'eth_type': 2048}),0,0,21
2,1,OFPMatch(oxm_fields={'ip_proto': 17; 'udp_src': 2152; 'udp_dst': 2152; 'eth_type': 2048}),0,0,21
0,1,OFPMatch(oxm_fields={}),91,12622,22
1,1,OFPMatch(oxm_fields={'ip_proto': 17; 'udp_dst': 6789; 'eth_type': 2048}),0,0,22
2,1,OFPMatch(oxm_fields={'ip_proto': 17; 'udp_src': 2152; 'udp_dst': 2152; 'eth_type': 2048}),0,0,22
0,1,OFPMatch(oxm_fields={}),91,12622,23
1,1,OFPMatch(oxm_fields={'ip_proto': 17; 'udp_dst': 6789; 'eth_type': 2048}),0,0,23
2,1,OFPMatch(oxm_fields={'ip_proto': 17; 'udp_src': 2152; 'udp_dst': 2152; 'eth_type': 2048}),0,0,23
0,1,OFPMatch(oxm_fields={}),93,13306,24
1,1,OFPMatch(oxm_fields={'ip_proto': 17; 'udp_dst': 6789; 'eth_type': 2048}),0,0,24
2,1,OFPMatch(oxm_fields={'ip_proto': 17; 'udp_src': 2152; 'udp_dst': 2152; 'eth_type': 2048}),0,0,24
0,1,OFPMatch(oxm_fields={}),93,13306,25
1,1,OFPMatch(oxm_fields={'ip_proto': 17; 'udp_dst': 6789; 'eth_type': 2048}),0,0,25
2,1,OFPMatch(oxm_fields={'ip_proto': 17; 'udp_src': 2152; 'udp_dst': 2152; 'eth_type': 2048}),0,0,25
0,1,OFPMatch(oxm_fields={}),93,13306,26
1,1,OFPMatch(oxm_fields={'ip_proto': 17; 'udp_dst': 6789; 'eth_type': 2048}),0,0,26
2,1,OFPMatch(oxm_fields={'ip_proto': 17; 'udp_src': 2152; 'udp_dst': 2152; 'eth_type': 2048}),0,0,26
0,1,OFPMatch(oxm_fields={}),93,13306,27
1,1,OFPMatch(oxm_fields={'ip_proto': 17; 'udp_dst': 6789; 'eth_type': 2048}),0,0,27
2,1,OFPMatch(oxm_fields={'ip_proto': 17; 'udp_src': 2152; 'udp_dst': 2152; 'eth_type': 2048}),0,0,27
0,1,OFPMatch(oxm_fields={}),93,13306,28
1,1,OFPMatch(oxm_fields={'ip_proto': 17; 'udp_dst': 6789; 'eth_type': 2048}),0,0,28
2,1,OFPMatch(oxm_fields={'ip_proto': 17; 'udp_src': 2152; 'udp_dst': 2152; 'eth_type': 2048}),0,0,28
0,1,OFPMatch(oxm_fields={}),93,13306,29
1,1,OFPMatch(oxm_fields={'ip_proto': 17; 'udp_dst': 6789; 'eth_type': 2048}),0,0,29
2,1,OFPMatch(oxm_fields={'ip_proto': 17; 'udp_src': 2152; 'udp_dst': 2152; 'eth_type': 2048}),0,0,29
0,1,OFPMatch(oxm_fields={}),93,13306,30
1,1,OFPMatch(oxm_fields={'ip_proto': 17; 'udp_dst': 6789; 'eth_type': 2048}),0,0,30
2,1,OFPMatch(oxm_fields={'ip_proto': 17; 'udp_src': 2152; 'udp_dst': 2152; 'eth_type': 2048}),0,0,30
0,1,OFPMatch(oxm_fields={}),93,13306,31
1,1,OFPMatch(oxm_fields={'ip_proto': 17; 'udp_dst': 6789; 'eth_type': 2048}),0,0,31
2,1,OFPMatch(oxm_fields={'ip_proto': 17; 'udp_src': 2152; 'udp_dst': 2152; 'eth_type': 2048}),0,0,31
0,1,OFPMatch(oxm_fields={}),95,13520,32
1,1,OFPMatch(oxm_fields={'ip_proto': 17; 'udp_dst': 6789; 'eth_type': 2048}),0,0,32
2,1,OFPMatch(oxm_fields={'ip_proto': 17; 'udp_src': 2152; 'udp_dst': 2152; 'eth_type': 2048}),0,0,32
0,1,OFPMatch(oxm_fields={}),95,13520,33
1,1,OFPMatch(oxm_fields={'ip_proto': 17; 'udp_dst': 6789; 'eth_type': 2048}),0,0,33
2,1,OFPMatch(oxm_fields={'ip_proto': 17; 'udp_src': 2152; 'udp_dst': 2152; 'eth_type': 2048}),0,0,33
0,1,OFPMatch(oxm_fields={}),95,13520,34
1,1,OFPMatch(oxm_fields={'ip_proto': 17; 'udp_dst': 6789; 'eth_type': 2048}),0,0,34
2,1,OFPMatch(oxm_fields={'ip_proto': 17; 'udp_src': 2152; 'udp_dst': 2152; 'eth_type': 2048}),0,0,34
0,1,OFPMatch(oxm_fields={}),95,13520,35
1,1,OFPMatch(oxm_fields={'ip_proto': 17; 'udp_dst': 6789; 'eth_type': 2048}),0,0,35
2,1,OFPMatch(oxm_fields={'ip_proto': 17; 'udp_src': 2152; 'udp_dst': 2152; 'eth_type': 2048}),0,0,35
0,1,OFPMatch(oxm_fields={}),95,13520,36
1,1,OFPMatch(oxm_fields={'ip_proto': 17; 'udp_dst': 6789; 'eth_type': 2048}),0,0,36
2,1,OFPMatch(oxm_fields={'ip_proto': 17; 'udp_src': 2152; 'udp_dst': 2152; 'eth_type': 2048}),0,0,36
0,1,OFPMatch(oxm_fields={}),95,13520,37
1,1,OFPMatch(oxm_fields={'ip_proto': 17; 'udp_dst': 6789; 'eth_type': 2048}),0,0,37
2,1,OFPMatch(oxm_fields={'ip_proto': 17; 'udp_src': 2152; 'udp_dst': 2152; 'eth_type': 2048}),0,0,37
0,1,OFPMatch(oxm_fields={}),95,13520,38
1,1,OFPMatch(oxm_fields={'ip_proto': 17; 'udp_dst': 6789; 'eth_type': 2048}),0,0,38
2,1,OFPMatch(oxm_fields={'ip_proto': 17; 'udp_src': 2152; 'udp_dst': 2152; 'eth_type': 2048}),0,0,38
0,1,OFPMatch(oxm_fields={}),95,13520,39
1,1,OFPMatch(oxm_fields={'ip_proto': 17; 'udp_dst': 6789; 'eth_type': 2048}),0,0,39
2,1,OFPMatch(oxm_fields={'ip_proto': 17; 'udp_src': 2152; 'udp_dst': 2152; 'eth_type': 2048}),0,0,39
0,1,OFPMatch(oxm_fields={}),96,13862,40
1,1,OFPMatch(oxm_fields={'ip_proto': 17; 'udp_dst': 6789; 'eth_type': 2048}),0,0,40
2,1,OFPMatch(oxm_fields={'ip_proto': 17; 'udp_src': 2152; 'udp_dst': 2152; 'eth_type': 2048}),0,0,40
0,1,OFPMatch(oxm_fields={}),96,13862,41
1,1,OFPMatch(oxm_fields={'ip_proto': 17; 'udp_dst': 6789; 'eth_type': 2048}),0,0,41
2,1,OFPMatch(oxm_fields={'ip_proto': 17; 'udp_src': 2152; 'udp_dst': 2152; 'eth_type': 2048}),0,0,41
0,1,OFPMatch(oxm_fields={}),96,13862,42
1,1,OFPMatch(oxm_fields={'ip_proto': 17; 'udp_dst': 6789; 'eth_type': 2048}),0,0,42
2,1,OFPMatch(oxm_fields={'ip_proto': 17; 'udp_src': 2152; 'udp_dst': 2152; 'eth_type': 2048}),0,0,42
0,1,OFPMatch(oxm_fields={}),96,13862,43
1,1,OFPMatch(oxm_fields={'ip_proto': 17; 'udp_dst': 6789; 'eth_type': 2048}),0,0,43
2,1,OFPMatch(oxm_fields={'ip_proto': 17; 'udp_src': 2152; 'udp_dst': 2152; 'eth_type': 2048}),0,0,43
0,1,OFPMatch(oxm_fields={}),96,13862,44
1,1,OFPMatch(oxm_fields={'ip_proto': 17; 'udp_dst': 6789; 'eth_type': 2048}),0,0,44
2,1,OFPMatch(oxm_fields={'ip_proto': 17; 'udp_src': 2152; 'udp_dst': 2152; 'eth_type': 2048}),0,0,44
0,1,OFPMatch(oxm_fields={}),97,14204,45
1,1,OFPMatch(oxm_fields={'ip_proto': 17; 'udp_dst': 6789; 'eth_type': 2048}),0,0,45
2,1,OFPMatch(oxm_fields={'ip_proto': 17; 'udp_src': 2152; 'udp_dst': 2152; 'eth_type': 2048}),0,0,45
0,1,OFPMatch(oxm_fields={}),97,14204,46
1,1,OFPMatch(oxm_fields={'ip_proto': 17; 'udp_dst': 6789; 'eth_type': 2048}),0,0,46
2,1,OFPMatch(oxm_fields={'ip_proto': 17; 'udp_src': 2152; 'udp_dst': 2152; 'eth_type': 2048}),0,0,46
0,1,OFPMatch(oxm_fields={}),97,14204,47
1,1,OFPMatch(oxm_fields={'ip_proto': 17; 'udp_dst': 6789; 'eth_type': 2048}),0,0,47
2,1,OFPMatch(oxm_fields={'ip_proto': 17; 'udp_src': 2152; 'udp_dst': 2152; 'eth_type': 2048}),0,0,47
0,1,OFPMatch(oxm_fields={}),97,14204,48
1,1,OFPMatch(oxm_fields={'ip_proto': 17; 'udp_dst': 6789; 'eth_type': 2048}),0,0,48
2,1,OFPMatch(oxm_fields={'ip_proto': 17; 'udp_src': 2152; 'udp_dst': 2152; 'eth_type': 2048}),0,0,48
0,1,OFPMatch(oxm_fields={}),99,14424,49
1,1,OFPMatch(oxm_fields={'ip_proto': 17; 'udp_dst': 6789; 'eth_type': 2048}),0,0,49
2,1,OFPMatch(oxm_fields={'ip_proto': 17; 'udp_src': 2152; 'udp_dst': 2152; 'eth_type': 2048}),0,0,49
0,1,OFPMatch(oxm_fields={}),105,15484,50
1,1,OFPMatch(oxm_fields={'ip_proto': 17; 'udp_dst': 6789; 'eth_type': 2048}),0,0,50
2,1,OFPMatch(oxm_fields={'ip_proto': 17; 'udp_src': 2152; 'udp_dst': 2152; 'eth_type': 2048}),0,0,50
0,1,OFPMatch(oxm_fields={}),122,18335,51
1,1,OFPMatch(oxm_fields={'ip_proto': 17; 'udp_dst': 6789; 'eth_type': 2048}),0,0,51
2,1,OFPMatch(oxm_fields={'ip_proto': 17; 'udp_src': 2152; 'udp_dst': 2152; 'eth_type': 2048}),0,0,51
0,1,OFPMatch(oxm_fields={}),133,20689,52
1,1,OFPMatch(oxm_fields={'ip_proto': 17; 'udp_dst': 6789; 'eth_type': 2048}),0,0,52
2,1,OFPMatch(oxm_fields={'ip_proto': 17; 'udp_src': 2152; 'udp_dst': 2152; 'eth_type': 2048}),0,0,52
0,1,OFPMatch(oxm_fields={}),135,21334,53
1,1,OFPMatch(oxm_fields={'ip_proto': 17; 'udp_dst': 6789; 'eth_type': 2048}),0,0,53
2,1,OFPMatch(oxm_fields={'ip_proto': 17; 'udp_src': 2152; 'udp_dst': 2152; 'eth_type': 2048}),0,0,53
0,1,OFPMatch(oxm_fields={}),139,22034,54
1,1,OFPMatch(oxm_fields={'ip_proto': 17; 'udp_dst': 6789; 'eth_type': 2048}),0,0,54
2,1,OFPMatch(oxm_fields={'ip_proto': 17; 'udp_src': 2152; 'udp_dst': 2152; 'eth_type': 2048}),0,0,54
0,1,OFPMatch(oxm_fields={}),143,22780,55
1,1,OFPMatch(oxm_fields={'ip_proto': 17; 'udp_dst': 6789; 'eth_type': 2048}),0,0,55
2,1,OFPMatch(oxm_fields={'ip_proto': 17; 'udp_src': 2152; 'udp_dst': 2152; 'eth_type': 2048}),0,0,55
0,1,OFPMatch(oxm_fields={}),143,22780,56
1,1,OFPMatch(oxm_fields={'ip_proto': 17; 'udp_dst': 6789; 'eth_type': 2048}),0,0,56
2,1,OFPMatch(oxm_fields={'ip_proto': 17; 'udp_src': 2152; 'udp_dst': 2152; 'eth_type': 2048}),0,0,56
0,1,OFPMatch(oxm_fields={}),143,22780,57
1,1,OFPMatch(oxm_fields={'ip_proto': 17; 'udp_dst': 6789; 'eth_type': 2048}),0,0,57
2,1,OFPMatch(oxm_fields={'ip_proto': 17; 'udp_src': 2152; 'udp_dst': 2152; 'eth_type': 2048}),0,0,57
0,1,OFPMatch(oxm_fields={}),146,23336,58
1,1,OFPMatch(oxm_fields={'ip_proto': 17; 'udp_dst': 6789; 'eth_type': 2048}),0,0,58
2,1,OFPMatch(oxm_fields={'ip_proto': 17; 'udp_src': 2152; 'udp_dst': 2152; 'eth_type': 2048}),0,0,58
3,1,OFPMatch(oxm_fields={'eth_dst': '00:00:00:00:00:03'; 'in_port': 3}),2,140,59
4,1,OFPMatch(oxm_fields={'eth_dst': '00:00:00:00:00:01'; 'in_port': 2}),2,116,59
5,1,OFPMatch(oxm_fields={'eth_dst': '00:00:00:00:00:02'; 'in_port': 3}),3,182,59
6,1,OFPMatch(oxm_fields={'eth_dst': '00:00:00:00:00:01'; 'in_port': 1}),3,330,59
0,1,OFPMatch(oxm_fields={}),155,23834,59
1,1,OFPMatch(oxm_fields={'ip_proto': 17; 'udp_dst': 6789; 'eth_type': 2048}),0,0,59
2,1,OFPMatch(oxm_fields={'ip_proto': 17; 'udp_src': 2152; 'udp_dst': 2152; 'eth_type': 2048}),0,0,59
3,1,OFPMatch(oxm_fields={'eth_dst': '00:00:00:00:00:03'; 'in_port': 3}),48,5192,60
4,1,OFPMatch(oxm_fields={'eth_dst': '00:00:00:00:00:01'; 'in_port': 2}),40,9784,60
5,1,OFPMatch(oxm_fields={'eth_dst': '00:00:00:00:00:02'; 'in_port': 3}),35,10054,60
6,1,OFPMatch(oxm_fields={'eth_dst': '00:00:00:00:00:01'; 'in_port': 1}),51,4554,60
0,1,OFPMatch(oxm_fields={}),155,23834,60
1,1,OFPMatch(oxm_fields={'ip_proto': 17; 'udp_dst': 6789; 'eth_type': 2048}),0,0,60
2,1,OFPMatch(oxm_fields={'ip_proto': 17; 'udp_src': 2152; 'udp_dst': 2152; 'eth_type': 2048}),0,0,60
3,1,OFPMatch(oxm_fields={'eth_dst': '00:00:00:00:00:03'; 'in_port': 3}),75,8234,61
4,1,OFPMatch(oxm_fields={'eth_dst': '00:00:00:00:00:01'; 'in_port': 2}),65,15914,61
5,1,OFPMatch(oxm_fields={'eth_dst': '00:00:00:00:00:02'; 'in_port': 3}),55,16224,61
6,1,OFPMatch(oxm_fields={'eth_dst': '00:00:00:00:00:01'; 'in_port': 1}),81,7194,61
0,1,OFPMatch(oxm_fields={}),156,24176,61
1,1,OFPMatch(oxm_fields={'ip_proto': 17; 'udp_dst': 6789; 'eth_type': 2048}),0,0,61
2,1,OFPMatch(oxm_fields={'ip_proto': 17; 'udp_src': 2152; 'udp_dst': 2152; 'eth_type': 2048}),0,0,61
3,1,OFPMatch(oxm_fields={'eth_dst': '00:00:00:00:00:03'; 'in_port': 3}),104,11408,62
4,1,OFPMatch(oxm_fields={'eth_dst': '00:00:00:00:00:01'; 'in_port': 2}),90,22044,62
5,1,OFPMatch(oxm_fields={'eth_dst': '00:00:00:00:00:02'; 'in_port': 3}),75,22394,62
6,1,OFPMatch(oxm_fields={'eth_dst': '00:00:00:00:00:01'; 'in_port': 1}),111,9834,62
0,1,OFPMatch(oxm_fields={}),156,24176,62
1,1,OFPMatch(oxm_fields={'ip_proto': 17; 'udp_dst': 6789; 'eth_type': 2048}),0,0,62
2,1,OFPMatch(oxm_fields={'ip_proto': 17; 'udp_src': 2152; 'udp_dst': 2152; 'eth_type': 2048}),0,0,62
3,1,OFPMatch(oxm_fields={'eth_dst': '00:00:00:00:00:03'; 'in_port': 3}),132,14516,63
4,1,OFPMatch(oxm_fields={'eth_dst': '00:00:00:00:00:01'; 'in_port': 2}),115,28174,63
5,1,OFPMatch(oxm_fields={'eth_dst': '00:00:00:00:00:02'; 'in_port': 3}),95,28564,63
6,1,OFPMatch(oxm_fields={'eth_dst': '00:00:00:00:00:01'; 'in_port': 1}),141,12474,63
0,1,OFPMatch(oxm_fields={}),156,24176,63
1,1,OFPMatch(oxm_fields={'ip_proto': 17; 'udp_dst': 6789; 'eth_type': 2048}),0,0,63
2,1,OFPMatch(oxm_fields={'ip_proto': 17; 'udp_src': 2152; 'udp_dst': 2152; 'eth_type': 2048}),0,0,63
3,1,OFPMatch(oxm_fields={'eth_dst': '00:00:00:00:00:03'; 'in_port': 3}),160,17624,64
4,1,OFPMatch(oxm_fields={'eth_dst': '00:00:00:00:00:01'; 'in_port': 2}),140,34304,64
5,1,OFPMatch(oxm_fields={'eth_dst': '00:00:00:00:00:02'; 'in_port': 3}),116,34800,64
6,1,OFPMatch(oxm_fields={'eth_dst': '00:00:00:00:00:01'; 'in_port': 1}),170,15048,64
0,1,OFPMatch(oxm_fields={}),156,24176,64
1,1,OFPMatch(oxm_fields={'ip_proto': 17; 'udp_dst': 6789; 'eth_type': 2048}),0,0,64
2,1,OFPMatch(oxm_fields={'ip_proto': 17; 'udp_src': 2152; 'udp_dst': 2152; 'eth_type': 2048}),0,0,64
3,1,OFPMatch(oxm_fields={'eth_dst': '00:00:00:00:00:03'; 'in_port': 3}),186,20600,65
4,1,OFPMatch(oxm_fields={'eth_dst': '00:00:00:00:00:01'; 'in_port': 2}),165,40434,65
5,1,OFPMatch(oxm_fields={'eth_dst': '00:00:00:00:00:02'; 'in_port': 3}),136,40970,65
6,1,OFPMatch(oxm_fields={'eth_dst': '00:00:00:00:00:01'; 'in_port': 1}),200,17688,65
0,1,OFPMatch(oxm_fields={}),156,24176,65
1,1,OFPMatch(oxm_fields={'ip_proto': 17; 'udp_dst': 6789; 'eth_type': 2048}),0,0,65
2,1,OFPMatch(oxm_fields={'ip_proto': 17; 'udp_src': 2152; 'udp_dst': 2152; 'eth_type': 2048}),0,0,65
3,1,OFPMatch(oxm_fields={'eth_dst': '00:00:00:00:00:03'; 'in_port': 3}),210,23436,66
4,1,OFPMatch(oxm_fields={'eth_dst': '00:00:00:00:00:01'; 'in_port': 2}),187,45478,66
5,1,OFPMatch(oxm_fields={'eth_dst': '00:00:00:00:00:02'; 'in_port': 3}),152,45906,66
6,1,OFPMatch(oxm_fields={'eth_dst': '00:00:00:00:00:01'; 'in_port': 1}),224,19800,66
0,1,OFPMatch(oxm_fields={}),158,24390,66
1,1,OFPMatch(oxm_fields={'ip_proto': 17; 'udp_dst': 6789; 'eth_type': 2048}),0,0,66
2,1,OFPMatch(oxm_fields={'ip_proto': 17; 'udp_src': 2152; 'udp_dst': 2152; 'eth_type': 2048}),0,0,66
3,1,OFPMatch(oxm_fields={'eth_dst': '00:00:00:00:00:03'; 'in_port': 3}),242,26808,67
4,1,OFPMatch(oxm_fields={'eth_dst': '00:00:00:00:00:01'; 'in_port': 2}),215,52694,67
5,1,OFPMatch(oxm_fields={'eth_dst': '00:00:00:00:00:02'; 'in_port': 3}),176,53310,67
6,1,OFPMatch(oxm_fields={'eth_dst': '00:00:00:00:00:01'; 'in_port': 1}),260,22968,67
0,1,OFPMatch(oxm_fields={}),158,24390,67
1,1,OFPMatch(oxm_fields={'ip_proto': 17; 'udp_dst': 6789; 'eth_type': 2048}),0,0,67
2,1,OFPMatch(oxm_fields={'ip_proto': 17; 'udp_src': 2152; 'udp_dst': 2152; 'eth_type': 2048}),0,0,67
3,1,OFPMatch(oxm_fields={'eth_dst': '00:00:00:00:00:03'; 'in_port': 3}),269,29850,68
4,1,OFPMatch(oxm_fields={'eth_dst': '00:00:00:00:00:01'; 'in_port': 2}),240,58824,68
5,1,OFPMatch(oxm_fields={'eth_dst': '00:00:00:00:00:02'; 'in_port': 3}),196,59480,68
6,1,OFPMatch(oxm_fields={'eth_dst': '00:00:00:00:00:01'; 'in_port': 1}),290,25608,68
0,1,OFPMatch(oxm_fields={}),158,24390,68
1,1,OFPMatch(oxm_fields={'ip_proto': 17; 'udp_dst': 6789; 'eth_type': 2048}),0,0,68
2,1,OFPMatch(oxm_fields={'ip_proto': 17; 'udp_src': 2152; 'udp_dst': 2152; 'eth_type': 2048}),0,0,68
3,1,OFPMatch(oxm_fields={'eth_dst': '00:00:00:00:00:03'; 'in_port': 3}),298,33024,69
4,1,OFPMatch(oxm_fields={'eth_dst': '00:00:00:00:00:01'; 'in_port': 2}),265,64954,69
5,1,OFPMatch(oxm_fields={'eth_dst': '00:00:00:00:00:02'; 'in_port': 3}),216,65650,69
6,1,OFPMatch(oxm_fields={'eth_dst': '00:00:00:00:00:01'; 'in_port': 1}),320,28248,69
0,1,OFPMatch(oxm_fields={}),158,24390,69
1,1,OFPMatch(oxm_fields={'ip_proto': 17; 'udp_dst': 6789; 'eth_type': 2048}),0,0,69
2,1,OFPMatch(oxm_fields={'ip_proto': 17; 'udp_src': 2152; 'udp_dst': 2152; 'eth_type': 2048}),0,0,69
3,1,OFPMatch(oxm_fields={'eth_dst': '00:00:00:00:00:03'; 'in_port': 3}),323,35934,70
4,1,OFPMatch(oxm_fields={'eth_dst': '00:00:00:00:00:01'; 'in_port': 2}),287,69998,70
5,1,OFPMatch(oxm_fields={'eth_dst': '00:00:00:00:00:02'; 'in_port': 3}),232,70586,70
6,1,OFPMatch(oxm_fields={'eth_dst': '00:00:00:00:00:01'; 'in_port': 1}),344,30360,70
0,1,OFPMatch(oxm_fields={}),158,24390,70
1,1,OFPMatch(oxm_fields={'ip_proto': 17; 'udp_dst': 6789; 'eth_type': 2048}),0,0,70
2,1,OFPMatch(oxm_fields={'ip_proto': 17; 'udp_src': 2152; 'udp_dst': 2152; 'eth_type': 2048}),0,0,70
3,1,OFPMatch(oxm_fields={'eth_dst': '00:00:00:00:00:03'; 'in_port': 3}),350,38976,71
4,1,OFPMatch(oxm_fields={'eth_dst': '00:00:00:00:00:01'; 'in_port': 2}),312,76128,71
5,1,OFPMatch(oxm_fields={'eth_dst': '00:00:00:00:00:02'; 'in_port': 3}),252,76756,71
6,1,OFPMatch(oxm_fields={'eth_dst': '00:00:00:00:00:01'; 'in_port': 1}),374,33000,71
0,1,OFPMatch(oxm_fields={}),158,24390,71
1,1,OFPMatch(oxm_fields={'ip_proto': 17; 'udp_dst': 6789; 'eth_type': 2048}),0,0,71
2,1,OFPMatch(oxm_fields={'ip_proto': 17; 'udp_src': 2152; 'udp_dst': 2152; 'eth_type': 2048}),0,0,71
3,1,OFPMatch(oxm_fields={'eth_dst': '00:00:00:00:00:03'; 'in_port': 3}),379,42150,72
4,1,OFPMatch(oxm_fields={'eth_dst': '00:00:00:00:00:01'; 'in_port': 2}),337,82258,72
5,1,OFPMatch(oxm_fields={'eth_dst': '00:00:00:00:00:02'; 'in_port': 3}),272,82926,72
6,1,OFPMatch(oxm_fields={'eth_dst': '00:00:00:00:00:01'; 'in_port': 1}),404,35640,72
0,1,OFPMatch(oxm_fields={}),158,24390,72
1,1,OFPMatch(oxm_fields={'ip_proto': 17; 'udp_dst': 6789; 'eth_type': 2048}),0,0,72
2,1,OFPMatch(oxm_fields={'ip_proto': 17; 'udp_src': 2152; 'udp_dst': 2152; 'eth_type': 2048}),0,0,72
3,1,OFPMatch(oxm_fields={'eth_dst': '00:00:00:00:00:03'; 'in_port': 3}),407,45258,73
4,1,OFPMatch(oxm_fields={'eth_dst': '00:00:00:00:00:01'; 'in_port': 2}),362,88388,73
5,1,OFPMatch(oxm_fields={'eth_dst': '00:00:00:00:00:02'; 'in_port': 3}),293,89162,73
6,1,OFPMatch(oxm_fields={'eth_dst': '00:00:00:00:00:01'; 'in_port': 1}),433,38214,73
0,1,OFPMatch(oxm_fields={}),159,24732,73
1,1,OFPMatch(oxm_fields={'ip_proto': 17; 'udp_dst': 6789; 'eth_type': 2048}),0,0,73
2,1,OFPMatch(oxm_fields={'ip_proto': 17; 'udp_src': 2152; 'udp_dst': 2152; 'eth_type': 2048}),0,0,73
3,1,OFPMatch(oxm_fields={'eth_dst': '00:00:00:00:00:03'; 'in_port': 3}),433,48234,74
4,1,OFPMatch(oxm_fields={'eth_dst': '00:00:00:00:00:01'; 'in_port': 2}),387,94518,74
5,1,OFPMatch(oxm_fields={'eth_dst': '00:00:00:00:00:02'; 'in_port': 3}),314,95398,74
6,1,OFPMatch(oxm_fields={'eth_dst': '00:00:00:00:00:01'; 'in_port': 1}),462,40788,74
0,1,OFPMatch(oxm_fields={}),160,25074,74
1,1,OFPMatch(oxm_fields={'ip_proto': 17; 'udp_dst': 6789; 'eth_type': 2048}),0,0,74
2,1,OFPMatch(oxm_fields={'ip_proto': 17; 'udp_src': 2152; 'udp_dst': 2152; 'eth_type': 2048}),0,0,74
3,1,OFPMatch(oxm_fields={'eth_dst': '00:00:00:00:00:03'; 'in_port': 3}),460,51276,75
4,1,OFPMatch(oxm_fields={'eth_dst': '00:00:00:00:00:01'; 'in_port': 2}),412,100648,75
5,1,OFPMatch(oxm_fields={'eth_dst': '00:00:00:00:00:02'; 'in_port': 3}),334,101568,75
6,1,OFPMatch(oxm_fields={'eth_dst': '00:00:00:00:00:01'; 'in_port': 1}),492,43428,75
0,1,OFPMatch(oxm_fields={}),160,25074,75
1,1,OFPMatch(oxm_fields={'ip_proto': 17; 'udp_dst': 6789; 'eth_type': 2048}),0,0,75
2,1,OFPMatch(oxm_fields={'ip_proto': 17; 'udp_src': 2152; 'udp_dst': 2152; 'eth_type': 2048}),0,0,75
3,1,OFPMatch(oxm_fields={'eth_dst': '00:00:00:00:00:03'; 'in_port': 3}),487,54318,76
4,1,OFPMatch(oxm_fields={'eth_dst': '00:00:00:00:00:01'; 'in_port': 2}),437,106778,76
5,1,OFPMatch(oxm_fields={'eth_dst': '00:00:00:00:00:02'; 'in_port': 3}),354,107738,76
6,1,OFPMatch(oxm_fields={'eth_dst': '00:00:00:00:00:01'; 'in_port': 1}),522,46068,76
0,1,OFPMatch(oxm_fields={}),160,25074,76
1,1,OFPMatch(oxm_fields={'ip_proto': 17; 'udp_dst': 6789; 'eth_type': 2048}),0,0,76
2,1,OFPMatch(oxm_fields={'ip_proto': 17; 'udp_src': 2152; 'udp_dst': 2152; 'eth_type': 2048}),0,0,76
3,1,OFPMatch(oxm_fields={'eth_dst': '00:00:00:00:00:03'; 'in_port': 3}),514,57360,77
4,1,OFPMatch(oxm_fields={'eth_dst': '00:00:00:00:00:01'; 'in_port': 2}),462,112908,77
5,1,OFPMatch(oxm_fields={'eth_dst': '00:00:00:00:00:02'; 'in_port': 3}),375,113974,77
6,1,OFPMatch(oxm_fields={'eth_dst': '00:00:00:00:00:01'; 'in_port': 1}),552,48708,77
0,1,OFPMatch(oxm_fields={}),160,25074,77
1,1,OFPMatch(oxm_fields={'ip_proto': 17; 'udp_dst': 6789; 'eth_type': 2048}),0,0,77
2,1,OFPMatch(oxm_fields={'ip_proto': 17; 'udp_src': 2152; 'udp_dst': 2152; 'eth_type': 2048}),0,0,77
3,1,OFPMatch(oxm_fields={'eth_dst': '00:00:00:00:00:03'; 'in_port': 3}),542,60468,78
4,1,OFPMatch(oxm_fields={'eth_dst': '00:00:00:00:00:01'; 'in_port': 2}),487,119038,78
5,1,OFPMatch(oxm_fields={'eth_dst': '00:00:00:00:00:02'; 'in_port': 3}),395,120144,78
6,1,OFPMatch(oxm_fields={'eth_dst': '00:00:00:00:00:01'; 'in_port': 1}),582,51348,78
0,1,OFPMatch(oxm_fields={}),160,25074,78
1,1,OFPMatch(oxm_fields={'ip_proto': 17; 'udp_dst': 6789; 'eth_type': 2048}),0,0,78
2,1,OFPMatch(oxm_fields={'ip_proto': 17; 'udp_src': 2152; 'udp_dst': 2152; 'eth_type': 2048}),0,0,78
3,1,OFPMatch(oxm_fields={'eth_dst': '00:00:00:00:00:03'; 'in_port': 3}),544,60600,79
4,1,OFPMatch(oxm_fields={'eth_dst': '00:00:00:00:00:01'; 'in_port': 2}),491,120190,79
5,1,OFPMatch(oxm_fields={'eth_dst': '00:00:00:00:00:02'; 'in_port': 3}),397,121238,79
6,1,OFPMatch(oxm_fields={'eth_dst': '00:00:00:00:00:01'; 'in_port': 1}),585,51546,79
0,1,OFPMatch(oxm_fields={}),161,25416,79
1,1,OFPMatch(oxm_fields={'ip_proto': 17; 'udp_dst': 6789; 'eth_type': 2048}),0,0,79
2,1,OFPMatch(oxm_fields={'ip_proto': 17; 'udp_src': 2152; 'udp_dst': 2152; 'eth_type': 2048}),0,0,79
3,1,OFPMatch(oxm_fields={'eth_dst': '00:00:00:00:00:03'; 'in_port': 3}),544,60600,80
4,1,OFPMatch(oxm_fields={'eth_dst': '00:00:00:00:00:01'; 'in_port': 2}),491,120190,80
5,1,OFPMatch(oxm_fields={'eth_dst': '00:00:00:00:00:02'; 'in_port': 3}),397,121238,80
6,1,OFPMatch(oxm_fields={'eth_dst': '00:00:00:00:00:01'; 'in_port': 1}),585,51546,80
0,1,OFPMatch(oxm_fields={}),161,25416,80
1,1,OFPMatch(oxm_fields={'ip_proto': 17; 'udp_dst': 6789; 'eth_type': 2048}),0,0,80
2,1,OFPMatch(oxm_fields={'ip_proto': 17; 'udp_src': 2152; 'udp_dst': 2152; 'eth_type': 2048}),0,0,80
3,1,OFPMatch(oxm_fields={'eth_dst': '00:00:00:00:00:03'; 'in_port': 3}),544,60600,81
4,1,OFPMatch(oxm_fields={'eth_dst': '00:00:00:00:00:01'; 'in_port': 2}),491,120190,81
5,1,OFPMatch(oxm_fields={'eth_dst': '00:00:00:00:00:02'; 'in_port': 3}),397,121238,81
6,1,OFPMatch(oxm_fields={'eth_dst': '00:00:00:00:00:01'; 'in_port': 1}),585,51546,81
0,1,OFPMatch(oxm_fields={}),161,25416,81
1,1,OFPMatch(oxm_fields={'ip_proto': 17; 'udp_dst': 6789; 'eth_type': 2048}),0,0,81
2,1,OFPMatch(oxm_fields={'ip_proto': 17; 'udp_src': 2152; 'udp_dst': 2152; 'eth_type': 2048}),0,0,81
3,1,OFPMatch(oxm_fields={'eth_dst': '00:00:00:00:00:03'; 'in_port': 3}),544,60600,82
4,1,OFPMatch(oxm_fields={'eth_dst': '00:00:00:00:00:01'; 'in_port': 2}),491,120190,82
5,1,OFPMatch(oxm_fields={'eth_dst': '00:00:00:00:00:02'; 'in_port': 3}),397,121238,82
6,1,OFPMatch(oxm_fields={'eth_dst': '00:00:00:00:00:01'; 'in_port': 1}),585,51546,82
0,1,OFPMatch(oxm_fields={}),163,25630,82
1,1,OFPMatch(oxm_fields={'ip_proto': 17; 'udp_dst': 6789; 'eth_type': 2048}),0,0,82
2,1,OFPMatch(oxm_fields={'ip_proto': 17; 'udp_src': 2152; 'udp_dst': 2152; 'eth_type': 2048}),0,0,82
3,1,OFPMatch(oxm_fields={'eth_dst': '00:00:00:00:00:03'; 'in_port': 3}),544,60600,83
4,1,OFPMatch(oxm_fields={'eth_dst': '00:00:00:00:00:01'; 'in_port': 2}),491,120190,83
5,1,OFPMatch(oxm_fields={'eth_dst': '00:00:00:00:00:02'; 'in_port': 3}),397,121238,83
6,1,OFPMatch(oxm_fields={'eth_dst': '00:00:00:00:00:01'; 'in_port': 1}),585,51546,83
0,1,OFPMatch(oxm_fields={}),163,25630,83
1,1,OFPMatch(oxm_fields={'ip_proto': 17; 'udp_dst': 6789; 'eth_type': 2048}),0,0,83
2,1,OFPMatch(oxm_fields={'ip_proto': 17; 'udp_src': 2152; 'udp_dst': 2152; 'eth_type': 2048}),0,0,83
3,1,OFPMatch(oxm_fields={'eth_dst': '00:00:00:00:00:03'; 'in_port': 3}),544,60600,84
4,1,OFPMatch(oxm_fields={'eth_dst': '00:00:00:00:00:01'; 'in_port': 2}),491,120190,84
5,1,OFPMatch(oxm_fields={'eth_dst': '00:00:00:00:00:02'; 'in_port': 3}),397,121238,84
6,1,OFPMatch(oxm_fields={'eth_dst': '00:00:00:00:00:01'; 'in_port': 1}),585,51546,84
0,1,OFPMatch(oxm_fields={}),163,25630,84
1,1,OFPMatch(oxm_fields={'ip_proto': 17; 'udp_dst': 6789; 'eth_type': 2048}),0,0,84
2,1,OFPMatch(oxm_fields={'ip_proto': 17; 'udp_src': 2152; 'udp_dst': 2152; 'eth_type': 2048}),0,0,84
3,1,OFPMatch(oxm_fields={'eth_dst': '00:00:00:00:00:03'; 'in_port': 3}),544,60600,85
4,1,OFPMatch(oxm_fields={'eth_dst': '00:00:00:00:00:01'; 'in_port': 2}),491,120190,85
5,1,OFPMatch(oxm_fields={'eth_dst': '00:00:00:00:00:02'; 'in_port': 3}),397,121238,85
6,1,OFPMatch(oxm_fields={'eth_dst': '00:00:00:00:00:01'; 'in_port': 1}),585,51546,85
0,1,OFPMatch(oxm_fields={}),163,25630,85
1,1,OFPMatch(oxm_fields={'ip_proto': 17; 'udp_dst': 6789; 'eth_type': 2048}),0,0,85
2,1,OFPMatch(oxm_fields={'ip_proto': 17; 'udp_src': 2152; 'udp_dst': 2152; 'eth_type': 2048}),0,0,85
3,1,OFPMatch(oxm_fields={'eth_dst': '00:00:00:00:00:03'; 'in_port': 3}),544,60600,86
4,1,OFPMatch(oxm_fields={'eth_dst': '00:00:00:00:00:01'; 'in_port': 2}),491,120190,86
5,1,OFPMatch(oxm_fields={'eth_dst': '00:00:00:00:00:02'; 'in_port': 3}),397,121238,86
6,1,OFPMatch(oxm_fields={'eth_dst': '00:00:00:00:00:01'; 'in_port': 1}),585,51546,86
0,1,OFPMatch(oxm_fields={}),163,25630,86
1,1,OFPMatch(oxm_fields={'ip_proto': 17; 'udp_dst': 6789; 'eth_type': 2048}),0,0,86
2,1,OFPMatch(oxm_fields={'ip_proto': 17; 'udp_src': 2152; 'udp_dst': 2152; 'eth_type': 2048}),0,0,86
3,1,OFPMatch(oxm_fields={'eth_dst': '00:00:00:00:00:03'; 'in_port': 3}),544,60600,87
4,1,OFPMatch(oxm_fields={'eth_dst': '00:00:00:00:00:01'; 'in_port': 2}),491,120190,87
5,1,OFPMatch(oxm_fields={'eth_dst': '00:00:00:00:00:02'; 'in_port': 3}),397,121238,87
6,1,OFPMatch(oxm_fields={'eth_dst': '00:00:00:00:00:01'; 'in_port': 1}),585,51546,87
0,1,OFPMatch(oxm_fields={}),164,25972,87
1,1,OFPMatch(oxm_fields={'ip_proto': 17; 'udp_dst': 6789; 'eth_type': 2048}),0,0,87
2,1,OFPMatch(oxm_fields={'ip_proto': 17; 'udp_src': 2152; 'udp_dst': 2152; 'eth_type': 2048}),0,0,87
3,1,OFPMatch(oxm_fields={'eth_dst': '00:00:00:00:00:03'; 'in_port': 3}),544,60600,88
4,1,OFPMatch(oxm_fields={'eth_dst': '00:00:00:00:00:01'; 'in_port': 2}),491,120190,88
5,1,OFPMatch(oxm_fields={'eth_dst': '00:00:00:00:00:02'; 'in_port': 3}),397,121238,88
6,1,OFPMatch(oxm_fields={'eth_dst': '00:00:00:00:00:01'; 'in_port': 1}),585,51546,88
0,1,OFPMatch(oxm_fields={}),164,25972,88
1,1,OFPMatch(oxm_fields={'ip_proto': 17; 'udp_dst': 6789; 'eth_type': 2048}),0,0,88
2,1,OFPMatch(oxm_fields={'ip_proto': 17; 'udp_src': 2152; 'udp_dst': 2152; 'eth_type': 2048}),0,0,88
3,1,OFPMatch(oxm_fields={'eth_dst': '00:00:00:00:00:03'; 'in_port': 3}),544,60600,89
4,1,OFPMatch(oxm_fields={'eth_dst': '00:00:00:00:00:01'; 'in_port': 2}),491,120190,89
5,1,OFPMatch(oxm_fields={'eth_dst': '00:00:00:00:00:02'; 'in_port': 3}),397,121238,89
6,1,OFPMatch(oxm_fields={'eth_dst': '00:00:00:00:00:01'; 'in_port': 1}),585,51546,89
0,1,OFPMatch(oxm_fields={}),164,25972,89
1,1,OFPMatch(oxm_fields={'ip_proto': 17; 'udp_dst': 6789; 'eth_type': 2048}),0,0,89
2,1,OFPMatch(oxm_fields={'ip_proto': 17; 'udp_src': 2152; 'udp_dst': 2152; 'eth_type': 2048}),0,0,89
3,1,OFPMatch(oxm_fields={'eth_dst': '00:00:00:00:00:03'; 'in_port': 3}),544,60600,90
4,1,OFPMatch(oxm_fields={'eth_dst': '00:00:00:00:00:01'; 'in_port': 2}),491,120190,90
5,1,OFPMatch(oxm_fields={'eth_dst': '00:00:00:00:00:02'; 'in_port': 3}),397,121238,90
6,1,OFPMatch(oxm_fields={'eth_dst': '00:00:00:00:00:01'; 'in_port': 1}),585,51546,90
0,1,OFPMatch(oxm_fields={}),164,25972,90
1,1,OFPMatch(oxm_fields={'ip_proto': 17; 'udp_dst': 6789; 'eth_type': 2048}),0,0,90
2,1,OFPMatch(oxm_fields={'ip_proto': 17; 'udp_src': 2152; 'udp_dst': 2152; 'eth_type': 2048}),0,0,90
3,1,OFPMatch(oxm_fields={'eth_dst': '00:00:00:00:00:03'; 'in_port': 3}),544,60600,91
4,1,OFPMatch(oxm_fields={'eth_dst': '00:00:00:00:00:01'; 'in_port': 2}),491,120190,91
5,1,OFPMatch(oxm_fields={'eth_dst': '00:00:00:00:00:02'; 'in_port': 3}),397,121238,91
6,1,OFPMatch(oxm_fields={'eth_dst': '00:00:00:00:00:01'; 'in_port': 1}),585,51546,91
0,1,OFPMatch(oxm_fields={}),164,25972,91
1,1,OFPMatch(oxm_fields={'ip_proto': 17; 'udp_dst': 6789; 'eth_type': 2048}),0,0,91
2,1,OFPMatch(oxm_fields={'ip_proto': 17; 'udp_src': 2152; 'udp_dst': 2152; 'eth_type': 2048}),0,0,91
3,1,OFPMatch(oxm_fields={'eth_dst': '00:00:00:00:00:03'; 'in_port': 3}),544,60600,92
4,1,OFPMatch(oxm_fields={'eth_dst': '00:00:00:00:00:01'; 'in_port': 2}),491,120190,92
5,1,OFPMatch(oxm_fields={'eth_dst': '00:00:00:00:00:02'; 'in_port': 3}),397,121238,92
6,1,OFPMatch(oxm_fields={'eth_dst': '00:00:00:00:00:01'; 'in_port': 1}),585,51546,92
0,1,OFPMatch(oxm_fields={}),164,25972,92
1,1,OFPMatch(oxm_fields={'ip_proto': 17; 'udp_dst': 6789; 'eth_type': 2048}),0,0,92
2,1,OFPMatch(oxm_fields={'ip_proto': 17; 'udp_src': 2152; 'udp_dst': 2152; 'eth_type': 2048}),0,0,92
3,1,OFPMatch(oxm_fields={'eth_dst': '00:00:00:00:00:03'; 'in_port': 3}),544,60600,93
4,1,OFPMatch(oxm_fields={'eth_dst': '00:00:00:00:00:01'; 'in_port': 2}),491,120190,93
5,1,OFPMatch(oxm_fields={'eth_dst': '00:00:00:00:00:02'; 'in_port': 3}),397,121238,93
6,1,OFPMatch(oxm_fields={'eth_dst': '00:00:00:00:00:01'; 'in_port': 1}),585,51546,93
0,1,OFPMatch(oxm_fields={}),164,25972,93
1,1,OFPMatch(oxm_fields={'ip_proto': 17; 'udp_dst': 6789; 'eth_type': 2048}),0,0,93
2,1,OFPMatch(oxm_fields={'ip_proto': 17; 'udp_src': 2152; 'udp_dst': 2152; 'eth_type': 2048}),0,0,93
3,1,OFPMatch(oxm_fields={'eth_dst': '00:00:00:00:00:03'; 'in_port': 3}),544,60600,94
4,1,OFPMatch(oxm_fields={'eth_dst': '00:00:00:00:00:01'; 'in_port': 2}),491,120190,94
5,1,OFPMatch(oxm_fields={'eth_dst': '00:00:00:00:00:02'; 'in_port': 3}),397,121238,94
6,1,OFPMatch(oxm_fields={'eth_dst': '00:00:00:00:00:01'; 'in_port': 1}),585,51546,94
0,1,OFPMatch(oxm_fields={}),164,25972,94
1,1,OFPMatch(oxm_fields={'ip_proto': 17; 'udp_dst': 6789; 'eth_type': 2048}),0,0,94
2,1,OFPMatch(oxm_fields={'ip_proto': 17; 'udp_src': 2152; 'udp_dst': 2152; 'eth_type': 2048}),0,0,94
3,1,OFPMatch(oxm_fields={'eth_dst': '00:00:00:00:00:03'; 'in_port': 3}),544,60600,95
4,1,OFPMatch(oxm_fields={'eth_dst': '00:00:00:00:00:01'; 'in_port': 2}),491,120190,95
5,1,OFPMatch(oxm_fields={'eth_dst': '00:00:00:00:00:02'; 'in_port': 3}),397,121238,95
6,1,OFPMatch(oxm_fields={'eth_dst': '00:00:00:00:00:01'; 'in_port': 1}),585,51546,95
0,1,OFPMatch(oxm_fields={}),165,26314,95
1,1,OFPMatch(oxm_fields={'ip_proto': 17; 'udp_dst': 6789; 'eth_type': 2048}),0,0,95
2,1,OFPMatch(oxm_fields={'ip_proto': 17; 'udp_src': 2152; 'udp_dst': 2152; 'eth_type': 2048}),0,0,95
3,1,OFPMatch(oxm_fields={'eth_dst': '00:00:00:00:00:03'; 'in_port': 3}),544,60600,96
4,1,OFPMatch(oxm_fields={'eth_dst': '00:00:00:00:00:01'; 'in_port': 2}),491,120190,96
5,1,OFPMatch(oxm_fields={'eth_dst': '00:00:00:00:00:02'; 'in_port': 3}),397,121238,96
6,1,OFPMatch(oxm_fields={'eth_dst': '00:00:00:00:00:01'; 'in_port': 1}),585,51546,96
0,1,OFPMatch(oxm_fields={}),165,26314,96
1,1,OFPMatch(oxm_fields={'ip_proto': 17; 'udp_dst': 6789; 'eth_type': 2048}),0,0,96
2,1,OFPMatch(oxm_fields={'ip_proto': 17; 'udp_src': 2152; 'udp_dst': 2152; 'eth_type': 2048}),0,0,96
3,1,OFPMatch(oxm_fields={'eth_dst': '00:00:00:00:00:03'; 'in_port': 3}),544,60600,97
4,1,OFPMatch(oxm_fields={'eth_dst': '00:00:00:00:00:01'; 'in_port': 2}),491,120190,97
5,1,OFPMatch(oxm_fields={'eth_dst': '00:00:00:00:00:02'; 'in_port': 3}),397,121238,97
6,1,OFPMatch(oxm_fields={'eth_dst': '00:00:00:00:00:01'; 'in_port': 1}),585,51546,97
0,1,OFPMatch(oxm_fields={}),165,26314,97
1,1,OFPMatch(oxm_fields={'ip_proto': 17; 'udp_dst': 6789; 'eth_type': 2048}),0,0,97
2,1,OFPMatch(oxm_fields={'ip_proto': 17; 'udp_src': 2152; 'udp_dst': 2152; 'eth_type': 2048}),0,0,97
3,1,OFPMatch(oxm_fields={'eth_dst': '00:00:00:00:00:03'; 'in_port': 3}),544,60600,98
4,1,OFPMatch(oxm_fields={'eth_dst': '00:00:00:00:00:01'; 'in_port': 2}),491,120190,98
5,1,OFPMatch(oxm_fields={'eth_dst': '00:00:00:00:00:02'; 'in_port': 3}),397,121238,98
6,1,OFPMatch(oxm_fields={'eth_dst': '00:00:00:00:00:01'; 'in_port': 1}),585,51546,98
0,1,OFPMatch(oxm_fields={}),165,26314,98
1,1,OFPMatch(oxm_fields={'ip_proto': 17; 'udp_dst': 6789; 'eth_type': 2048}),0,0,98
2,1,OFPMatch(oxm_fields={'ip_proto': 17; 'udp_src': 2152; 'udp_dst': 2152; 'eth_type': 2048}),0,0,98
3,1,OFPMatch(oxm_fields={'eth_dst': '00:00:00:00:00:03'; 'in_port': 3}),544,60600,99
4,1,OFPMatch(oxm_fields={'eth_dst': '00:00:00:00:00:01'; 'in_port': 2}),491,120190,99
5,1,OFPMatch(oxm_fields={'eth_dst': '00:00:00:00:00:02'; 'in_port': 3}),397,121238,99
6,1,OFPMatch(oxm_fields={'eth_dst': '00:00:00:00:00:01'; 'in_port': 1}),585,51546,99
0,1,OFPMatch(oxm_fields={}),169,27218,99
1,1,OFPMatch(oxm_fields={'ip_proto': 17; 'udp_dst': 6789; 'eth_type': 2048}),0,0,99
2,1,OFPMatch(oxm_fields={'ip_proto': 17; 'udp_src': 2152; 'udp_dst': 2152; 'eth_type': 2048}),0,0,99
3,1,OFPMatch(oxm_fields={'eth_dst': '00:00:00:00:00:03'; 'in_port': 3}),544,60600,100
4,1,OFPMatch(oxm_fields={'eth_dst': '00:00:00:00:00:01'; 'in_port': 2}),491,120190,100
5,1,OFPMatch(oxm_fields={'eth_dst': '00:00:00:00:00:02'; 'in_port': 3}),397,121238,100
6,1,OFPMatch(oxm_fields={'eth_dst': '00:00:00:00:00:01'; 'in_port': 1}),585,51546,100
0,1,OFPMatch(oxm_fields={}),172,27484,100
1,1,OFPMa