0,1,OFPMatch(oxm_fields={}),0,0,0
1,1,OFPMatch(oxm_fields={'ip_proto': 17; 'udp_dst': 6789; 'eth_type': 2048}),0,0,0
2,1,OFPMatch(oxm_fields={'ip_proto': 17; 'udp_src': 2152; 'udp_dst': 2152; 'eth_type': 2048}),0,0,0
0,1,OFPMatch(oxm_fields={}),25,3429,1
1,1,OFPMatch(oxm_fields={'ip_proto': 17; 'udp_dst': 6789; 'eth_type': 2048}),0,0,1
2,1,OFPMatch(oxm_fields={'ip_proto': 17; 'udp_src': 2152; 'udp_dst': 2152; 'eth_type': 2048}),0,0,1
0,1,OFPMatch(oxm_fields={}),41,5981,2
1,1,OFPMatch(oxm_fields={'ip_proto': 17; 'udp_dst': 6789; 'eth_type': 2048}),0,0,2
2,1,OFPMatch(oxm_fields={'ip_proto': 17; 'udp_src': 2152; 'udp_dst': 2152; 'eth_type': 2048}),0,0,2
0,1,OFPMatch(oxm_fields={}),43,6587,3
1,1,OFPMatch(oxm_fields={'ip_proto': 17; 'udp_dst': 6789; 'eth_type': 2048}),0,0,3
2,1,OFPMatch(oxm_fields={'ip_proto': 17; 'udp_src': 2152; 'udp_dst': 2152; 'eth_type': 2048}),0,0,3
0,1,OFPMatch(oxm_fields={}),48,7629,4
1,1,OFPMatch(oxm_fields={'ip_proto': 17; 'udp_dst': 6789; 'eth_type': 2048}),0,0,4
2,1,OFPMatch(oxm_fields={'ip_proto': 17; 'udp_src': 2152; 'udp_dst': 2152; 'eth_type': 2048}),0,0,4
0,1,OFPMatch(oxm_fields={}),61,9277,5
1,1,OFPMatch(oxm_fields={'ip_proto': 17; 'udp_dst': 6789; 'eth_type': 2048}),0,0,5
2,1,OFPMatch(oxm_fields={'ip_proto': 17; 'udp_src': 2152; 'udp_dst': 2152; 'eth_type': 2048}),0,0,5
0,1,OFPMatch(oxm_fields={}),61,9277,6
1,1,OFPMatch(oxm_fields={'ip_proto': 17; 'udp_dst': 6789; 'eth_type': 2048}),0,0,6
2,1,OFPMatch(oxm_fields={'ip_proto': 17; 'udp_src': 2152; 'udp_dst': 2152; 'eth_type': 2048}),0,0,6
0,1,OFPMatch(oxm_fields={}),62,9384,7
1,1,OFPMatch(oxm_fields={'ip_proto': 17; 'udp_dst': 6789; 'eth_type': 2048}),0,0,7
2,1,OFPMatch(oxm_fields={'ip_proto': 17; 'udp_src': 2152; 'udp_dst': 2152; 'eth_type': 2048}),0,0,7
0,1,OFPMatch(oxm_fields={}),63,9491,8
1,1,OFPMatch(oxm_fields={'ip_proto': 17; 'udp_dst': 6789; 'eth_type': 2048}),0,0,8
2,1,OFPMatch(oxm_fields={'ip_proto': 17; 'udp_src': 2152; 'udp_dst': 2152; 'eth_type': 2048}),0,0,8
0,1,OFPMatch(oxm_fields={}),73,10191,9
1,1,OFPMatch(oxm_fields={'ip_proto': 17; 'udp_dst': 6789; 'eth_type': 2048}),0,0,9
2,1,OFPMatch(oxm_fields={'ip_proto': 17; 'udp_src': 2152; 'udp_dst': 2152; 'eth_type': 2048}),0,0,9
0,1,OFPMatch(oxm_fields={}),74,10533,10
1,1,OFPMatch(oxm_fields={'ip_proto': 17; 'udp_dst': 6789; 'eth_type': 2048}),0,0,10
2,1,OFPMatch(oxm_fields={'ip_proto': 17; 'udp_src': 2152; 'udp_dst': 2152; 'eth_type': 2048}),0,0,10
0,1,OFPMatch(oxm_fields={}),74,10533,11
1,1,OFPMatch(oxm_fields={'ip_proto': 17; 'udp_dst': 6789; 'eth_type': 2048}),0,0,11
2,1,OFPMatch(oxm_fields={'ip_proto': 17; 'udp_src': 2152; 'udp_dst': 2152; 'eth_type': 2048}),0,0,11
0,1,OFPMatch(oxm_fields={}),74,10533,12
1,1,OFPMatch(oxm_fields={'ip_proto': 17; 'udp_dst': 6789; 'eth_type': 2048}),0,0,12
2,1,OFPMatch(oxm_fields={'ip_proto': 17; 'udp_src': 2152; 'udp_dst': 2152; 'eth_type': 2048}),0,0,12
0,1,OFPMatch(oxm_fields={}),75,10875,13
1,1,OFPMatch(oxm_fields={'ip_proto': 17; 'udp_dst': 6789; 'eth_type': 2048}),0,0,13
2,1,OFPMatch(oxm_fields={'ip_proto': 17; 'udp_src': 2152; 'udp_dst': 2152; 'eth_type': 2048}),0,0,13
0,1,OFPMatch(oxm_fields={}),76,11217,14
1,1,OFPMatch(oxm_fields={'ip_proto': 17; 'udp_dst': 6789; 'eth_type': 2048}),0,0,14
2,1,OFPMatch(oxm_fields={'ip_proto': 17; 'udp_src': 2152; 'udp_dst': 2152; 'eth_type': 2048}),0,0,14
0,1,OFPMatch(oxm_fields={}),77,11324,15
1,1,OFPMatch(oxm_fields={'ip_proto': 17; 'udp_dst': 6789; 'eth_type': 2048}),0,0,15
2,1,OFPMatch(oxm_fields={'ip_proto': 17; 'udp_src': 2152; 'udp_dst': 2152; 'eth_type': 2048}),0,0,15
0,1,OFPMatch(oxm_fields={}),78,11431,16
1,1,OFPMatch(oxm_fields={'ip_proto': 17; 'udp_dst': 6789; 'eth_type': 2048}),0,0,16
2,1,OFPMatch(oxm_fields={'ip_proto': 17; 'udp_src': 2152; 'udp_dst': 2152; 'eth_type': 2048}),0,0,16
0,1,OFPMatch(oxm_fields={}),78,11431,17
1,1,OFPMatch(oxm_fields={'ip_proto': 17; 'udp_dst': 6789; 'eth_type': 2048}),0,0,17
2,1,OFPMatch(oxm_fields={'ip_proto': 17; 'udp_src': 2152; 'udp_dst': 2152; 'eth_type': 2048}),0,0,17
0,1,OFPMatch(oxm_fields={}),78,11431,18
1,1,OFPMatch(oxm_fields={'ip_proto': 17; 'udp_dst': 6789; 'eth_type': 2048}),0,0,18
2,1,OFPMatch(oxm_fields={'ip_proto': 17; 'udp_src': 2152; 'udp_dst': 2152; 'eth_type': 2048}),0,0,18
0,1,OFPMatch(oxm_fields={}),78,11431,19
1,1,OFPMatch(oxm_fields={'ip_proto': 17; 'udp_dst': 6789; 'eth_type': 2048}),0,0,19
2,1,OFPMatch(oxm_fields={'ip_proto': 17; 'udp_src': 2152; 'udp_dst': 2152; 'eth_type': 2048}),0,0,19
0,1,OFPMatch(oxm_fields={}),78,11431,20
1,1,OFPMatch(oxm_fields={'ip_proto': 17; 'udp_dst': 6789; 'eth_type': 2048}),0,0,20
2,1,OFPMatch(oxm_fields={'ip_proto': 17; 'udp_src': 2152; 'udp_dst': 2152; 'eth_type': 2048}),0,0,20
0,1,OFPMatch(oxm_fields={}),78,11431,21
1,1,OFPMatch(oxm_fields={'ip_proto': 17; 'udp_dst': 6789; 'eth_type': 2048}),0,0,21
2,1,OFPMatch(oxm_fields={'ip_proto': 17; 'udp_src': 2152; 'udp_dst': 2152; 'eth_type': 2048}),0,0,21
0,1,OFPMatch(oxm_fields={}),78,11431,22
1,1,OFPMatch(oxm_fields={'ip_proto': 17; 'udp_dst': 6789; 'eth_type': 2048}),0,0,22
2,1,OFPMatch(oxm_fields={'ip_proto': 17; 'udp_src': 2152; 'udp_dst': 2152; 'eth_type': 2048}),0,0,22
0,1,OFPMatch(oxm_fields={}),78,11431,23
1,1,OFPMatch(oxm_fields={'ip_proto': 17; 'udp_dst': 6789; 'eth_type': 2048}),0,0,23
2,1,OFPMatch(oxm_fields={'ip_proto': 17; 'udp_src': 2152; 'udp_dst': 2152; 'eth_type': 2048}),0,0,23
0,1,OFPMatch(oxm_fields={}),79,11773,24
1,1,OFPMatch(oxm_fields={'ip_proto': 17; 'udp_dst': 6789; 'eth_type': 2048}),0,0,24
2,1,OFPMatch(oxm_fields={'ip_proto': 17; 'udp_src': 2152; 'udp_dst': 2152; 'eth_type': 2048}),0,0,24
0,1,OFPMatch(oxm_fields={}),79,11773,25
1,1,OFPMatch(oxm_fields={'ip_proto': 17; 'udp_dst': 6789; 'eth_type': 2048}),0,0,25
2,1,OFPMatch(oxm_fields={'ip_proto': 17; 'udp_src': 2152; 'udp_dst': 2152; 'eth_type': 2048}),0,0,25
0,1,OFPMatch(oxm_fields={}),79,11773,26
1,1,OFPMatch(oxm_fields={'ip_proto': 17; 'udp_dst': 6789; 'eth_type': 2048}),0,0,26
2,1,OFPMatch(oxm_fields={'ip_proto': 17; 'udp_src': 2152; 'udp_dst': 2152; 'eth_type': 2048}),0,0,26
0,1,OFPMatch(oxm_fields={}),79,11773,27
1,1,OFPMatch(oxm_fields={'ip_proto': 17; 'udp_dst': 6789; 'eth_type': 2048}),0,0,27
2,1,OFPMatch(oxm_fields={'ip_proto': 17; 'udp_src': 2152; 'udp_dst': 2152; 'eth_type': 2048}),0,0,27
0,1,OFPMatch(oxm_fields={}),80,12115,28
1,1,OFPMatch(oxm_fields={'ip_proto': 17; 'udp_dst': 6789; 'eth_type': 2048}),0,0,28
2,1,OFPMatch(oxm_fields={'ip_proto': 17; 'udp_src': 2152; 'udp_dst': 2152; 'eth_type': 2048}),0,0,28
0,1,OFPMatch(oxm_fields={}),80,12115,29
1,1,OFPMatch(oxm_fields={'ip_proto': 17; 'udp_dst': 6789; 'eth_type': 2048}),0,0,29
2,1,OFPMatch(oxm_fields={'ip_proto': 17; 'udp_src': 2152; 'udp_dst': 2152; 'eth_type': 2048}),0,0,29
0,1,OFPMatch(oxm_fields={}),80,12115,30
1,1,OFPMatch(oxm_fields={'ip_proto': 17; 'udp_dst': 6789; 'eth_type': 2048}),0,0,30
2,1,OFPMatch(oxm_fields={'ip_proto': 17; 'udp_src': 2152; 'udp_dst': 2152; 'eth_type': 2048}),0,0,30
0,1,OFPMatch(oxm_fields={}),81,12222,31
1,1,OFPMatch(oxm_fields={'ip_proto': 17; 'udp_dst': 6789; 'eth_type': 2048}),0,0,31
2,1,OFPMatch(oxm_fields={'ip_proto': 17; 'udp_src': 2152; 'udp_dst': 2152; 'eth_type': 2048}),0,0,31
0,1,OFPMatch(oxm_fields={}),82,12329,32
1,1,OFPMatch(oxm_fields={'ip_proto': 17; 'udp_dst': 6789; 'eth_type': 2048}),0,0,32
2,1,OFPMatch(oxm_fields={'ip_proto': 17; 'udp_src': 2152; 'udp_dst': 2152; 'eth_type': 2048}),0,0,32
0,1,OFPMatch(oxm_fields={}),82,12329,33
1,1,OFPMatch(oxm_fields={'ip_proto': 17; 'udp_dst': 6789; 'eth_type': 2048}),0,0,33
2,1,OFPMatch(oxm_fields={'ip_proto': 17; 'udp_src': 2152; 'udp_dst': 2152; 'eth_type': 2048}),0,0,33
0,1,OFPMatch(oxm_fields={}),82,12329,34
1,1,OFPMatch(oxm_fields={'ip_proto': 17; 'udp_dst': 6789; 'eth_type': 2048}),0,0,34
2,1,OFPMatch(oxm_fields={'ip_proto': 17; 'udp_src': 2152; 'udp_dst': 2152; 'eth_type': 2048}),0,0,34
0,1,OFPMatch(oxm_fields={}),82,12329,35
1,1,OFPMatch(oxm_fields={'ip_proto': 17; 'udp_dst': 6789; 'eth_type': 2048}),0,0,35
2,1,OFPMatch(oxm_fields={'ip_proto': 17; 'udp_src': 2152; 'udp_dst': 2152; 'eth_type': 2048}),0,0,35
0,1,OFPMatch(oxm_fields={}),82,12329,36
1,1,OFPMatch(oxm_fields={'ip_proto': 17; 'udp_dst': 6789; 'eth_type': 2048}),0,0,36
2,1,OFPMatch(oxm_fields={'ip_proto': 17; 'udp_src': 2152; 'udp_dst': 2152; 'eth_type': 2048}),0,0,36
0,1,OFPMatch(oxm_fields={}),82,12329,37
1,1,OFPMatch(oxm_fields={'ip_proto': 17; 'udp_dst': 6789; 'eth_type': 2048}),0,0,37
2,1,OFPMatch(oxm_fields={'ip_proto': 17; 'udp_src': 2152; 'udp_dst': 2152; 'eth_type': 2048}),0,0,37
0,1,OFPMatch(oxm_fields={}),82,12329,38
1,1,OFPMatch(oxm_fields={'ip_proto': 17; 'udp_dst': 6789; 'eth_type': 2048}),0,0,38
2,1,OFPMatch(oxm_fields={'ip_proto': 17; 'udp_src': 2152; 'udp_dst': 2152; 'eth_type': 2048}),0,0,38
0,1,OFPMatch(oxm_fields={}),82,12329,39
1,1,OFPMatch(oxm_fields={'ip_proto': 17; 'udp_dst': 6789; 'eth_type': 2048}),0,0,39
2,1,OFPMatch(oxm_fields={'ip_proto': 17; 'udp_src': 2152; 'udp_dst': 2152; 'eth_type': 2048}),0,0,39
0,1,OFPMatch(oxm_fields={}),83,12671,40
1,1,OFPMatch(oxm_fields={'ip_proto': 17; 'udp_dst': 6789; 'eth_type': 2048}),0,0,40
2,1,OFPMatch(oxm_fields={'ip_proto': 17; 'udp_src': 2152; 'udp_dst': 2152; 'eth_type': 2048}),0,0,40
0,1,OFPMatch(oxm_fields={}),83,12671,41
1,1,OFPMatch(oxm_fields={'ip_proto': 17; 'udp_dst': 6789; 'eth_type': 2048}),0,0,41
2,1,OFPMatch(oxm_fields={'ip_proto': 17; 'udp_src': 2152; 'udp_dst': 2152; 'eth_type': 2048}),0,0,41
0,1,OFPMatch(oxm_fields={}),83,12671,42
1,1,OFPMatch(oxm_fields={'ip_proto': 17; 'udp_dst': 6789; 'eth_type': 2048}),0,0,42
2,1,OFPMatch(oxm_fields={'ip_proto': 17; 'udp_src': 2152; 'udp_dst': 2152; 'eth_type': 2048}),0,0,42
0,1,OFPMatch(oxm_fields={}),83,12671,43
1,1,OFPMatch(oxm_fields={'ip_proto': 17; 'udp_dst': 6789; 'eth_type': 2048}),0,0,43
2,1,OFPMatch(oxm_fields={'ip_proto': 17; 'udp_src': 2152; 'udp_dst': 2152; 'eth_type': 2048}),0,0,43
0,1,OFPMatch(oxm_fields={}),83,12671,44
1,1,OFPMatch(oxm_fields={'ip_proto': 17; 'udp_dst': 6789; 'eth_type': 2048}),0,0,44
2,1,OFPMatch(oxm_fields={'ip_proto': 17; 'udp_src': 2152; 'udp_dst': 2152; 'eth_type': 2048}),0,0,44
0,1,OFPMatch(oxm_fields={}),84,13013,45
1,1,OFPMatch(oxm_fields={'ip_proto': 17; 'udp_dst': 6789; 'eth_type': 2048}),0,0,45
2,1,OFPMatch(oxm_fields={'ip_proto': 17; 'udp_src': 2152; 'udp_dst': 2152; 'eth_type': 2048}),0,0,45
0,1,OFPMatch(oxm_fields={}),84,13013,46
1,1,OFPMatch(oxm_fields={'ip_proto': 17; 'udp_dst': 6789; 'eth_type': 2048}),0,0,46
2,1,OFPMatch(oxm_fields={'ip_proto': 17; 'udp_src': 2152; 'udp_dst': 2152; 'eth_type': 2048}),0,0,46
0,1,OFPMatch(oxm_fields={}),84,13013,47
1,1,OFPMatch(oxm_fields={'ip_proto': 17; 'udp_dst': 6789; 'eth_type': 2048}),0,0,47
2,1,OFPMatch(oxm_fields={'ip_proto': 17; 'udp_src': 2152; 'udp_dst': 2152; 'eth_type': 2048}),0,0,47
0,1,OFPMatch(oxm_fields={}),84,13013,48
1,1,OFPMatch(oxm_fields={'ip_proto': 17; 'udp_dst': 6789; 'eth_type': 2048}),0,0,48
2,1,OFPMatch(oxm_fields={'ip_proto': 17; 'udp_src': 2152; 'udp_dst': 2152; 'eth_type': 2048}),0,0,48
0,1,OFPMatch(oxm_fields={}),84,13013,49
1,1,OFPMatch(oxm_fields={'ip_proto': 17; 'udp_dst': 6789; 'eth_type': 2048}),0,0,49
2,1,OFPMatch(oxm_fields={'ip_proto': 17; 'udp_src': 2152; 'udp_dst': 2152; 'eth_type': 2048}),0,0,49
0,1,OFPMatch(oxm_fields={}),91,14183,50
1,1,OFPMatch(oxm_fields={'ip_proto': 17; 'udp_dst': 6789; 'eth_type': 2048}),0,0,50
2,1,OFPMatch(oxm_fields={'ip_proto': 17; 'udp_src': 2152; 'udp_dst': 2152; 'eth_type': 2048}),0,0,50
0,1,OFPMatch(oxm_fields={}),92,14293,51
1,1,OFPMatch(oxm_fields={'ip_proto': 17; 'udp_dst': 6789; 'eth_type': 2048}),0,0,51
2,1,OFPMatch(oxm_fields={'ip_proto': 17; 'udp_src': 2152; 'udp_dst': 2152; 'eth_type': 2048}),0,0,51
0,1,OFPMatch(oxm_fields={}),109,17183,52
1,1,OFPMatch(oxm_fields={'ip_proto': 17; 'udp_dst': 6789; 'eth_type': 2048}),0,0,52
2,1,OFPMatch(oxm_fields={'ip_proto': 17; 'udp_src': 2152; 'udp_dst': 2152; 'eth_type': 2048}),0,0,52
0,1,OFPMatch(oxm_fields={}),119,19430,53
1,1,OFPMatch(oxm_fields={'ip_proto': 17; 'udp_dst': 6789; 'eth_type': 2048}),0,0,53
2,1,OFPMatch(oxm_fields={'ip_proto': 17; 'udp_src': 2152; 'udp_dst': 2152; 'eth_type': 2048}),0,0,53
0,1,OFPMatch(oxm_fields={}),122,20279,54
1,1,OFPMatch(oxm_fields={'ip_proto': 17; 'udp_dst': 6789; 'eth_type': 2048}),0,0,54
2,1,OFPMatch(oxm_fields={'ip_proto': 17; 'udp_src': 2152; 'udp_dst': 2152; 'eth_type': 2048}),0,0,54
0,1,OFPMatch(oxm_fields={}),124,20493,55
1,1,OFPMatch(oxm_fields={'ip_proto': 17; 'udp_dst': 6789; 'eth_type': 2048}),0,0,55
2,1,OFPMatch(oxm_fields={'ip_proto': 17; 'udp_src': 2152; 'udp_dst': 2152; 'eth_type': 2048}),0,0,55
0,1,OFPMatch(oxm_fields={}),130,21725,56
1,1,OFPMatch(oxm_fields={'ip_proto': 17; 'udp_dst': 6789; 'eth_type': 2048}),0,0,56
2,1,OFPMatch(oxm_fields={'ip_proto': 17; 'udp_src': 2152; 'udp_dst': 2152; 'eth_type': 2048}),0,0,56
0,1,OFPMatch(oxm_fields={}),131,22067,57
1,1,OFPMatch(oxm_fields={'ip_proto': 17; 'udp_dst': 6789; 'eth_type': 2048}),0,0,57
2,1,OFPMatch(oxm_fields={'ip_proto': 17; 'udp_src': 2152; 'udp_dst': 2152; 'eth_type': 2048}),0,0,57
3,1,OFPMatch(oxm_fields={'eth_dst': '00:00:00:00:00:03'; 'in_port': 3}),2,140,58
4,1,OFPMatch(oxm_fields={'eth_dst': '00:00:00:00:00:01'; 'in_port': 2}),2,116,58
5,1,OFPMatch(oxm_fields={'eth_dst': '00:00:00:00:00:02'; 'in_port': 3}),3,182,58
6,1,OFPMatch(oxm_fields={'eth_dst': '00:00:00:00:00:01'; 'in_port': 1}),3,330,58
0,1,OFPMatch(oxm_fields={}),139,22767,58
1,1,OFPMatch(oxm_fields={'ip_proto': 17; 'udp_dst': 6789; 'eth_type': 2048}),0,0,58
2,1,OFPMatch(oxm_fields={'ip_proto': 17; 'udp_src': 2152; 'udp_dst': 2152; 'eth_type': 2048}),0,0,58
3,1,OFPMatch(oxm_fields={'eth_dst': '00:00:00:00:00:03'; 'in_port': 3}),36,3896,59
4,1,OFPMatch(oxm_fields={'eth_dst': '00:00:00:00:00:01'; 'in_port': 2}),30,7332,59
5,1,OFPMatch(oxm_fields={'eth_dst': '00:00:00:00:00:02'; 'in_port': 3}),27,7586,59
6,1,OFPMatch(oxm_fields={'eth_dst': '00:00:00:00:00:01'; 'in_port': 1}),39,3498,59
0,1,OFPMatch(oxm_fields={}),142,23051,59
1,1,OFPMatch(oxm_fields={'ip_proto': 17; 'udp_dst': 6789; 'eth_type': 2048}),0,0,59
2,1,OFPMatch(oxm_fields={'ip_proto': 17; 'udp_src': 2152; 'udp_dst': 2152; 'eth_type': 2048}),0,0,59
3,1,OFPMatch(oxm_fields={'eth_dst': '00:00:00:00:00:03'; 'in_port': 3}),65,7070,60
4,1,OFPMatch(oxm_fields={'eth_dst': '00:00:00:00:00:01'; 'in_port': 2}),55,13462,60
5,1,OFPMatch(oxm_fields={'eth_dst': '00:00:00:00:00:02'; 'in_port': 3}),48,13822,60
6,1,OFPMatch(oxm_fields={'eth_dst': '00:00:00:00:00:01'; 'in_port': 1}),68,6072,60
0,1,OFPMatch(oxm_fields={}),143,23121,60
1,1,OFPMatch(oxm_fields={'ip_proto': 17; 'udp_dst': 6789; 'eth_type': 2048}),0,0,60
2,1,OFPMatch(oxm_fields={'ip_proto': 17; 'udp_src': 2152; 'udp_dst': 2152; 'eth_type': 2048}),0,0,60
3,1,OFPMatch(oxm_fields={'eth_dst': '00:00:00:00:00:03'; 'in_port': 3}),94,10244,61
4,1,OFPMatch(oxm_fields={'eth_dst': '00:00:00:00:00:01'; 'in_port': 2}),80,19592,61
5,1,OFPMatch(oxm_fields={'eth_dst': '00:00:00:00:00:02'; 'in_port': 3}),68,19992,61
6,1,OFPMatch(oxm_fields={'eth_dst': '00:00:00:00:00:01'; 'in_port': 1}),98,8712,61
0,1,OFPMatch(oxm_fields={}),143,23121,61
1,1,OFPMatch(oxm_fields={'ip_proto': 17; 'udp_dst': 6789; 'eth_type': 2048}),0,0,61
2,1,OFPMatch(oxm_fields={'ip_proto': 17; 'udp_src': 2152; 'udp_dst': 2152; 'eth_type': 2048}),0,0,61
3,1,OFPMatch(oxm_fields={'eth_dst': '00:00:00:00:00:03'; 'in_port': 3}),120,13220,62
4,1,OFPMatch(oxm_fields={'eth_dst': '00:00:00:00:00:01'; 'in_port': 2}),106,25788,62
5,1,OFPMatch(oxm_fields={'eth_dst': '00:00:00:00:00:02'; 'in_port': 3}),88,26162,62
6,1,OFPMatch(oxm_fields={'eth_dst': '00:00:00:00:00:01'; 'in_port': 1}),128,11352,62
0,1,OFPMatch(oxm_fields={}),143,23121,62
1,1,OFPMatch(oxm_fields={'ip_proto': 17; 'udp_dst': 6789; 'eth_type': 2048}),0,0,62
2,1,OFPMatch(oxm_fields={'ip_proto': 17; 'udp_src': 2152; 'udp_dst': 2152; 'eth_type': 2048}),0,0,62
3,1,OFPMatch(oxm_fields={'eth_dst': '00:00:00:00:00:03'; 'in_port': 3}),146,16196,63
4,1,OFPMatch(oxm_fields={'eth_dst': '00:00:00:00:00:01'; 'in_port': 2}),131,31918,63
5,1,OFPMatch(oxm_fields={'eth_dst': '00:00:00:00:00:02'; 'in_port': 3}),109,32398,63
6,1,OFPMatch(oxm_fields={'eth_dst': '00:00:00:00:00:01'; 'in_port': 1}),157,13926,63
0,1,OFPMatch(oxm_fields={}),144,23463,63
1,1,OFPMatch(oxm_fields={'ip_proto': 17; 'udp_dst': 6789; 'eth_type': 2048}),0,0,63
2,1,OFPMatch(oxm_fields={'ip_proto': 17; 'udp_src': 2152; 'udp_dst': 2152; 'eth_type': 2048}),0,0,63
3,1,OFPMatch(oxm_fields={'eth_dst': '00:00:00:00:00:03'; 'in_port': 3}),175,19370,64
4,1,OFPMatch(oxm_fields={'eth_dst': '00:00:00:00:00:01'; 'in_port': 2}),156,38048,64
5,1,OFPMatch(oxm_fields={'eth_dst': '00:00:00:00:00:02'; 'in_port': 3}),129,38568,64
6,1,OFPMatch(oxm_fields={'eth_dst': '00:00:00:00:00:01'; 'in_port': 1}),187,16566,64
0,1,OFPMatch(oxm_fields={}),144,23463,64
1,1,OFPMatch(oxm_fields={'ip_proto': 17; 'udp_dst': 6789; 'eth_type': 2048}),0,0,64
2,1,OFPMatch(oxm_fields={'ip_proto': 17; 'udp_src': 2152; 'udp_dst': 2152; 'eth_type': 2048}),0,0,64
3,1,OFPMatch(oxm_fields={'eth_dst': '00:00:00:00:00:03'; 'in_port': 3}),201,22346,65
4,1,OFPMatch(oxm_fields={'eth_dst': '00:00:00:00:00:01'; 'in_port': 2}),180,44112,65
5,1,OFPMatch(oxm_fields={'eth_dst': '00:00:00:00:00:02'; 'in_port': 3}),149,44738,65
6,1,OFPMatch(oxm_fields={'eth_dst': '00:00:00:00:00:01'; 'in_port': 1}),217,19206,65
0,1,OFPMatch(oxm_fields={}),145,23805,65
1,1,OFPMatch(oxm_fields={'ip_proto': 17; 'udp_dst': 6789; 'eth_type': 2048}),0,0,65
2,1,OFPMatch(oxm_fields={'ip_proto': 17; 'udp_src': 2152; 'udp_dst': 2152; 'eth_type': 2048}),0,0,65
3,1,OFPMatch(oxm_fields={'eth_dst': '00:00:00:00:00:03'; 'in_port': 3}),228,25388,66
4,1,OFPMatch(oxm_fields={'eth_dst': '00:00:00:00:00:01'; 'in_port': 2}),205,50242,66
5,1,OFPMatch(oxm_fields={'eth_dst': '00:00:00:00:00:02'; 'in_port': 3}),169,50908,66
6,1,OFPMatch(oxm_fields={'eth_dst': '00:00:00:00:00:01'; 'in_port': 1}),247,21846,66
0,1,OFPMatch(oxm_fields={}),145,23805,66
1,1,OFPMatch(oxm_fields={'ip_proto': 17; 'udp_dst': 6789; 'eth_type': 2048}),0,0,66
2,1,OFPMatch(oxm_fields={'ip_proto': 17; 'udp_src': 2152; 'udp_dst': 2152; 'eth_type': 2048}),0,0,66
3,1,OFPMatch(oxm_fields={'eth_dst': '00:00:00:00:00:03'; 'in_port': 3}),255,28430,67
4,1,OFPMatch(oxm_fields={'eth_dst': '00:00:00:00:00:01'; 'in_port': 2}),230,56372,67
5,1,OFPMatch(oxm_fields={'eth_dst': '00:00:00:00:00:02'; 'in_port': 3}),189,57078,67
6,1,OFPMatch(oxm_fields={'eth_dst': '00:00:00:00:00:01'; 'in_port': 1}),277,24486,67
0,1,OFPMatch(oxm_fields={}),147,24019,67
1,1,OFPMatch(oxm_fields={'ip_proto': 17; 'udp_dst': 6789; 'eth_type': 2048}),0,0,67
2,1,OFPMatch(oxm_fields={'ip_proto': 17; 'udp_src': 2152; 'udp_dst': 2152; 'eth_type': 2048}),0,0,67
3,1,OFPMatch(oxm_fields={'eth_dst': '00:00:00:00:00:03'; 'in_port': 3}),283,31538,68
4,1,OFPMatch(oxm_fields={'eth_dst': '00:00:00:00:00:01'; 'in_port': 2}),255,62502,68
5,1,OFPMatch(oxm_fields={'eth_dst': '00:00:00:00:00:02'; 'in_port': 3}),210,63314,68
6,1,OFPMatch(oxm_fields={'eth_dst': '00:00:00:00:00:01'; 'in_port': 1}),306,27060,68
0,1,OFPMatch(oxm_fields={}),147,24019,68
1,1,OFPMatch(oxm_fields={'ip_proto': 17; 'udp_dst': 6789; 'eth_type': 2048}),0,0,68
2,1,OFPMatch(oxm_fields={'ip_proto': 17; 'udp_src': 2152; 'udp_dst': 2152; 'eth_type': 2048}),0,0,68
3,1,OFPMatch(oxm_fields={'eth_dst': '00:00:00:00:00:03'; 'in_port': 3}),309,34514,69
4,1,OFPMatch(oxm_fields={'eth_dst': '00:00:00:00:00:01'; 'in_port': 2}),280,68632,69
5,1,OFPMatch(oxm_fields={'eth_dst': '00:00:00:00:00:02'; 'in_port': 3}),230,69484,69
6,1,OFPMatch(oxm_fields={'eth_dst': '00:00:00:00:00:01'; 'in_port': 1}),336,29700,69
0,1,OFPMatch(oxm_fields={}),147,24019,69
1,1,OFPMatch(oxm_fields={'ip_proto': 17; 'udp_dst': 6789; 'eth_type': 2048}),0,0,69
2,1,OFPMatch(oxm_fields={'ip_proto': 17; 'udp_src': 2152; 'udp_dst': 2152; 'eth_type': 2048}),0,0,69
3,1,OFPMatch(oxm_fields={'eth_dst': '00:00:00:00:00:03'; 'in_port': 3}),337,37622,70
4,1,OFPMatch(oxm_fields={'eth_dst': '00:00:00:00:00:01'; 'in_port': 2}),305,74762,70
5,1,OFPMatch(oxm_fields={'eth_dst': '00:00:00:00:00:02'; 'in_port': 3}),250,75654,70
6,1,OFPMatch(oxm_fields={'eth_dst': '00:00:00:00:00:01'; 'in_port': 1}),366,32340,70
0,1,OFPMatch(oxm_fields={}),147,24019,70
1,1,OFPMatch(oxm_fields={'ip_proto': 17; 'udp_dst': 6789; 'eth_type': 2048}),0,0,70
2,1,OFPMatch(oxm_fields={'ip_proto': 17; 'udp_src': 2152; 'udp_dst': 2152; 'eth_type': 2048}),0,0,70
3,1,OFPMatch(oxm_fields={'eth_dst': '00:00:00:00:00:03'; 'in_port': 3}),362,40532,71
4,1,OFPMatch(oxm_fields={'eth_dst': '00:00:00:00:00:01'; 'in_port': 2}),331,80958,71
5,1,OFPMatch(oxm_fields={'eth_dst': '00:00:00:00:00:02'; 'in_port': 3}),270,81824,71
6,1,OFPMatch(oxm_fields={'eth_dst': '00:00:00:00:00:01'; 'in_port': 1}),396,34980,71
0,1,OFPMatch(oxm_fields={}),147,24019,71
1,1,OFPMatch(oxm_fields={'ip_proto': 17; 'udp_dst': 6789; 'eth_type': 2048}),0,0,71
2,1,OFPMatch(oxm_fields={'ip_proto': 17; 'udp_src': 2152; 'udp_dst': 2152; 'eth_type': 2048}),0,0,71
3,1,OFPMatch(oxm_fields={'eth_dst': '00:00:00:00:00:03'; 'in_port': 3}),392,43772,72
4,1,OFPMatch(oxm_fields={'eth_dst': '00:00:00:00:00:01'; 'in_port': 2}),356,87088,72
5,1,OFPMatch(oxm_fields={'eth_dst': '00:00:00:00:00:02'; 'in_port': 3}),290,87994,72
6,1,OFPMatch(oxm_fields={'eth_dst': '00:00:00:00:00:01'; 'in_port': 1}),426,37620,72
0,1,OFPMatch(oxm_fields={}),147,24019,72
1,1,OFPMatch(oxm_fields={'ip_proto': 17; 'udp_dst': 6789; 'eth_type': 2048}),0,0,72
2,1,OFPMatch(oxm_fields={'ip_proto': 17; 'udp_src': 2152; 'udp_dst': 2152; 'eth_type': 2048}),0,0,72
3,1,OFPMatch(oxm_fields={'eth_dst': '00:00:00:00:00:03'; 'in_port': 3}),419,46814,73
4,1,OFPMatch(oxm_fields={'eth_dst': '00:00:00:00:00:01'; 'in_port': 2}),381,93218,73
5,1,OFPMatch(oxm_fields={'eth_dst': '00:00:00:00:00:02'; 'in_port': 3}),311,94230,73
6,1,OFPMatch(oxm_fields={'eth_dst': '00:00:00:00:00:01'; 'in_port': 1}),455,40194,73
0,1,OFPMatch(oxm_fields={}),147,24019,73
1,1,OFPMatch(oxm_fields={'ip_proto': 17; 'udp_dst': 6789; 'eth_type': 2048}),0,0,73
2,1,OFPMatch(oxm_fields={'ip_proto': 17; 'udp_src': 2152; 'udp_dst': 2152; 'eth_type': 2048}),0,0,73
3,1,OFPMatch(oxm_fields={'eth_dst': '00:00:00:00:00:03'; 'in_port': 3}),444,49724,74
4,1,OFPMatch(oxm_fields={'eth_dst': '00:00:00:00:00:01'; 'in_port': 2}),405,99282,74
5,1,OFPMatch(oxm_fields={'eth_dst': '00:00:00:00:00:02'; 'in_port': 3}),331,100400,74
6,1,OFPMatch(oxm_fields={'eth_dst': '00:00:00:00:00:01'; 'in_port': 1}),485,42834,74
0,1,OFPMatch(oxm_fields={}),147,24019,74
1,1,OFPMatch(oxm_fields={'ip_proto': 17; 'udp_dst': 6789; 'eth_type': 2048}),0,0,74
2,1,OFPMatch(oxm_fields={'ip_proto': 17; 'udp_src': 2152; 'udp_dst': 2152; 'eth_type': 2048}),0,0,74
3,1,OFPMatch(oxm_fields={'eth_dst': '00:00:00:00:00:03'; 'in_port': 3}),471,52758,75
4,1,OFPMatch(oxm_fields={'eth_dst': '00:00:00:00:00:01'; 'in_port': 2}),430,105412,75
5,1,OFPMatch(oxm_fields={'eth_dst': '00:00:00:00:00:02'; 'in_port': 3}),351,106570,75
6,1,OFPMatch(oxm_fields={'eth_dst': '00:00:00:00:00:01'; 'in_port': 1}),515,45474,75
0,1,OFPMatch(oxm_fields={}),148,24361,75
1,1,OFPMatch(oxm_fields={'ip_proto': 17; 'udp_dst': 6789; 'eth_type': 2048}),0,0,75
2,1,OFPMatch(oxm_fields={'ip_proto': 17; 'udp_src': 2152; 'udp_dst': 2152; 'eth_type': 2048}),0,0,75
3,1,OFPMatch(oxm_fields={'eth_dst': '00:00:00:00:00:03'; 'in_port': 3}),499,55866,76
4,1,OFPMatch(oxm_fields={'eth_dst': '00:00:00:00:00:01'; 'in_port': 2}),455,111542,76
5,1,OFPMatch(oxm_fields={'eth_dst': '00:00:00:00:00:02'; 'in_port': 3}),372,112806,76
6,1,OFPMatch(oxm_fields={'eth_dst': '00:00:00:00:00:01'; 'in_port': 1}),544,48048,76
0,1,OFPMatch(oxm_fields={}),148,24361,76
1,1,OFPMatch(oxm_fields={'ip_proto': 17; 'udp_dst': 6789; 'eth_type': 2048}),0,0,76
2,1,OFPMatch(oxm_fields={'ip_proto': 17; 'udp_src': 2152; 'udp_dst': 2152; 'eth_type': 2048}),0,0,76
3,1,OFPMatch(oxm_fields={'eth_dst': '00:00:00:00:00:03'; 'in_port': 3}),528,59048,77
4,1,OFPMatch(oxm_fields={'eth_dst': '00:00:00:00:00:01'; 'in_port': 2}),480,117672,77
5,1,OFPMatch(oxm_fields={'eth_dst': '00:00:00:00:00:02'; 'in_port': 3}),392,118976,77
6,1,OFPMatch(oxm_fields={'eth_dst': '00:00:00:00:00:01'; 'in_port': 1}),574,50688,77
0,1,OFPMatch(oxm_fields={}),148,24361,77
1,1,OFPMatch(oxm_fields={'ip_proto': 17; 'udp_dst': 6789; 'eth_type': 2048}),0,0,77
2,1,OFPMatch(oxm_fields={'ip_proto': 17; 'udp_src': 2152; 'udp_dst': 2152; 'eth_type': 2048}),0,0,77
3,1,OFPMatch(oxm_fields={'eth_dst': '00:00:00:00:00:03'; 'in_port': 3}),549,61434,78
4,1,OFPMatch(oxm_fields={'eth_dst': '00:00:00:00:00:01'; 'in_port': 2}),501,122642,78
5,1,OFPMatch(oxm_fields={'eth_dst': '00:00:00:00:00:02'; 'in_port': 3}),406,123772,78
6,1,OFPMatch(oxm_fields={'eth_dst': '00:00:00:00:00:01'; 'in_port': 1}),595,52470,78
0,1,OFPMatch(oxm_fields={}),149,24703,78
1,1,OFPMatch(oxm_fields={'ip_proto': 17; 'udp_dst': 6789; 'eth_type': 2048}),0,0,78
2,1,OFPMatch(oxm_fields={'ip_proto': 17; 'udp_src': 2152; 'udp_dst': 2152; 'eth_type': 2048}),0,0,78
3,1,OFPMatch(oxm_fields={'eth_dst': '00:00:00:00:00:03'; 'in_port': 3}),549,61434,79
4,1,OFPMatch(oxm_fields={'eth_dst': '00:00:00:00:00:01'; 'in_port': 2}),501,122642,79
5,1,OFPMatch(oxm_fields={'eth_dst': '00:00:00:00:00:02'; 'in_port': 3}),406,123772,79
6,1,OFPMatch(oxm_fields={'eth_dst': '00:00:00:00:00:01'; 'in_port': 1}),595,52470,79
0,1,OFPMatch(oxm_fields={}),149,24703,79
1,1,OFPMatch(oxm_fields={'ip_proto': 17; 'udp_dst': 6789; 'eth_type': 2048}),0,0,79
2,1,OFPMatch(oxm_fields={'ip_proto': 17; 'udp_src': 2152; 'udp_dst': 2152; 'eth_type': 2048}),0,0,79
3,1,OFPMatch(oxm_fields={'eth_dst': '00:00:00:00:00:03'; 'in_port': 3}),549,61434,80
4,1,OFPMatch(oxm_fields={'eth_dst': '00:00:00:00:00:01'; 'in_port': 2}),501,122642,80
5,1,OFPMatch(oxm_fields={'eth_dst': '00:00:00:00:00:02'; 'in_port': 3}),406,123772,80
6,1,OFPMatch(oxm_fields={'eth_dst': '00:00:00:00:00:01'; 'in_port': 1}),595,52470,80
0,1,OFPMatch(oxm_fields={}),149,24703,80
1,1,OFPMatch(oxm_fields={'ip_proto': 17; 'udp_dst': 6789; 'eth_type': 2048}),0,0,80
2,1,OFPMatch(oxm_fields={'ip_proto': 17; 'udp_src': 2152; 'udp_dst': 2152; 'eth_type': 2048}),0,0,80
3,1,OFPMatch(oxm_fields={'eth_dst': '00:00:00:00:00:03'; 'in_port': 3}),549,61434,81
4,1,OFPMatch(oxm_fields={'eth_dst': '00:00:00:00:00:01'; 'in_port': 2}),501,122642,81
5,1,OFPMatch(oxm_fields={'eth_dst': '00:00:00:00:00:02'; 'in_port': 3}),406,123772,81
6,1,OFPMatch(oxm_fields={'eth_dst': '00:00:00:00:00:01'; 'in_port': 1}),595,52470,81
0,1,OFPMatch(oxm_fields={}),149,24703,81
1,1,OFPMatch(oxm_fields={'ip_proto': 17; 'udp_dst': 6789; 'eth_type': 2048}),0,0,81
2,1,OFPMatch(oxm_fields={'ip_proto': 17; 'udp_src': 2152; 'udp_dst': 2152; 'eth_type': 2048}),0,0,81
3,1,OFPMatch(oxm_fields={'eth_dst': '00:00:00:00:00:03'; 'in_port': 3}),549,61434,82
4,1,OFPMatch(oxm_fields={'eth_dst': '00:00:00:00:00:01'; 'in_port': 2}),501,122642,82
5,1,OFPMatch(oxm_fields={'eth_dst': '00:00:00:00:00:02'; 'in_port': 3}),406,123772,82
6,1,OFPMatch(oxm_fields={'eth_dst': '00:00:00:00:00:01'; 'in_port': 1}),595,52470,82
0,1,OFPMatch(oxm_fields={}),149,24703,82
1,1,OFPMatch(oxm_fields={'ip_proto': 17; 'udp_dst': 6789; 'eth_type': 2048}),0,0,82
2,1,OFPMatch(oxm_fields={'ip_proto': 17; 'udp_src': 2152; 'udp_dst': 2152; 'eth_type': 2048}),0,0,82
3,1,OFPMatch(oxm_fields={'eth_dst': '00:00:00:00:00:03'; 'in_port': 3}),549,61434,83
4,1,OFPMatch(oxm_fields={'eth_dst': '00:00:00:00:00:01'; 'in_port': 2}),501,122642,83
5,1,OFPMatch(oxm_fields={'eth_dst': '00:00:00:00:00:02'; 'in_port': 3}),406,123772,83
6,1,OFPMatch(oxm_fields={'eth_dst': '00:00:00:00:00:01'; 'in_port': 1}),595,52470,83
0,1,OFPMatch(oxm_fields={}),151,24917,83
1,1,OFPMatch(oxm_fields={'ip_proto': 17; 'udp_dst': 6789; 'eth_type': 2048}),0,0,83
2,1,OFPMatch(oxm_fields={'ip_proto': 17; 'udp_src': 2152; 'udp_dst': 2152; 'eth_type': 2048}),0,0,83
3,1,OFPMatch(oxm_fields={'eth_dst': '00:00:00:00:00:03'; 'in_port': 3}),549,61434,84
4,1,OFPMatch(oxm_fields={'eth_dst': '00:00:00:00:00:01'; 'in_port': 2}),501,122642,84
5,1,OFPMatch(oxm_fields={'eth_dst': '00:00:00:00:00:02'; 'in_port': 3}),406,123772,84
6,1,OFPMatch(oxm_fields={'eth_dst': '00:00:00:00:00:01'; 'in_port': 1}),595,52470,84
0,1,OFPMatch(oxm_fields={}),151,24917,84
1,1,OFPMatch(oxm_fields={'ip_proto': 17; 'udp_dst': 6789; 'eth_type': 2048}),0,0,84
2,1,OFPMatch(oxm_fields={'ip_proto': 17; 'udp_src': 2152; 'udp_dst': 2152; 'eth_type': 2048}),0,0,84
3,1,OFPMatch(oxm_fields={'eth_dst': '00:00:00:00:00:03'; 'in_port': 3}),549,61434,85
4,1,OFPMatch(oxm_fields={'eth_dst': '00:00:00:00:00:01'; 'in_port': 2}),501,122642,85
5,1,OFPMatch(oxm_fields={'eth_dst': '00:00:00:00:00:02'; 'in_port': 3}),406,123772,85
6,1,OFPMatch(oxm_fields={'eth_dst': '00:00:00:00:00:01'; 'in_port': 1}),595,52470,85
0,1,OFPMatch(oxm_fields={}),152,25259,85
1,1,OFPMatch(oxm_fields={'ip_proto': 17; 'udp_dst': 6789; 'eth_type': 2048}),0,0,85
2,1,OFPMatch(oxm_fields={'ip_proto': 17; 'udp_src': 2152; 'udp_dst': 2152; 'eth_type': 2048}),0,0,85
3,1,OFPMatch(oxm_fields={'eth_dst': '00:00:00:00:00:03'; 'in_port': 3}),549,61434,86
4,1,OFPMatch(oxm_fields={'eth_dst': '00:00:00:00:00:01'; 'in_port': 2}),501,122642,86
5,1,OFPMatch(oxm_fields={'eth_dst': '00:00:00:00:00:02'; 'in_port': 3}),406,123772,86
6,1,OFPMatch(oxm_fields={'eth_dst': '00:00:00:00:00:01'; 'in_port': 1}),595,52470,86
0,1,OFPMatch(oxm_fields={}),152,25259,86
1,1,OFPMatch(oxm_fields={'ip_proto': 17; 'udp_dst': 6789; 'eth_type': 2048}),0,0,86
2,1,OFPMatch(oxm_fields={'ip_proto': 17; 'udp_src': 2152; 'udp_dst': 2152; 'eth_type': 2048}),0,0,86
3,1,OFPMatch(oxm_fields={'eth_dst': '00:00:00:00:00:03'; 'in_port': 3}),549,61434,87
4,1,OFPMatch(oxm_fields={'eth_dst': '00:00:00:00:00:01'; 'in_port': 2}),501,122642,87
5,1,OFPMatch(oxm_fields={'eth_dst': '00:00:00:00:00:02'; 'in_port': 3}),406,123772,87
6,1,OFPMatch(oxm_fields={'eth_dst': '00:00:00:00:00:01'; 'in_port': 1}),595,52470,87
0,1,OFPMatch(oxm_fields={}),152,25259,87
1,1,OFPMatch(oxm_fields={'ip_proto': 17; 'udp_dst': 6789; 'eth_type': 2048}),0,0,87
2,1,OFPMatch(oxm_fields={'ip_proto': 17; 'udp_src': 2152; 'udp_dst': 2152; 'eth_type': 2048}),0,0,87
3,1,OFPMatch(oxm_fields={'eth_dst': '00:00:00:00:00:03'; 'in_port': 3}),549,61434,88
4,1,OFPMatch(oxm_fields={'eth_dst': '00:00:00:00:00:01'; 'in_port': 2}),501,122642,88
5,1,OFPMatch(oxm_fields={'eth_dst': '00:00:00:00:00:02'; 'in_port': 3}),406,123772,88
6,1,OFPMatch(oxm_fields={'eth_dst': '00:00:00:00:00:01'; 'in_port': 1}),595,52470,88
0,1,OFPMatch(oxm_fields={}),152,25259,88
1,1,OFPMatch(oxm_fields={'ip_proto': 17; 'udp_dst': 6789; 'eth_type': 2048}),0,0,88
2,1,OFPMatch(oxm_fields={'ip_proto': 17; 'udp_src': 2152; 'udp_dst': 2152; 'eth_type': 2048}),0,0,88
3,1,OFPMatch(oxm_fields={'eth_dst': '00:00:00:00:00:03'; 'in_port': 3}),549,61434,89
4,1,OFPMatch(oxm_fields={'eth_dst': '00:00:00:00:00:01'; 'in_port': 2}),501,122642,89
5,1,OFPMatch(oxm_fields={'eth_dst': '00:00:00:00:00:02'; 'in_port': 3}),406,123772,89
6,1,OFPMatch(oxm_fields={'eth_dst': '00:00:00:00:00:01'; 'in_port': 1}),595,52470,89
0,1,OFPMatch(oxm_fields={}),152,25259,89
1,1,OFPMatch(oxm_fields={'ip_proto': 17; 'udp_dst': 6789; 'eth_type': 2048}),0,0,89
2,1,OFPMatch(oxm_fields={'ip_proto': 17; 'udp_src': 2152; 'udp_dst': 2152; 'eth_type': 2048}),0,0,89
3,1,OFPMatch(oxm_fields={'eth_dst': '00:00:00:00:00:03'; 'in_port': 3}),549,61434,90
4,1,OFPMatch(oxm_fields={'eth_dst': '00:00:00:00:00:01'; 'in_port': 2}),501,122642,90
5,1,OFPMatch(oxm_fields={'eth_dst': '00:00:00:00:00:02'; 'in_port': 3}),406,123772,90
6,1,OFPMatch(oxm_fields={'eth_dst': '00:00:00:00:00:01'; 'in_port': 1}),595,52470,90
0,1,OFPMatch(oxm_fields={}),152,25259,90
1,1,OFPMatch(oxm_fields={'ip_proto': 17; 'udp_dst': 6789; 'eth_type': 2048}),0,0,90
2,1,OFPMatch(oxm_fields={'ip_proto': 17; 'udp_src': 2152; 'udp_dst': 2152; 'eth_type': 2048}),0,0,90
3,1,OFPMatch(oxm_fields={'eth_dst': '00:00:00:00:00:03'; 'in_port': 3}),549,61434,91
4,1,OFPMatch(oxm_fields={'eth_dst': '00:00:00:00:00:01'; 'in_port': 2}),501,122642,91
5,1,OFPMatch(oxm_fields={'eth_dst': '00:00:00:00:00:02'; 'in_port': 3}),406,123772,91
6,1,OFPMatch(oxm_fields={'eth_dst': '00:00:00:00:00:01'; 'in_port': 1}),595,52470,91
0,1,OFPMatch(oxm_fields={}),153,25601,91
1,1,OFPMatch(oxm_fields={'ip_proto': 17; 'udp_dst': 6789; 'eth_type': 2048}),0,0,91
2,1,OFPMatch(oxm_fields={'ip_proto': 17; 'udp_src': 2152; 'udp_dst': 2152; 'eth_type': 2048}),0,0,91
3,1,OFPMatch(oxm_fields={'eth_dst': '00:00:00:00:00:03'; 'in_port': 3}),549,61434,92
4,1,OFPMatch(oxm_fields={'eth_dst': '00:00:00:00:00:01'; 'in_port': 2}),501,122642,92
5,1,OFPMatch(oxm_fields={'eth_dst': '00:00:00:00:00:02'; 'in_port': 3}),406,123772,92
6,1,OFPMatch(oxm_fields={'eth_dst': '00:00:00:00:00:01'; 'in_port': 1}),595,52470,92
0,1,OFPMatch(oxm_fields={}),153,25601,92
1,1,OFPMatch(oxm_fields={'ip_proto': 17; 'udp_dst': 6789; 'eth_type': 2048}),0,0,92
2,1,OFPMatch(oxm_fields={'ip_proto': 17; 'udp_src': 2152; 'udp_dst': 2152; 'eth_type': 2048}),0,0,92
3,1,OFPMatch(oxm_fields={'eth_dst': '00:00:00:00:00:03'; 'in_port': 3}),549,61434,93
4,1,OFPMatch(oxm_fields={'eth_dst': '00:00:00:00:00:01'; 'in_port': 2}),501,122642,93
5,1,OFPMatch(oxm_fields={'eth_dst': '00:00:00:00:00:02'; 'in_port': 3}),406,123772,93
6,1,OFPMatch(oxm_fields={'eth_dst': '00:00:00:00:00:01'; 'in_port': 1}),595,52470,93
0,1,OFPMatch(oxm_fields={}),153,25601,93
1,1,OFPMatch(oxm_fields={'ip_proto': 17; 'udp_dst': 6789; 'eth_type': 2048}),0,0,93
2,1,OFPMatch(oxm_fields={'ip_proto': 17; 'udp_src': 2152; 'udp_dst': 2152; 'eth_type': 2048}),0,0,93
3,1,OFPMatch(oxm_fields={'eth_dst': '00:00:00:00:00:03'; 'in_port': 3}),549,61434,94
4,1,OFPMatch(oxm_fields={'eth_dst': '00:00:00:00:00:01'; 'in_port': 2}),501,122642,94
5,1,OFPMatch(oxm_fields={'eth_dst': '00:00:00:00:00:02'; 'in_port': 3}),406,123772,94
6,1,OFPMatch(oxm_fields={'eth_dst': '00:00:00:00:00:01'; 'in_port': 1}),595,52470,94
0,1,OFPMatch(oxm_fields={}),153,25601,94
1,1,OFPMatch(oxm_fields={'ip_proto': 17; 'udp_dst': 6789; 'eth_type': 2048}),0,0,94
2,1,OFPMatch(oxm_fields={'ip_proto': 17; 'udp_src': 2152; 'udp_dst': 2152; 'eth_type': 2048}),0,0,94
3,1,OFPMatch(oxm_fields={'eth_dst': '00:00:00:00:00:03'; 'in_port': 3}),549,61434,95
4,1,OFPMatch(oxm_fields={'eth_dst': '00:00:00:00:00:01'; 'in_port': 2}),501,122642,95
5,1,OFPMatch(oxm_fields={'eth_dst': '00:00:00:00:00:02'; 'in_port': 3}),406,123772,95
6,1,OFPMatch(oxm_fields={'eth_dst': '00:00:00:00:00:01'; 'in_port': 1}),595,52470,95
0,1,OFPMatch(oxm_fields={}),154,25943,95
1,1,OFPMatch(oxm_fields={'ip_proto': 17; 'udp_dst': 6789; 'eth_type': 2048}),0,0,95
2,1,OFPMatch(oxm_fields={'ip_proto': 17; 'udp_src': 2152; 'udp_dst': 2152; 'eth_type': 2048}),0,0,95
3,1,OFPMatch(oxm_fields={'eth_dst': '00:00:00:00:00:03'; 'in_port': 3}),549,61434,96
4,1,OFPMatch(oxm_fields={'eth_dst': '00:00:00:00:00:01'; 'in_port': 2}),501,122642,96
5,1,OFPMatch(oxm_fields={'eth_dst': '00:00:00:00:00:02'; 'in_port': 3}),406,123772,96
6,1,OFPMatch(oxm_fields={'eth_dst': '00:00:00:00:00:01'; 'in_port': 1}),595,52470,96
0,1,OFPMatch(oxm_fields={}),154,25943,96
1,1,OFPMatch(oxm_fields={'ip_proto': 17; 'udp_dst': 6789; 'eth_type': 2048}),0,0,96
2,1,OFPMatch(oxm_fields={'ip_proto': 17; 'udp_src': 2152; 'udp_dst': 2152; 'eth_type': 2048}),0,0,96
3,1,OFPMatch(oxm_fields={'eth_dst': '00:00:00:00:00:03'; 'in_port': 3}),549,61434,97
4,1,OFPMatch(oxm_fields={'eth_dst': '00:00:00:00:00:01'; 'in_port': 2}),501,122642,97
5,1,OFPMatch(oxm_fields={'eth_dst': '00:00:00:00:00:02'; 'in_port': 3}),406,123772,97
6,1,OFPMatch(oxm_fields={'eth_dst': '00:00:00:00:00:01'; 'in_port': 1}),595,52470,97
0,1,OFPMatch(oxm_fields={}),154,25943,97
1,1,OFPMatch(oxm_fields={'ip_proto': 17; 'udp_dst': 6789; 'eth_type': 2048}),0,0,97
2,1,OFPMatch(oxm_fields={'ip_proto': 17; 'udp_src': 2152; 'udp_dst': 2152; 'eth_type': 2048}),0,0,97
3,1,OFPMatch(oxm_fields={'eth_dst': '00:00:00:00:00:03'; 'in_port': 3}),549,61434,98
4,1,OFPMatch(oxm_fields={'eth_dst': '00:00:00:00:00:01'; 'in_port': 2}),501,122642,98
5,1,OFPMatch(oxm_fields={'eth_dst': '00:00:00:00:00:02'; 'in_port': 3}),406,123772,98
6,1,OFPMatch(oxm_fields={'eth_dst': '00:00:00:00:00:01'; 'in_port': 1}),595,52470,98
0,1,OFPMatch(oxm_fields={}),154,25943,98
1,1,OFPMatch(oxm_fields={'ip_proto': 17; 'udp_dst': 6789; 'eth_type': 2048}),0,0,98
2,1,OFPMatch(oxm_fields={'ip_proto': 17; 'udp_src': 2152; 'udp_dst': 2152; 'eth_type': 2048}),0,0,98
3,1,OFPMatch(oxm_fields={'eth_dst': '00:00:00:00:00:03'; 'in_port': 3}),549,61434,99
4,1,OFPMatch(oxm_fields={'eth_dst': '00:00:00:00:00:01'; 'in_port': 2}),501,122642,99
5,1,OFPMatch(oxm_fields={'eth_dst': '00:00:00:00:00:02'; 'in_port': 3}),406,123772,99
6,1,OFPMatch(oxm_fields={'eth_dst': '00:00:00:00:00:01'; 'in_port': 1}),595,52470,99
0,1,OFPMatch(oxm_fields={}),156,26163,99
1,1,OFPMatch(oxm_fields={'ip_proto': 17; 'udp_dst': 6789; 'eth_type': 2048}),0,0,99
2,1,OFPMatch(oxm_fields={'ip_proto': 17; 'udp_src': 2152; 'udp_dst': 2152; 'eth_type': 2048}),0,0,99
3,1,OFPMatch(oxm_fields={'eth_dst': '00:00:00:00:00:03'; 'in_por